ISO-10303-21;
HEADER;
/* Generated by software containing ST-Developer
 * from STEP Tools, Inc. (www.steptools.com) 
 */
/* OPTION: using custom renumber hook */

FILE_DESCRIPTION(
/* description */ ('STEP AP214'),
/* implementation_level */ '2;1');

FILE_NAME(
/* name */ 'T1M-07-GF-S-RA-TR',
/* time_stamp */ '2025-08-30T16:31:14+02:00',
/* author */ ('License CC BY-ND 4.0'),
/* organization */ ('CADENAS'),
/* preprocessor_version */ 'ST-DEVELOPER v19.3',
/* originating_system */ 'PARTsolutions',
/* authorisation */ '  ');

FILE_SCHEMA (('AUTOMOTIVE_DESIGN {1 0 10303 214 3 1 1}'));
ENDSEC;

DATA;
#10=PROPERTY_DEFINITION_REPRESENTATION(#14,#12);
#11=PROPERTY_DEFINITION_REPRESENTATION(#15,#13);
#12=REPRESENTATION('',(#16),#22727);
#13=REPRESENTATION('',(#17),#22727);
#14=PROPERTY_DEFINITION('pmi validation property','',#22740);
#15=PROPERTY_DEFINITION('pmi validation property','',#22740);
#16=VALUE_REPRESENTATION_ITEM('number of annotations',COUNT_MEASURE(0.));
#17=VALUE_REPRESENTATION_ITEM('number of views',COUNT_MEASURE(0.));
#18=CONTEXT_DEPENDENT_SHAPE_REPRESENTATION(#28,#22742);
#19=CONTEXT_DEPENDENT_SHAPE_REPRESENTATION(#29,#22744);
#20=CONTEXT_DEPENDENT_SHAPE_REPRESENTATION(#30,#22746);
#21=CONTEXT_DEPENDENT_SHAPE_REPRESENTATION(#31,#22748);
#22=CONTEXT_DEPENDENT_SHAPE_REPRESENTATION(#32,#22749);
#23=NEXT_ASSEMBLY_USAGE_OCCURRENCE('NAUO1','T1T1M-07-T-S-RA-TR',
'T1T1M-07-T-S-RA-TR',#22750,#22751,'');
#24=NEXT_ASSEMBLY_USAGE_OCCURRENCE('NAUO2','P2T1M-07-GF-S-RA-TR',
'P2T1M-07-GF-S-RA-TR',#22750,#22752,'');
#25=NEXT_ASSEMBLY_USAGE_OCCURRENCE('NAUO3','P22T1M-07-GF-S-RA-TR',
'P22T1M-07-GF-S-RA-TR',#22750,#22753,'');
#26=NEXT_ASSEMBLY_USAGE_OCCURRENCE('NAUO4','WT-68-01-X_wt',
'WT-68-01-X_wt',#22750,#22754,'');
#27=NEXT_ASSEMBLY_USAGE_OCCURRENCE('NAUO5','WT-68-01-X_wt',
'WT-68-01-X_wt',#22750,#22754,'');
#28=(
REPRESENTATION_RELATIONSHIP(' ',' ',#14138,#14137)
REPRESENTATION_RELATIONSHIP_WITH_TRANSFORMATION(#33)
SHAPE_REPRESENTATION_RELATIONSHIP()
);
#29=(
REPRESENTATION_RELATIONSHIP(' ',' ',#14139,#14137)
REPRESENTATION_RELATIONSHIP_WITH_TRANSFORMATION(#34)
SHAPE_REPRESENTATION_RELATIONSHIP()
);
#30=(
REPRESENTATION_RELATIONSHIP(' ',' ',#14140,#14137)
REPRESENTATION_RELATIONSHIP_WITH_TRANSFORMATION(#35)
SHAPE_REPRESENTATION_RELATIONSHIP()
);
#31=(
REPRESENTATION_RELATIONSHIP(' ',' ',#14141,#14137)
REPRESENTATION_RELATIONSHIP_WITH_TRANSFORMATION(#36)
SHAPE_REPRESENTATION_RELATIONSHIP()
);
#32=(
REPRESENTATION_RELATIONSHIP(' ',' ',#14141,#14137)
REPRESENTATION_RELATIONSHIP_WITH_TRANSFORMATION(#37)
SHAPE_REPRESENTATION_RELATIONSHIP()
);
#33=ITEM_DEFINED_TRANSFORMATION(' ',' ',#14142,#14412);
#34=ITEM_DEFINED_TRANSFORMATION(' ',' ',#14142,#14642);
#35=ITEM_DEFINED_TRANSFORMATION(' ',' ',#14142,#14984);
#36=ITEM_DEFINED_TRANSFORMATION(' ',' ',#14142,#15035);
#37=ITEM_DEFINED_TRANSFORMATION(' ',' ',#14142,#15036);
#38=SHAPE_REPRESENTATION_RELATIONSHIP('','',#14138,#42);
#39=SHAPE_REPRESENTATION_RELATIONSHIP('','',#14139,#43);
#40=SHAPE_REPRESENTATION_RELATIONSHIP('','',#14140,#44);
#41=SHAPE_REPRESENTATION_RELATIONSHIP('','',#14141,#45);
#42=ADVANCED_BREP_SHAPE_REPRESENTATION('',(#14128),#22728);
#43=ADVANCED_BREP_SHAPE_REPRESENTATION('',(#14129),#22729);
#44=ADVANCED_BREP_SHAPE_REPRESENTATION('',(#14130),#22730);
#45=ADVANCED_BREP_SHAPE_REPRESENTATION('',(#14131),#22731);
#46=CIRCLE('',#14147,0.199999999999995);
#47=CIRCLE('',#14148,0.199999999999995);
#48=CIRCLE('',#14406,0.199999999999995);
#49=CIRCLE('',#14407,0.199999999999995);
#50=CIRCLE('',#14426,0.0500000000000003);
#51=CIRCLE('',#14427,0.0500000000000001);
#52=CIRCLE('',#14428,0.0500000000000003);
#53=CIRCLE('',#14429,0.0500000000000001);
#54=CIRCLE('',#14430,0.15);
#55=CIRCLE('',#14434,0.15);
#56=CIRCLE('',#14435,0.0500000000000001);
#57=CIRCLE('',#14436,0.0500000000000003);
#58=CIRCLE('',#14437,0.0500000000000001);
#59=CIRCLE('',#14438,0.0500000000000003);
#60=CIRCLE('',#14440,0.0500000000000003);
#61=CIRCLE('',#14441,0.0500000000000001);
#62=CIRCLE('',#14442,0.15);
#63=CIRCLE('',#14444,0.15);
#64=CIRCLE('',#14445,0.0500000000000001);
#65=CIRCLE('',#14446,0.0500000000000003);
#66=CIRCLE('',#14449,0.0500000000000003);
#67=CIRCLE('',#14450,0.0500000000000001);
#68=CIRCLE('',#14451,0.15);
#69=CIRCLE('',#14453,0.15);
#70=CIRCLE('',#14454,0.0500000000000001);
#71=CIRCLE('',#14455,0.0500000000000003);
#72=CIRCLE('',#14458,0.0500000000000003);
#73=CIRCLE('',#14459,0.0500000000000001);
#74=CIRCLE('',#14460,0.15);
#75=CIRCLE('',#14462,0.15);
#76=CIRCLE('',#14463,0.0500000000000001);
#77=CIRCLE('',#14464,0.0500000000000003);
#78=CIRCLE('',#14467,0.0500000000000003);
#79=CIRCLE('',#14468,0.0500000000000001);
#80=CIRCLE('',#14469,0.15);
#81=CIRCLE('',#14471,0.15);
#82=CIRCLE('',#14472,0.0500000000000001);
#83=CIRCLE('',#14473,0.0500000000000003);
#84=CIRCLE('',#14476,0.0500000000000003);
#85=CIRCLE('',#14477,0.0500000000000001);
#86=CIRCLE('',#14478,0.15);
#87=CIRCLE('',#14480,0.15);
#88=CIRCLE('',#14481,0.0500000000000001);
#89=CIRCLE('',#14482,0.0500000000000003);
#90=CIRCLE('',#14485,0.0500000000000003);
#91=CIRCLE('',#14486,0.0500000000000001);
#92=CIRCLE('',#14487,0.15);
#93=CIRCLE('',#14489,0.15);
#94=CIRCLE('',#14490,0.0500000000000001);
#95=CIRCLE('',#14491,0.0500000000000003);
#96=CIRCLE('',#14494,0.0500000000000003);
#97=CIRCLE('',#14495,0.0500000000000001);
#98=CIRCLE('',#14498,0.0500000000000001);
#99=CIRCLE('',#14499,0.0500000000000003);
#100=CIRCLE('',#14501,0.0500000000000003);
#101=CIRCLE('',#14502,0.0500000000000001);
#102=CIRCLE('',#14505,0.0500000000000001);
#103=CIRCLE('',#14506,0.0500000000000003);
#104=CIRCLE('',#14508,0.0500000000000003);
#105=CIRCLE('',#14509,0.0500000000000001);
#106=CIRCLE('',#14512,0.0500000000000001);
#107=CIRCLE('',#14513,0.0500000000000003);
#108=CIRCLE('',#14515,0.0500000000000003);
#109=CIRCLE('',#14516,0.0500000000000001);
#110=CIRCLE('',#14519,0.0500000000000001);
#111=CIRCLE('',#14520,0.0500000000000003);
#112=CIRCLE('',#14522,0.0500000000000003);
#113=CIRCLE('',#14523,0.0500000000000001);
#114=CIRCLE('',#14526,0.0500000000000001);
#115=CIRCLE('',#14527,0.0500000000000003);
#116=CIRCLE('',#14529,0.0500000000000001);
#117=CIRCLE('',#14530,0.0500000000000003);
#118=CIRCLE('',#14533,0.0500000000000003);
#119=CIRCLE('',#14534,0.0500000000000001);
#120=CIRCLE('',#14656,0.1);
#121=CIRCLE('',#14657,0.05);
#122=CIRCLE('',#14658,0.0499999999999999);
#123=CIRCLE('',#14659,0.0499999999999999);
#124=CIRCLE('',#14660,0.0499999999999999);
#125=CIRCLE('',#14661,0.0499999999999998);
#126=CIRCLE('',#14662,0.05);
#127=CIRCLE('',#14663,0.112236);
#128=CIRCLE('',#14664,0.112236);
#129=CIRCLE('',#14668,0.112236);
#130=CIRCLE('',#14669,0.112236);
#131=CIRCLE('',#14670,0.05);
#132=CIRCLE('',#14671,0.0499999999999998);
#133=CIRCLE('',#14672,0.0499999999999999);
#134=CIRCLE('',#14673,0.0499999999999999);
#135=CIRCLE('',#14674,0.0499999999999999);
#136=CIRCLE('',#14675,0.05);
#137=CIRCLE('',#14676,0.1);
#138=CIRCLE('',#14678,0.1);
#139=CIRCLE('',#14679,0.05);
#140=CIRCLE('',#14680,0.0499999999999999);
#141=CIRCLE('',#14681,0.0499999999999999);
#142=CIRCLE('',#14683,0.0499999999999999);
#143=CIRCLE('',#14684,0.0499999999999999);
#144=CIRCLE('',#14685,0.05);
#145=CIRCLE('',#14686,0.1);
#146=CIRCLE('',#14689,0.1);
#147=CIRCLE('',#14690,0.05);
#148=CIRCLE('',#14691,0.0499999999999999);
#149=CIRCLE('',#14692,0.0499999999999999);
#150=CIRCLE('',#14694,0.0499999999999999);
#151=CIRCLE('',#14695,0.0499999999999999);
#152=CIRCLE('',#14696,0.05);
#153=CIRCLE('',#14697,0.1);
#154=CIRCLE('',#14700,0.1);
#155=CIRCLE('',#14701,0.05);
#156=CIRCLE('',#14702,0.0499999999999999);
#157=CIRCLE('',#14703,0.0499999999999999);
#158=CIRCLE('',#14705,0.0499999999999999);
#159=CIRCLE('',#14706,0.0499999999999999);
#160=CIRCLE('',#14707,0.05);
#161=CIRCLE('',#14708,0.1);
#162=CIRCLE('',#14711,0.1);
#163=CIRCLE('',#14712,0.05);
#164=CIRCLE('',#14713,0.0499999999999999);
#165=CIRCLE('',#14714,0.0499999999999999);
#166=CIRCLE('',#14716,0.0499999999999999);
#167=CIRCLE('',#14717,0.0499999999999999);
#168=CIRCLE('',#14718,0.05);
#169=CIRCLE('',#14719,0.1);
#170=CIRCLE('',#14722,0.1);
#171=CIRCLE('',#14723,0.05);
#172=CIRCLE('',#14724,0.0499999999999999);
#173=CIRCLE('',#14725,0.0499999999999999);
#174=CIRCLE('',#14727,0.0499999999999999);
#175=CIRCLE('',#14728,0.0499999999999999);
#176=CIRCLE('',#14729,0.05);
#177=CIRCLE('',#14730,0.1);
#178=CIRCLE('',#14733,0.1);
#179=CIRCLE('',#14734,0.05);
#180=CIRCLE('',#14735,0.0499999999999999);
#181=CIRCLE('',#14736,0.0499999999999999);
#182=CIRCLE('',#14738,0.0499999999999999);
#183=CIRCLE('',#14739,0.0499999999999999);
#184=CIRCLE('',#14740,0.05);
#185=CIRCLE('',#14741,0.1);
#186=CIRCLE('',#14744,0.0499999999999999);
#187=CIRCLE('',#14745,0.0499999999999998);
#188=CIRCLE('',#14746,0.05);
#189=CIRCLE('',#14747,0.112236);
#190=CIRCLE('',#14748,0.112236);
#191=CIRCLE('',#14751,0.112236);
#192=CIRCLE('',#14752,0.112236);
#193=CIRCLE('',#14753,0.05);
#194=CIRCLE('',#14754,0.0499999999999998);
#195=CIRCLE('',#14755,0.0499999999999999);
#196=CIRCLE('',#14757,0.0499999999999999);
#197=CIRCLE('',#14758,0.0499999999999998);
#198=CIRCLE('',#14759,0.05);
#199=CIRCLE('',#14760,0.112236);
#200=CIRCLE('',#14761,0.112236);
#201=CIRCLE('',#14764,0.112236);
#202=CIRCLE('',#14765,0.112236);
#203=CIRCLE('',#14766,0.05);
#204=CIRCLE('',#14767,0.0499999999999998);
#205=CIRCLE('',#14768,0.0499999999999999);
#206=CIRCLE('',#14770,0.0499999999999999);
#207=CIRCLE('',#14771,0.0499999999999998);
#208=CIRCLE('',#14772,0.05);
#209=CIRCLE('',#14773,0.112236);
#210=CIRCLE('',#14774,0.112236);
#211=CIRCLE('',#14777,0.112236);
#212=CIRCLE('',#14778,0.112236);
#213=CIRCLE('',#14779,0.05);
#214=CIRCLE('',#14780,0.0499999999999998);
#215=CIRCLE('',#14781,0.0499999999999999);
#216=CIRCLE('',#14783,0.0499999999999999);
#217=CIRCLE('',#14784,0.0499999999999998);
#218=CIRCLE('',#14785,0.05);
#219=CIRCLE('',#14786,0.112236);
#220=CIRCLE('',#14787,0.112236);
#221=CIRCLE('',#14790,0.112236);
#222=CIRCLE('',#14791,0.112236);
#223=CIRCLE('',#14792,0.05);
#224=CIRCLE('',#14793,0.0499999999999998);
#225=CIRCLE('',#14794,0.0499999999999999);
#226=CIRCLE('',#14796,0.0499999999999999);
#227=CIRCLE('',#14797,0.0499999999999998);
#228=CIRCLE('',#14798,0.05);
#229=CIRCLE('',#14799,0.112236);
#230=CIRCLE('',#14800,0.112236);
#231=CIRCLE('',#14803,0.112236);
#232=CIRCLE('',#14804,0.112236);
#233=CIRCLE('',#14805,0.05);
#234=CIRCLE('',#14806,0.0499999999999998);
#235=CIRCLE('',#14807,0.0499999999999999);
#236=CIRCLE('',#14809,0.112236);
#237=CIRCLE('',#14810,0.112236);
#238=CIRCLE('',#14811,0.05);
#239=CIRCLE('',#14812,0.0499999999999998);
#240=CIRCLE('',#14813,0.0499999999999999);
#241=CIRCLE('',#14816,0.0499999999999999);
#242=CIRCLE('',#14817,0.0499999999999998);
#243=CIRCLE('',#14818,0.05);
#244=CIRCLE('',#14819,0.112236);
#245=CIRCLE('',#14820,0.112236);
#246=CIRCLE('',#14990,0.0500000000000001);
#247=CIRCLE('',#14991,0.0500000000000001);
#248=CIRCLE('',#14994,0.0499999999999981);
#249=CIRCLE('',#14995,0.0499999999999981);
#250=CIRCLE('',#14998,0.05);
#251=CIRCLE('',#14999,0.05);
#252=CIRCLE('',#15004,0.05);
#253=CIRCLE('',#15005,0.05);
#254=CIRCLE('',#15008,0.0499999999999999);
#255=CIRCLE('',#15009,0.0499999999999999);
#256=CIRCLE('',#15012,0.0499999999999968);
#257=CIRCLE('',#15013,0.0499999999999968);
#258=CIRCLE('',#15016,0.0499999999999999);
#259=CIRCLE('',#15017,0.0499999999999999);
#260=CIRCLE('',#15025,0.05);
#261=CIRCLE('',#15026,0.05);
#262=CIRCLE('',#15029,0.05);
#263=CIRCLE('',#15030,0.05);
#264=CYLINDRICAL_SURFACE('',#14146,0.199999999999995);
#265=CYLINDRICAL_SURFACE('',#14405,0.199999999999995);
#266=CYLINDRICAL_SURFACE('',#14535,0.15);
#267=CYLINDRICAL_SURFACE('',#14536,0.15);
#268=CYLINDRICAL_SURFACE('',#14537,0.15);
#269=CYLINDRICAL_SURFACE('',#14538,0.15);
#270=CYLINDRICAL_SURFACE('',#14539,0.15);
#271=CYLINDRICAL_SURFACE('',#14540,0.15);
#272=CYLINDRICAL_SURFACE('',#14559,0.0500000000000003);
#273=CYLINDRICAL_SURFACE('',#14560,0.0500000000000003);
#274=CYLINDRICAL_SURFACE('',#14561,0.0500000000000003);
#275=CYLINDRICAL_SURFACE('',#14562,0.0500000000000003);
#276=CYLINDRICAL_SURFACE('',#14563,0.0500000000000003);
#277=CYLINDRICAL_SURFACE('',#14564,0.0500000000000003);
#278=CYLINDRICAL_SURFACE('',#14571,0.0500000000000001);
#279=CYLINDRICAL_SURFACE('',#14572,0.0500000000000001);
#280=CYLINDRICAL_SURFACE('',#14573,0.0500000000000001);
#281=CYLINDRICAL_SURFACE('',#14574,0.0500000000000001);
#282=CYLINDRICAL_SURFACE('',#14575,0.0500000000000001);
#283=CYLINDRICAL_SURFACE('',#14576,0.0500000000000001);
#284=CYLINDRICAL_SURFACE('',#14589,0.0500000000000003);
#285=CYLINDRICAL_SURFACE('',#14590,0.0500000000000003);
#286=CYLINDRICAL_SURFACE('',#14591,0.0500000000000003);
#287=CYLINDRICAL_SURFACE('',#14592,0.0500000000000003);
#288=CYLINDRICAL_SURFACE('',#14593,0.0500000000000003);
#289=CYLINDRICAL_SURFACE('',#14594,0.0500000000000003);
#290=CYLINDRICAL_SURFACE('',#14601,0.0500000000000001);
#291=CYLINDRICAL_SURFACE('',#14602,0.0500000000000001);
#292=CYLINDRICAL_SURFACE('',#14603,0.0500000000000001);
#293=CYLINDRICAL_SURFACE('',#14604,0.0500000000000001);
#294=CYLINDRICAL_SURFACE('',#14605,0.0500000000000001);
#295=CYLINDRICAL_SURFACE('',#14606,0.0500000000000001);
#296=CYLINDRICAL_SURFACE('',#14625,0.15);
#297=CYLINDRICAL_SURFACE('',#14629,0.0500000000000003);
#298=CYLINDRICAL_SURFACE('',#14631,0.0500000000000001);
#299=CYLINDRICAL_SURFACE('',#14635,0.0500000000000003);
#300=CYLINDRICAL_SURFACE('',#14637,0.0500000000000001);
#301=CYLINDRICAL_SURFACE('',#14827,0.1);
#302=CYLINDRICAL_SURFACE('',#14828,0.1);
#303=CYLINDRICAL_SURFACE('',#14829,0.1);
#304=CYLINDRICAL_SURFACE('',#14830,0.1);
#305=CYLINDRICAL_SURFACE('',#14831,0.1);
#306=CYLINDRICAL_SURFACE('',#14832,0.1);
#307=CYLINDRICAL_SURFACE('',#14857,0.05);
#308=CYLINDRICAL_SURFACE('',#14858,0.05);
#309=CYLINDRICAL_SURFACE('',#14859,0.05);
#310=CYLINDRICAL_SURFACE('',#14860,0.05);
#311=CYLINDRICAL_SURFACE('',#14861,0.05);
#312=CYLINDRICAL_SURFACE('',#14862,0.05);
#313=CYLINDRICAL_SURFACE('',#14863,0.0499999999999999);
#314=CYLINDRICAL_SURFACE('',#14864,0.0499999999999999);
#315=CYLINDRICAL_SURFACE('',#14865,0.0499999999999999);
#316=CYLINDRICAL_SURFACE('',#14866,0.0499999999999999);
#317=CYLINDRICAL_SURFACE('',#14867,0.0499999999999999);
#318=CYLINDRICAL_SURFACE('',#14868,0.0499999999999999);
#319=CYLINDRICAL_SURFACE('',#14875,0.0499999999999999);
#320=CYLINDRICAL_SURFACE('',#14876,0.0499999999999999);
#321=CYLINDRICAL_SURFACE('',#14877,0.0499999999999999);
#322=CYLINDRICAL_SURFACE('',#14878,0.0499999999999999);
#323=CYLINDRICAL_SURFACE('',#14879,0.0499999999999999);
#324=CYLINDRICAL_SURFACE('',#14880,0.0499999999999999);
#325=CYLINDRICAL_SURFACE('',#14881,0.0499999999999999);
#326=CYLINDRICAL_SURFACE('',#14882,0.0499999999999999);
#327=CYLINDRICAL_SURFACE('',#14883,0.0499999999999999);
#328=CYLINDRICAL_SURFACE('',#14884,0.0499999999999999);
#329=CYLINDRICAL_SURFACE('',#14885,0.0499999999999999);
#330=CYLINDRICAL_SURFACE('',#14886,0.0499999999999999);
#331=CYLINDRICAL_SURFACE('',#14893,0.0499999999999998);
#332=CYLINDRICAL_SURFACE('',#14894,0.0499999999999998);
#333=CYLINDRICAL_SURFACE('',#14895,0.0499999999999998);
#334=CYLINDRICAL_SURFACE('',#14896,0.0499999999999998);
#335=CYLINDRICAL_SURFACE('',#14897,0.0499999999999998);
#336=CYLINDRICAL_SURFACE('',#14898,0.0499999999999998);
#337=CYLINDRICAL_SURFACE('',#14899,0.05);
#338=CYLINDRICAL_SURFACE('',#14900,0.05);
#339=CYLINDRICAL_SURFACE('',#14901,0.05);
#340=CYLINDRICAL_SURFACE('',#14902,0.05);
#341=CYLINDRICAL_SURFACE('',#14903,0.05);
#342=CYLINDRICAL_SURFACE('',#14904,0.05);
#343=CYLINDRICAL_SURFACE('',#14923,0.112236);
#344=CYLINDRICAL_SURFACE('',#14924,0.112236);
#345=CYLINDRICAL_SURFACE('',#14925,0.112236);
#346=CYLINDRICAL_SURFACE('',#14926,0.112236);
#347=CYLINDRICAL_SURFACE('',#14927,0.112236);
#348=CYLINDRICAL_SURFACE('',#14928,0.112236);
#349=CYLINDRICAL_SURFACE('',#14935,0.112236);
#350=CYLINDRICAL_SURFACE('',#14936,0.112236);
#351=CYLINDRICAL_SURFACE('',#14937,0.112236);
#352=CYLINDRICAL_SURFACE('',#14938,0.112236);
#353=CYLINDRICAL_SURFACE('',#14939,0.112236);
#354=CYLINDRICAL_SURFACE('',#14940,0.112236);
#355=CYLINDRICAL_SURFACE('',#14960,0.1);
#356=CYLINDRICAL_SURFACE('',#14965,0.05);
#357=CYLINDRICAL_SURFACE('',#14966,0.0499999999999999);
#358=CYLINDRICAL_SURFACE('',#14968,0.0499999999999999);
#359=CYLINDRICAL_SURFACE('',#14970,0.0499999999999999);
#360=CYLINDRICAL_SURFACE('',#14972,0.0499999999999998);
#361=CYLINDRICAL_SURFACE('',#14973,0.05);
#362=CYLINDRICAL_SURFACE('',#14977,0.112236);
#363=CYLINDRICAL_SURFACE('',#14979,0.112236);
#364=CYLINDRICAL_SURFACE('',#14989,0.0500000000000001);
#365=CYLINDRICAL_SURFACE('',#14993,0.0499999999999981);
#366=CYLINDRICAL_SURFACE('',#14997,0.05);
#367=CYLINDRICAL_SURFACE('',#15003,0.05);
#368=CYLINDRICAL_SURFACE('',#15007,0.0499999999999999);
#369=CYLINDRICAL_SURFACE('',#15011,0.0499999999999968);
#370=CYLINDRICAL_SURFACE('',#15015,0.0499999999999999);
#371=CYLINDRICAL_SURFACE('',#15024,0.05);
#372=CYLINDRICAL_SURFACE('',#15028,0.05);
#373=ORIENTED_EDGE('',*,*,#4453,.F.);
#374=ORIENTED_EDGE('',*,*,#4454,.T.);
#375=ORIENTED_EDGE('',*,*,#4455,.T.);
#376=ORIENTED_EDGE('',*,*,#4456,.T.);
#377=ORIENTED_EDGE('',*,*,#4457,.F.);
#378=ORIENTED_EDGE('',*,*,#4458,.T.);
#379=ORIENTED_EDGE('',*,*,#4459,.T.);
#380=ORIENTED_EDGE('',*,*,#4460,.T.);
#381=ORIENTED_EDGE('',*,*,#4461,.F.);
#382=ORIENTED_EDGE('',*,*,#4462,.F.);
#383=ORIENTED_EDGE('',*,*,#4457,.T.);
#384=ORIENTED_EDGE('',*,*,#4463,.T.);
#385=ORIENTED_EDGE('',*,*,#4455,.F.);
#386=ORIENTED_EDGE('',*,*,#4464,.T.);
#387=ORIENTED_EDGE('',*,*,#4461,.T.);
#388=ORIENTED_EDGE('',*,*,#4465,.T.);
#389=ORIENTED_EDGE('',*,*,#4466,.T.);
#390=ORIENTED_EDGE('',*,*,#4467,.T.);
#391=ORIENTED_EDGE('',*,*,#4468,.F.);
#392=ORIENTED_EDGE('',*,*,#4469,.T.);
#393=ORIENTED_EDGE('',*,*,#4470,.F.);
#394=ORIENTED_EDGE('',*,*,#4471,.F.);
#395=ORIENTED_EDGE('',*,*,#4472,.F.);
#396=ORIENTED_EDGE('',*,*,#4473,.F.);
#397=ORIENTED_EDGE('',*,*,#4474,.T.);
#398=ORIENTED_EDGE('',*,*,#4475,.T.);
#399=ORIENTED_EDGE('',*,*,#4476,.F.);
#400=ORIENTED_EDGE('',*,*,#4477,.F.);
#401=ORIENTED_EDGE('',*,*,#4478,.F.);
#402=ORIENTED_EDGE('',*,*,#4479,.F.);
#403=ORIENTED_EDGE('',*,*,#4480,.F.);
#404=ORIENTED_EDGE('',*,*,#4481,.T.);
#405=ORIENTED_EDGE('',*,*,#4482,.T.);
#406=ORIENTED_EDGE('',*,*,#4483,.F.);
#407=ORIENTED_EDGE('',*,*,#4484,.F.);
#408=ORIENTED_EDGE('',*,*,#4485,.T.);
#409=ORIENTED_EDGE('',*,*,#4486,.T.);
#410=ORIENTED_EDGE('',*,*,#4487,.F.);
#411=ORIENTED_EDGE('',*,*,#4488,.F.);
#412=ORIENTED_EDGE('',*,*,#4489,.F.);
#413=ORIENTED_EDGE('',*,*,#4490,.F.);
#414=ORIENTED_EDGE('',*,*,#4491,.F.);
#415=ORIENTED_EDGE('',*,*,#4492,.T.);
#416=ORIENTED_EDGE('',*,*,#4493,.T.);
#417=ORIENTED_EDGE('',*,*,#4494,.T.);
#418=ORIENTED_EDGE('',*,*,#4495,.F.);
#419=ORIENTED_EDGE('',*,*,#4496,.F.);
#420=ORIENTED_EDGE('',*,*,#4497,.T.);
#421=ORIENTED_EDGE('',*,*,#4498,.T.);
#422=ORIENTED_EDGE('',*,*,#4499,.F.);
#423=ORIENTED_EDGE('',*,*,#4500,.F.);
#424=ORIENTED_EDGE('',*,*,#4501,.T.);
#425=ORIENTED_EDGE('',*,*,#4502,.T.);
#426=ORIENTED_EDGE('',*,*,#4503,.T.);
#427=ORIENTED_EDGE('',*,*,#4504,.T.);
#428=ORIENTED_EDGE('',*,*,#4505,.F.);
#429=ORIENTED_EDGE('',*,*,#4506,.F.);
#430=ORIENTED_EDGE('',*,*,#4507,.T.);
#431=ORIENTED_EDGE('',*,*,#4508,.F.);
#432=ORIENTED_EDGE('',*,*,#4509,.F.);
#433=ORIENTED_EDGE('',*,*,#4510,.F.);
#434=ORIENTED_EDGE('',*,*,#4511,.T.);
#435=ORIENTED_EDGE('',*,*,#4512,.T.);
#436=ORIENTED_EDGE('',*,*,#4513,.F.);
#437=ORIENTED_EDGE('',*,*,#4514,.F.);
#438=ORIENTED_EDGE('',*,*,#4515,.F.);
#439=ORIENTED_EDGE('',*,*,#4516,.T.);
#440=ORIENTED_EDGE('',*,*,#4517,.T.);
#441=ORIENTED_EDGE('',*,*,#4518,.F.);
#442=ORIENTED_EDGE('',*,*,#4519,.T.);
#443=ORIENTED_EDGE('',*,*,#4520,.T.);
#444=ORIENTED_EDGE('',*,*,#4521,.F.);
#445=ORIENTED_EDGE('',*,*,#4522,.F.);
#446=ORIENTED_EDGE('',*,*,#4523,.F.);
#447=ORIENTED_EDGE('',*,*,#4524,.T.);
#448=ORIENTED_EDGE('',*,*,#4525,.T.);
#449=ORIENTED_EDGE('',*,*,#4526,.F.);
#450=ORIENTED_EDGE('',*,*,#4527,.T.);
#451=ORIENTED_EDGE('',*,*,#4528,.T.);
#452=ORIENTED_EDGE('',*,*,#4529,.F.);
#453=ORIENTED_EDGE('',*,*,#4530,.F.);
#454=ORIENTED_EDGE('',*,*,#4531,.F.);
#455=ORIENTED_EDGE('',*,*,#4532,.T.);
#456=ORIENTED_EDGE('',*,*,#4533,.T.);
#457=ORIENTED_EDGE('',*,*,#4534,.F.);
#458=ORIENTED_EDGE('',*,*,#4535,.T.);
#459=ORIENTED_EDGE('',*,*,#4536,.T.);
#460=ORIENTED_EDGE('',*,*,#4537,.F.);
#461=ORIENTED_EDGE('',*,*,#4538,.F.);
#462=ORIENTED_EDGE('',*,*,#4539,.F.);
#463=ORIENTED_EDGE('',*,*,#4540,.T.);
#464=ORIENTED_EDGE('',*,*,#4541,.T.);
#465=ORIENTED_EDGE('',*,*,#4542,.F.);
#466=ORIENTED_EDGE('',*,*,#4543,.T.);
#467=ORIENTED_EDGE('',*,*,#4544,.T.);
#468=ORIENTED_EDGE('',*,*,#4545,.F.);
#469=ORIENTED_EDGE('',*,*,#4546,.F.);
#470=ORIENTED_EDGE('',*,*,#4547,.F.);
#471=ORIENTED_EDGE('',*,*,#4548,.T.);
#472=ORIENTED_EDGE('',*,*,#4549,.T.);
#473=ORIENTED_EDGE('',*,*,#4550,.F.);
#474=ORIENTED_EDGE('',*,*,#4551,.T.);
#475=ORIENTED_EDGE('',*,*,#4552,.T.);
#476=ORIENTED_EDGE('',*,*,#4553,.F.);
#477=ORIENTED_EDGE('',*,*,#4554,.F.);
#478=ORIENTED_EDGE('',*,*,#4555,.F.);
#479=ORIENTED_EDGE('',*,*,#4556,.T.);
#480=ORIENTED_EDGE('',*,*,#4557,.T.);
#481=ORIENTED_EDGE('',*,*,#4558,.F.);
#482=ORIENTED_EDGE('',*,*,#4559,.T.);
#483=ORIENTED_EDGE('',*,*,#4560,.T.);
#484=ORIENTED_EDGE('',*,*,#4561,.F.);
#485=ORIENTED_EDGE('',*,*,#4562,.F.);
#486=ORIENTED_EDGE('',*,*,#4563,.T.);
#487=ORIENTED_EDGE('',*,*,#4564,.T.);
#488=ORIENTED_EDGE('',*,*,#4565,.T.);
#489=ORIENTED_EDGE('',*,*,#4566,.F.);
#490=ORIENTED_EDGE('',*,*,#4567,.T.);
#491=ORIENTED_EDGE('',*,*,#4568,.F.);
#492=ORIENTED_EDGE('',*,*,#4569,.F.);
#493=ORIENTED_EDGE('',*,*,#4570,.F.);
#494=ORIENTED_EDGE('',*,*,#4571,.T.);
#495=ORIENTED_EDGE('',*,*,#4572,.T.);
#496=ORIENTED_EDGE('',*,*,#4573,.T.);
#497=ORIENTED_EDGE('',*,*,#4574,.F.);
#498=ORIENTED_EDGE('',*,*,#4575,.F.);
#499=ORIENTED_EDGE('',*,*,#4576,.F.);
#500=ORIENTED_EDGE('',*,*,#4474,.F.);
#501=ORIENTED_EDGE('',*,*,#4577,.T.);
#502=ORIENTED_EDGE('',*,*,#4578,.F.);
#503=ORIENTED_EDGE('',*,*,#4579,.F.);
#504=ORIENTED_EDGE('',*,*,#4471,.T.);
#505=ORIENTED_EDGE('',*,*,#4580,.F.);
#506=ORIENTED_EDGE('',*,*,#4581,.F.);
#507=ORIENTED_EDGE('',*,*,#4582,.T.);
#508=ORIENTED_EDGE('',*,*,#4583,.T.);
#509=ORIENTED_EDGE('',*,*,#4584,.T.);
#510=ORIENTED_EDGE('',*,*,#4585,.T.);
#511=ORIENTED_EDGE('',*,*,#4586,.T.);
#512=ORIENTED_EDGE('',*,*,#4587,.F.);
#513=ORIENTED_EDGE('',*,*,#4588,.T.);
#514=ORIENTED_EDGE('',*,*,#4589,.T.);
#515=ORIENTED_EDGE('',*,*,#4590,.T.);
#516=ORIENTED_EDGE('',*,*,#4591,.T.);
#517=ORIENTED_EDGE('',*,*,#4592,.F.);
#518=ORIENTED_EDGE('',*,*,#4593,.T.);
#519=ORIENTED_EDGE('',*,*,#4594,.T.);
#520=ORIENTED_EDGE('',*,*,#4595,.T.);
#521=ORIENTED_EDGE('',*,*,#4596,.F.);
#522=ORIENTED_EDGE('',*,*,#4597,.T.);
#523=ORIENTED_EDGE('',*,*,#4598,.T.);
#524=ORIENTED_EDGE('',*,*,#4599,.T.);
#525=ORIENTED_EDGE('',*,*,#4600,.F.);
#526=ORIENTED_EDGE('',*,*,#4601,.T.);
#527=ORIENTED_EDGE('',*,*,#4602,.T.);
#528=ORIENTED_EDGE('',*,*,#4603,.T.);
#529=ORIENTED_EDGE('',*,*,#4604,.F.);
#530=ORIENTED_EDGE('',*,*,#4605,.T.);
#531=ORIENTED_EDGE('',*,*,#4606,.T.);
#532=ORIENTED_EDGE('',*,*,#4607,.T.);
#533=ORIENTED_EDGE('',*,*,#4608,.F.);
#534=ORIENTED_EDGE('',*,*,#4609,.T.);
#535=ORIENTED_EDGE('',*,*,#4610,.T.);
#536=ORIENTED_EDGE('',*,*,#4611,.T.);
#537=ORIENTED_EDGE('',*,*,#4612,.T.);
#538=ORIENTED_EDGE('',*,*,#4613,.T.);
#539=ORIENTED_EDGE('',*,*,#4614,.F.);
#540=ORIENTED_EDGE('',*,*,#4615,.T.);
#541=ORIENTED_EDGE('',*,*,#4616,.T.);
#542=ORIENTED_EDGE('',*,*,#4617,.T.);
#543=ORIENTED_EDGE('',*,*,#4612,.F.);
#544=ORIENTED_EDGE('',*,*,#4618,.T.);
#545=ORIENTED_EDGE('',*,*,#4619,.T.);
#546=ORIENTED_EDGE('',*,*,#4620,.T.);
#547=ORIENTED_EDGE('',*,*,#4621,.F.);
#548=ORIENTED_EDGE('',*,*,#4622,.F.);
#549=ORIENTED_EDGE('',*,*,#4623,.T.);
#550=ORIENTED_EDGE('',*,*,#4624,.T.);
#551=ORIENTED_EDGE('',*,*,#4625,.F.);
#552=ORIENTED_EDGE('',*,*,#4626,.F.);
#553=ORIENTED_EDGE('',*,*,#4627,.T.);
#554=ORIENTED_EDGE('',*,*,#4628,.T.);
#555=ORIENTED_EDGE('',*,*,#4629,.F.);
#556=ORIENTED_EDGE('',*,*,#4630,.T.);
#557=ORIENTED_EDGE('',*,*,#4631,.T.);
#558=ORIENTED_EDGE('',*,*,#4632,.T.);
#559=ORIENTED_EDGE('',*,*,#4633,.F.);
#560=ORIENTED_EDGE('',*,*,#4634,.F.);
#561=ORIENTED_EDGE('',*,*,#4635,.T.);
#562=ORIENTED_EDGE('',*,*,#4636,.T.);
#563=ORIENTED_EDGE('',*,*,#4637,.F.);
#564=ORIENTED_EDGE('',*,*,#4638,.F.);
#565=ORIENTED_EDGE('',*,*,#4639,.T.);
#566=ORIENTED_EDGE('',*,*,#4640,.T.);
#567=ORIENTED_EDGE('',*,*,#4641,.F.);
#568=ORIENTED_EDGE('',*,*,#4642,.F.);
#569=ORIENTED_EDGE('',*,*,#4643,.F.);
#570=ORIENTED_EDGE('',*,*,#4644,.T.);
#571=ORIENTED_EDGE('',*,*,#4645,.F.);
#572=ORIENTED_EDGE('',*,*,#4646,.T.);
#573=ORIENTED_EDGE('',*,*,#4647,.T.);
#574=ORIENTED_EDGE('',*,*,#4648,.T.);
#575=ORIENTED_EDGE('',*,*,#4649,.F.);
#576=ORIENTED_EDGE('',*,*,#4650,.T.);
#577=ORIENTED_EDGE('',*,*,#4649,.T.);
#578=ORIENTED_EDGE('',*,*,#4651,.T.);
#579=ORIENTED_EDGE('',*,*,#4652,.F.);
#580=ORIENTED_EDGE('',*,*,#4653,.T.);
#581=ORIENTED_EDGE('',*,*,#4654,.T.);
#582=ORIENTED_EDGE('',*,*,#4655,.T.);
#583=ORIENTED_EDGE('',*,*,#4656,.F.);
#584=ORIENTED_EDGE('',*,*,#4657,.F.);
#585=ORIENTED_EDGE('',*,*,#4658,.T.);
#586=ORIENTED_EDGE('',*,*,#4659,.T.);
#587=ORIENTED_EDGE('',*,*,#4660,.F.);
#588=ORIENTED_EDGE('',*,*,#4661,.F.);
#589=ORIENTED_EDGE('',*,*,#4662,.T.);
#590=ORIENTED_EDGE('',*,*,#4663,.T.);
#591=ORIENTED_EDGE('',*,*,#4664,.F.);
#592=ORIENTED_EDGE('',*,*,#4665,.F.);
#593=ORIENTED_EDGE('',*,*,#4666,.F.);
#594=ORIENTED_EDGE('',*,*,#4667,.T.);
#595=ORIENTED_EDGE('',*,*,#4668,.F.);
#596=ORIENTED_EDGE('',*,*,#4669,.T.);
#597=ORIENTED_EDGE('',*,*,#4670,.T.);
#598=ORIENTED_EDGE('',*,*,#4671,.T.);
#599=ORIENTED_EDGE('',*,*,#4672,.F.);
#600=ORIENTED_EDGE('',*,*,#4673,.T.);
#601=ORIENTED_EDGE('',*,*,#4672,.T.);
#602=ORIENTED_EDGE('',*,*,#4674,.T.);
#603=ORIENTED_EDGE('',*,*,#4675,.F.);
#604=ORIENTED_EDGE('',*,*,#4676,.T.);
#605=ORIENTED_EDGE('',*,*,#4677,.T.);
#606=ORIENTED_EDGE('',*,*,#4678,.T.);
#607=ORIENTED_EDGE('',*,*,#4679,.F.);
#608=ORIENTED_EDGE('',*,*,#4680,.F.);
#609=ORIENTED_EDGE('',*,*,#4681,.T.);
#610=ORIENTED_EDGE('',*,*,#4682,.T.);
#611=ORIENTED_EDGE('',*,*,#4683,.F.);
#612=ORIENTED_EDGE('',*,*,#4684,.F.);
#613=ORIENTED_EDGE('',*,*,#4685,.T.);
#614=ORIENTED_EDGE('',*,*,#4686,.T.);
#615=ORIENTED_EDGE('',*,*,#4687,.F.);
#616=ORIENTED_EDGE('',*,*,#4688,.F.);
#617=ORIENTED_EDGE('',*,*,#4689,.F.);
#618=ORIENTED_EDGE('',*,*,#4690,.T.);
#619=ORIENTED_EDGE('',*,*,#4691,.F.);
#620=ORIENTED_EDGE('',*,*,#4692,.T.);
#621=ORIENTED_EDGE('',*,*,#4693,.T.);
#622=ORIENTED_EDGE('',*,*,#4694,.T.);
#623=ORIENTED_EDGE('',*,*,#4695,.F.);
#624=ORIENTED_EDGE('',*,*,#4696,.T.);
#625=ORIENTED_EDGE('',*,*,#4695,.T.);
#626=ORIENTED_EDGE('',*,*,#4697,.T.);
#627=ORIENTED_EDGE('',*,*,#4698,.F.);
#628=ORIENTED_EDGE('',*,*,#4699,.T.);
#629=ORIENTED_EDGE('',*,*,#4700,.T.);
#630=ORIENTED_EDGE('',*,*,#4701,.T.);
#631=ORIENTED_EDGE('',*,*,#4702,.F.);
#632=ORIENTED_EDGE('',*,*,#4703,.F.);
#633=ORIENTED_EDGE('',*,*,#4704,.T.);
#634=ORIENTED_EDGE('',*,*,#4705,.T.);
#635=ORIENTED_EDGE('',*,*,#4706,.F.);
#636=ORIENTED_EDGE('',*,*,#4707,.F.);
#637=ORIENTED_EDGE('',*,*,#4708,.T.);
#638=ORIENTED_EDGE('',*,*,#4709,.T.);
#639=ORIENTED_EDGE('',*,*,#4710,.F.);
#640=ORIENTED_EDGE('',*,*,#4711,.F.);
#641=ORIENTED_EDGE('',*,*,#4712,.F.);
#642=ORIENTED_EDGE('',*,*,#4713,.T.);
#643=ORIENTED_EDGE('',*,*,#4714,.F.);
#644=ORIENTED_EDGE('',*,*,#4715,.T.);
#645=ORIENTED_EDGE('',*,*,#4716,.T.);
#646=ORIENTED_EDGE('',*,*,#4717,.T.);
#647=ORIENTED_EDGE('',*,*,#4718,.F.);
#648=ORIENTED_EDGE('',*,*,#4719,.T.);
#649=ORIENTED_EDGE('',*,*,#4718,.T.);
#650=ORIENTED_EDGE('',*,*,#4720,.T.);
#651=ORIENTED_EDGE('',*,*,#4721,.F.);
#652=ORIENTED_EDGE('',*,*,#4722,.T.);
#653=ORIENTED_EDGE('',*,*,#4723,.T.);
#654=ORIENTED_EDGE('',*,*,#4724,.T.);
#655=ORIENTED_EDGE('',*,*,#4725,.F.);
#656=ORIENTED_EDGE('',*,*,#4726,.F.);
#657=ORIENTED_EDGE('',*,*,#4727,.T.);
#658=ORIENTED_EDGE('',*,*,#4728,.T.);
#659=ORIENTED_EDGE('',*,*,#4729,.F.);
#660=ORIENTED_EDGE('',*,*,#4730,.F.);
#661=ORIENTED_EDGE('',*,*,#4731,.T.);
#662=ORIENTED_EDGE('',*,*,#4732,.T.);
#663=ORIENTED_EDGE('',*,*,#4733,.F.);
#664=ORIENTED_EDGE('',*,*,#4734,.F.);
#665=ORIENTED_EDGE('',*,*,#4735,.F.);
#666=ORIENTED_EDGE('',*,*,#4736,.T.);
#667=ORIENTED_EDGE('',*,*,#4737,.F.);
#668=ORIENTED_EDGE('',*,*,#4738,.T.);
#669=ORIENTED_EDGE('',*,*,#4739,.T.);
#670=ORIENTED_EDGE('',*,*,#4740,.T.);
#671=ORIENTED_EDGE('',*,*,#4741,.F.);
#672=ORIENTED_EDGE('',*,*,#4742,.T.);
#673=ORIENTED_EDGE('',*,*,#4741,.T.);
#674=ORIENTED_EDGE('',*,*,#4743,.T.);
#675=ORIENTED_EDGE('',*,*,#4744,.F.);
#676=ORIENTED_EDGE('',*,*,#4745,.T.);
#677=ORIENTED_EDGE('',*,*,#4746,.T.);
#678=ORIENTED_EDGE('',*,*,#4747,.T.);
#679=ORIENTED_EDGE('',*,*,#4748,.F.);
#680=ORIENTED_EDGE('',*,*,#4749,.T.);
#681=ORIENTED_EDGE('',*,*,#4750,.T.);
#682=ORIENTED_EDGE('',*,*,#4751,.T.);
#683=ORIENTED_EDGE('',*,*,#4746,.F.);
#684=ORIENTED_EDGE('',*,*,#4752,.T.);
#685=ORIENTED_EDGE('',*,*,#4753,.T.);
#686=ORIENTED_EDGE('',*,*,#4754,.T.);
#687=ORIENTED_EDGE('',*,*,#4755,.F.);
#688=ORIENTED_EDGE('',*,*,#4756,.F.);
#689=ORIENTED_EDGE('',*,*,#4757,.T.);
#690=ORIENTED_EDGE('',*,*,#4758,.T.);
#691=ORIENTED_EDGE('',*,*,#4759,.F.);
#692=ORIENTED_EDGE('',*,*,#4760,.F.);
#693=ORIENTED_EDGE('',*,*,#4761,.T.);
#694=ORIENTED_EDGE('',*,*,#4762,.T.);
#695=ORIENTED_EDGE('',*,*,#4763,.F.);
#696=ORIENTED_EDGE('',*,*,#4764,.T.);
#697=ORIENTED_EDGE('',*,*,#4765,.F.);
#698=ORIENTED_EDGE('',*,*,#4766,.F.);
#699=ORIENTED_EDGE('',*,*,#4767,.T.);
#700=ORIENTED_EDGE('',*,*,#4614,.T.);
#701=ORIENTED_EDGE('',*,*,#4768,.F.);
#702=ORIENTED_EDGE('',*,*,#4769,.F.);
#703=ORIENTED_EDGE('',*,*,#4770,.T.);
#704=ORIENTED_EDGE('',*,*,#4771,.T.);
#705=ORIENTED_EDGE('',*,*,#4772,.T.);
#706=ORIENTED_EDGE('',*,*,#4773,.T.);
#707=ORIENTED_EDGE('',*,*,#4774,.T.);
#708=ORIENTED_EDGE('',*,*,#4775,.F.);
#709=ORIENTED_EDGE('',*,*,#4776,.T.);
#710=ORIENTED_EDGE('',*,*,#4777,.T.);
#711=ORIENTED_EDGE('',*,*,#4778,.T.);
#712=ORIENTED_EDGE('',*,*,#4779,.F.);
#713=ORIENTED_EDGE('',*,*,#4780,.F.);
#714=ORIENTED_EDGE('',*,*,#4781,.F.);
#715=ORIENTED_EDGE('',*,*,#4782,.T.);
#716=ORIENTED_EDGE('',*,*,#4652,.T.);
#717=ORIENTED_EDGE('',*,*,#4783,.F.);
#718=ORIENTED_EDGE('',*,*,#4784,.F.);
#719=ORIENTED_EDGE('',*,*,#4785,.T.);
#720=ORIENTED_EDGE('',*,*,#4786,.T.);
#721=ORIENTED_EDGE('',*,*,#4787,.F.);
#722=ORIENTED_EDGE('',*,*,#4788,.F.);
#723=ORIENTED_EDGE('',*,*,#4789,.T.);
#724=ORIENTED_EDGE('',*,*,#4790,.F.);
#725=ORIENTED_EDGE('',*,*,#4791,.T.);
#726=ORIENTED_EDGE('',*,*,#4792,.T.);
#727=ORIENTED_EDGE('',*,*,#4793,.T.);
#728=ORIENTED_EDGE('',*,*,#4794,.F.);
#729=ORIENTED_EDGE('',*,*,#4795,.T.);
#730=ORIENTED_EDGE('',*,*,#4796,.T.);
#731=ORIENTED_EDGE('',*,*,#4797,.T.);
#732=ORIENTED_EDGE('',*,*,#4798,.F.);
#733=ORIENTED_EDGE('',*,*,#4799,.F.);
#734=ORIENTED_EDGE('',*,*,#4800,.F.);
#735=ORIENTED_EDGE('',*,*,#4801,.T.);
#736=ORIENTED_EDGE('',*,*,#4675,.T.);
#737=ORIENTED_EDGE('',*,*,#4802,.F.);
#738=ORIENTED_EDGE('',*,*,#4803,.F.);
#739=ORIENTED_EDGE('',*,*,#4804,.T.);
#740=ORIENTED_EDGE('',*,*,#4805,.T.);
#741=ORIENTED_EDGE('',*,*,#4806,.F.);
#742=ORIENTED_EDGE('',*,*,#4807,.F.);
#743=ORIENTED_EDGE('',*,*,#4808,.T.);
#744=ORIENTED_EDGE('',*,*,#4809,.F.);
#745=ORIENTED_EDGE('',*,*,#4810,.T.);
#746=ORIENTED_EDGE('',*,*,#4811,.T.);
#747=ORIENTED_EDGE('',*,*,#4812,.T.);
#748=ORIENTED_EDGE('',*,*,#4813,.F.);
#749=ORIENTED_EDGE('',*,*,#4814,.T.);
#750=ORIENTED_EDGE('',*,*,#4815,.T.);
#751=ORIENTED_EDGE('',*,*,#4816,.T.);
#752=ORIENTED_EDGE('',*,*,#4817,.F.);
#753=ORIENTED_EDGE('',*,*,#4818,.F.);
#754=ORIENTED_EDGE('',*,*,#4819,.F.);
#755=ORIENTED_EDGE('',*,*,#4820,.T.);
#756=ORIENTED_EDGE('',*,*,#4698,.T.);
#757=ORIENTED_EDGE('',*,*,#4821,.F.);
#758=ORIENTED_EDGE('',*,*,#4822,.F.);
#759=ORIENTED_EDGE('',*,*,#4823,.T.);
#760=ORIENTED_EDGE('',*,*,#4824,.T.);
#761=ORIENTED_EDGE('',*,*,#4825,.F.);
#762=ORIENTED_EDGE('',*,*,#4826,.F.);
#763=ORIENTED_EDGE('',*,*,#4827,.T.);
#764=ORIENTED_EDGE('',*,*,#4828,.F.);
#765=ORIENTED_EDGE('',*,*,#4829,.T.);
#766=ORIENTED_EDGE('',*,*,#4830,.T.);
#767=ORIENTED_EDGE('',*,*,#4831,.T.);
#768=ORIENTED_EDGE('',*,*,#4832,.F.);
#769=ORIENTED_EDGE('',*,*,#4833,.T.);
#770=ORIENTED_EDGE('',*,*,#4834,.T.);
#771=ORIENTED_EDGE('',*,*,#4835,.T.);
#772=ORIENTED_EDGE('',*,*,#4836,.F.);
#773=ORIENTED_EDGE('',*,*,#4837,.F.);
#774=ORIENTED_EDGE('',*,*,#4838,.F.);
#775=ORIENTED_EDGE('',*,*,#4839,.T.);
#776=ORIENTED_EDGE('',*,*,#4721,.T.);
#777=ORIENTED_EDGE('',*,*,#4840,.F.);
#778=ORIENTED_EDGE('',*,*,#4841,.F.);
#779=ORIENTED_EDGE('',*,*,#4842,.T.);
#780=ORIENTED_EDGE('',*,*,#4843,.T.);
#781=ORIENTED_EDGE('',*,*,#4844,.F.);
#782=ORIENTED_EDGE('',*,*,#4845,.F.);
#783=ORIENTED_EDGE('',*,*,#4846,.T.);
#784=ORIENTED_EDGE('',*,*,#4847,.F.);
#785=ORIENTED_EDGE('',*,*,#4848,.T.);
#786=ORIENTED_EDGE('',*,*,#4849,.T.);
#787=ORIENTED_EDGE('',*,*,#4850,.T.);
#788=ORIENTED_EDGE('',*,*,#4851,.F.);
#789=ORIENTED_EDGE('',*,*,#4852,.T.);
#790=ORIENTED_EDGE('',*,*,#4853,.T.);
#791=ORIENTED_EDGE('',*,*,#4854,.T.);
#792=ORIENTED_EDGE('',*,*,#4855,.F.);
#793=ORIENTED_EDGE('',*,*,#4856,.F.);
#794=ORIENTED_EDGE('',*,*,#4857,.F.);
#795=ORIENTED_EDGE('',*,*,#4858,.T.);
#796=ORIENTED_EDGE('',*,*,#4744,.T.);
#797=ORIENTED_EDGE('',*,*,#4859,.F.);
#798=ORIENTED_EDGE('',*,*,#4860,.F.);
#799=ORIENTED_EDGE('',*,*,#4861,.T.);
#800=ORIENTED_EDGE('',*,*,#4862,.T.);
#801=ORIENTED_EDGE('',*,*,#4863,.F.);
#802=ORIENTED_EDGE('',*,*,#4864,.F.);
#803=ORIENTED_EDGE('',*,*,#4865,.T.);
#804=ORIENTED_EDGE('',*,*,#4866,.F.);
#805=ORIENTED_EDGE('',*,*,#4867,.T.);
#806=ORIENTED_EDGE('',*,*,#4868,.T.);
#807=ORIENTED_EDGE('',*,*,#4869,.T.);
#808=ORIENTED_EDGE('',*,*,#4870,.F.);
#809=ORIENTED_EDGE('',*,*,#4871,.T.);
#810=ORIENTED_EDGE('',*,*,#4872,.T.);
#811=ORIENTED_EDGE('',*,*,#4873,.T.);
#812=ORIENTED_EDGE('',*,*,#4874,.F.);
#813=ORIENTED_EDGE('',*,*,#4748,.T.);
#814=ORIENTED_EDGE('',*,*,#4875,.F.);
#815=ORIENTED_EDGE('',*,*,#4876,.F.);
#816=ORIENTED_EDGE('',*,*,#4877,.T.);
#817=ORIENTED_EDGE('',*,*,#4878,.T.);
#818=ORIENTED_EDGE('',*,*,#4879,.T.);
#819=ORIENTED_EDGE('',*,*,#4880,.T.);
#820=ORIENTED_EDGE('',*,*,#4881,.T.);
#821=ORIENTED_EDGE('',*,*,#4882,.F.);
#822=ORIENTED_EDGE('',*,*,#4883,.T.);
#823=ORIENTED_EDGE('',*,*,#4884,.T.);
#824=ORIENTED_EDGE('',*,*,#4885,.T.);
#825=ORIENTED_EDGE('',*,*,#4886,.F.);
#826=ORIENTED_EDGE('',*,*,#4887,.F.);
#827=ORIENTED_EDGE('',*,*,#4888,.F.);
#828=ORIENTED_EDGE('',*,*,#4889,.T.);
#829=ORIENTED_EDGE('',*,*,#4890,.T.);
#830=ORIENTED_EDGE('',*,*,#4891,.T.);
#831=ORIENTED_EDGE('',*,*,#4581,.T.);
#832=ORIENTED_EDGE('',*,*,#4892,.T.);
#833=ORIENTED_EDGE('',*,*,#4487,.T.);
#834=ORIENTED_EDGE('',*,*,#4893,.T.);
#835=ORIENTED_EDGE('',*,*,#4894,.T.);
#836=ORIENTED_EDGE('',*,*,#4895,.T.);
#837=ORIENTED_EDGE('',*,*,#4896,.T.);
#838=ORIENTED_EDGE('',*,*,#4897,.T.);
#839=ORIENTED_EDGE('',*,*,#4898,.T.);
#840=ORIENTED_EDGE('',*,*,#4899,.F.);
#841=ORIENTED_EDGE('',*,*,#4494,.F.);
#842=ORIENTED_EDGE('',*,*,#4900,.T.);
#843=ORIENTED_EDGE('',*,*,#4575,.T.);
#844=ORIENTED_EDGE('',*,*,#4901,.T.);
#845=ORIENTED_EDGE('',*,*,#4902,.T.);
#846=ORIENTED_EDGE('',*,*,#4903,.T.);
#847=ORIENTED_EDGE('',*,*,#4904,.T.);
#848=ORIENTED_EDGE('',*,*,#4905,.T.);
#849=ORIENTED_EDGE('',*,*,#4555,.T.);
#850=ORIENTED_EDGE('',*,*,#4906,.T.);
#851=ORIENTED_EDGE('',*,*,#4864,.T.);
#852=ORIENTED_EDGE('',*,*,#4907,.T.);
#853=ORIENTED_EDGE('',*,*,#4735,.T.);
#854=ORIENTED_EDGE('',*,*,#4908,.T.);
#855=ORIENTED_EDGE('',*,*,#4547,.T.);
#856=ORIENTED_EDGE('',*,*,#4909,.T.);
#857=ORIENTED_EDGE('',*,*,#4845,.T.);
#858=ORIENTED_EDGE('',*,*,#4910,.T.);
#859=ORIENTED_EDGE('',*,*,#4712,.T.);
#860=ORIENTED_EDGE('',*,*,#4911,.T.);
#861=ORIENTED_EDGE('',*,*,#4539,.T.);
#862=ORIENTED_EDGE('',*,*,#4912,.T.);
#863=ORIENTED_EDGE('',*,*,#4826,.T.);
#864=ORIENTED_EDGE('',*,*,#4913,.T.);
#865=ORIENTED_EDGE('',*,*,#4689,.T.);
#866=ORIENTED_EDGE('',*,*,#4914,.T.);
#867=ORIENTED_EDGE('',*,*,#4531,.T.);
#868=ORIENTED_EDGE('',*,*,#4915,.T.);
#869=ORIENTED_EDGE('',*,*,#4807,.T.);
#870=ORIENTED_EDGE('',*,*,#4916,.T.);
#871=ORIENTED_EDGE('',*,*,#4666,.T.);
#872=ORIENTED_EDGE('',*,*,#4917,.T.);
#873=ORIENTED_EDGE('',*,*,#4523,.T.);
#874=ORIENTED_EDGE('',*,*,#4918,.T.);
#875=ORIENTED_EDGE('',*,*,#4788,.T.);
#876=ORIENTED_EDGE('',*,*,#4919,.T.);
#877=ORIENTED_EDGE('',*,*,#4643,.T.);
#878=ORIENTED_EDGE('',*,*,#4920,.T.);
#879=ORIENTED_EDGE('',*,*,#4515,.T.);
#880=ORIENTED_EDGE('',*,*,#4921,.T.);
#881=ORIENTED_EDGE('',*,*,#4922,.T.);
#882=ORIENTED_EDGE('',*,*,#4923,.T.);
#883=ORIENTED_EDGE('',*,*,#4766,.T.);
#884=ORIENTED_EDGE('',*,*,#4924,.T.);
#885=ORIENTED_EDGE('',*,*,#4619,.F.);
#886=ORIENTED_EDGE('',*,*,#4925,.T.);
#887=ORIENTED_EDGE('',*,*,#4769,.T.);
#888=ORIENTED_EDGE('',*,*,#4926,.T.);
#889=ORIENTED_EDGE('',*,*,#4616,.F.);
#890=ORIENTED_EDGE('',*,*,#4927,.T.);
#891=ORIENTED_EDGE('',*,*,#4784,.T.);
#892=ORIENTED_EDGE('',*,*,#4928,.T.);
#893=ORIENTED_EDGE('',*,*,#4647,.F.);
#894=ORIENTED_EDGE('',*,*,#4929,.T.);
#895=ORIENTED_EDGE('',*,*,#4781,.T.);
#896=ORIENTED_EDGE('',*,*,#4930,.T.);
#897=ORIENTED_EDGE('',*,*,#4631,.F.);
#898=ORIENTED_EDGE('',*,*,#4931,.T.);
#899=ORIENTED_EDGE('',*,*,#4803,.T.);
#900=ORIENTED_EDGE('',*,*,#4932,.T.);
#901=ORIENTED_EDGE('',*,*,#4670,.F.);
#902=ORIENTED_EDGE('',*,*,#4933,.T.);
#903=ORIENTED_EDGE('',*,*,#4800,.T.);
#904=ORIENTED_EDGE('',*,*,#4934,.T.);
#905=ORIENTED_EDGE('',*,*,#4654,.F.);
#906=ORIENTED_EDGE('',*,*,#4935,.T.);
#907=ORIENTED_EDGE('',*,*,#4822,.T.);
#908=ORIENTED_EDGE('',*,*,#4936,.T.);
#909=ORIENTED_EDGE('',*,*,#4693,.F.);
#910=ORIENTED_EDGE('',*,*,#4937,.T.);
#911=ORIENTED_EDGE('',*,*,#4819,.T.);
#912=ORIENTED_EDGE('',*,*,#4938,.T.);
#913=ORIENTED_EDGE('',*,*,#4677,.F.);
#914=ORIENTED_EDGE('',*,*,#4939,.T.);
#915=ORIENTED_EDGE('',*,*,#4841,.T.);
#916=ORIENTED_EDGE('',*,*,#4940,.T.);
#917=ORIENTED_EDGE('',*,*,#4716,.F.);
#918=ORIENTED_EDGE('',*,*,#4941,.T.);
#919=ORIENTED_EDGE('',*,*,#4838,.T.);
#920=ORIENTED_EDGE('',*,*,#4942,.T.);
#921=ORIENTED_EDGE('',*,*,#4700,.F.);
#922=ORIENTED_EDGE('',*,*,#4943,.T.);
#923=ORIENTED_EDGE('',*,*,#4860,.T.);
#924=ORIENTED_EDGE('',*,*,#4944,.T.);
#925=ORIENTED_EDGE('',*,*,#4739,.F.);
#926=ORIENTED_EDGE('',*,*,#4945,.T.);
#927=ORIENTED_EDGE('',*,*,#4857,.T.);
#928=ORIENTED_EDGE('',*,*,#4946,.T.);
#929=ORIENTED_EDGE('',*,*,#4723,.F.);
#930=ORIENTED_EDGE('',*,*,#4947,.T.);
#931=ORIENTED_EDGE('',*,*,#4888,.T.);
#932=ORIENTED_EDGE('',*,*,#4948,.T.);
#933=ORIENTED_EDGE('',*,*,#4753,.F.);
#934=ORIENTED_EDGE('',*,*,#4949,.T.);
#935=ORIENTED_EDGE('',*,*,#4876,.T.);
#936=ORIENTED_EDGE('',*,*,#4950,.T.);
#937=ORIENTED_EDGE('',*,*,#4750,.F.);
#938=ORIENTED_EDGE('',*,*,#4951,.T.);
#939=ORIENTED_EDGE('',*,*,#4459,.F.);
#940=ORIENTED_EDGE('',*,*,#4952,.T.);
#941=ORIENTED_EDGE('',*,*,#4453,.T.);
#942=ORIENTED_EDGE('',*,*,#4953,.T.);
#943=ORIENTED_EDGE('',*,*,#4954,.T.);
#944=ORIENTED_EDGE('',*,*,#4955,.F.);
#945=ORIENTED_EDGE('',*,*,#4956,.F.);
#946=ORIENTED_EDGE('',*,*,#4957,.T.);
#947=ORIENTED_EDGE('',*,*,#4583,.F.);
#948=ORIENTED_EDGE('',*,*,#4958,.T.);
#949=ORIENTED_EDGE('',*,*,#4959,.T.);
#950=ORIENTED_EDGE('',*,*,#4960,.T.);
#951=ORIENTED_EDGE('',*,*,#4961,.T.);
#952=ORIENTED_EDGE('',*,*,#4962,.T.);
#953=ORIENTED_EDGE('',*,*,#4517,.F.);
#954=ORIENTED_EDGE('',*,*,#4963,.T.);
#955=ORIENTED_EDGE('',*,*,#4641,.T.);
#956=ORIENTED_EDGE('',*,*,#4964,.F.);
#957=ORIENTED_EDGE('',*,*,#4965,.F.);
#958=ORIENTED_EDGE('',*,*,#4966,.F.);
#959=ORIENTED_EDGE('',*,*,#4645,.T.);
#960=ORIENTED_EDGE('',*,*,#4967,.T.);
#961=ORIENTED_EDGE('',*,*,#4786,.F.);
#962=ORIENTED_EDGE('',*,*,#4968,.F.);
#963=ORIENTED_EDGE('',*,*,#4668,.T.);
#964=ORIENTED_EDGE('',*,*,#4969,.T.);
#965=ORIENTED_EDGE('',*,*,#4805,.F.);
#966=ORIENTED_EDGE('',*,*,#4970,.F.);
#967=ORIENTED_EDGE('',*,*,#4691,.T.);
#968=ORIENTED_EDGE('',*,*,#4971,.T.);
#969=ORIENTED_EDGE('',*,*,#4824,.F.);
#970=ORIENTED_EDGE('',*,*,#4972,.F.);
#971=ORIENTED_EDGE('',*,*,#4714,.T.);
#972=ORIENTED_EDGE('',*,*,#4973,.T.);
#973=ORIENTED_EDGE('',*,*,#4843,.F.);
#974=ORIENTED_EDGE('',*,*,#4974,.F.);
#975=ORIENTED_EDGE('',*,*,#4737,.T.);
#976=ORIENTED_EDGE('',*,*,#4975,.T.);
#977=ORIENTED_EDGE('',*,*,#4862,.F.);
#978=ORIENTED_EDGE('',*,*,#4976,.F.);
#979=ORIENTED_EDGE('',*,*,#4977,.T.);
#980=ORIENTED_EDGE('',*,*,#4978,.F.);
#981=ORIENTED_EDGE('',*,*,#4866,.T.);
#982=ORIENTED_EDGE('',*,*,#4979,.T.);
#983=ORIENTED_EDGE('',*,*,#4557,.F.);
#984=ORIENTED_EDGE('',*,*,#4980,.T.);
#985=ORIENTED_EDGE('',*,*,#4981,.T.);
#986=ORIENTED_EDGE('',*,*,#4982,.T.);
#987=ORIENTED_EDGE('',*,*,#4983,.T.);
#988=ORIENTED_EDGE('',*,*,#4984,.T.);
#989=ORIENTED_EDGE('',*,*,#4573,.F.);
#990=ORIENTED_EDGE('',*,*,#4985,.F.);
#991=ORIENTED_EDGE('',*,*,#4986,.F.);
#992=ORIENTED_EDGE('',*,*,#4987,.T.);
#993=ORIENTED_EDGE('',*,*,#4988,.T.);
#994=ORIENTED_EDGE('',*,*,#4989,.F.);
#995=ORIENTED_EDGE('',*,*,#4990,.F.);
#996=ORIENTED_EDGE('',*,*,#4991,.F.);
#997=ORIENTED_EDGE('',*,*,#4992,.F.);
#998=ORIENTED_EDGE('',*,*,#4790,.T.);
#999=ORIENTED_EDGE('',*,*,#4993,.T.);
#1000=ORIENTED_EDGE('',*,*,#4525,.F.);
#1001=ORIENTED_EDGE('',*,*,#4994,.T.);
#1002=ORIENTED_EDGE('',*,*,#4664,.T.);
#1003=ORIENTED_EDGE('',*,*,#4995,.F.);
#1004=ORIENTED_EDGE('',*,*,#4809,.T.);
#1005=ORIENTED_EDGE('',*,*,#4996,.T.);
#1006=ORIENTED_EDGE('',*,*,#4533,.F.);
#1007=ORIENTED_EDGE('',*,*,#4997,.T.);
#1008=ORIENTED_EDGE('',*,*,#4687,.T.);
#1009=ORIENTED_EDGE('',*,*,#4998,.F.);
#1010=ORIENTED_EDGE('',*,*,#4828,.T.);
#1011=ORIENTED_EDGE('',*,*,#4999,.T.);
#1012=ORIENTED_EDGE('',*,*,#4541,.F.);
#1013=ORIENTED_EDGE('',*,*,#5000,.T.);
#1014=ORIENTED_EDGE('',*,*,#4710,.T.);
#1015=ORIENTED_EDGE('',*,*,#5001,.F.);
#1016=ORIENTED_EDGE('',*,*,#4847,.T.);
#1017=ORIENTED_EDGE('',*,*,#5002,.T.);
#1018=ORIENTED_EDGE('',*,*,#4549,.F.);
#1019=ORIENTED_EDGE('',*,*,#5003,.T.);
#1020=ORIENTED_EDGE('',*,*,#4733,.T.);
#1021=ORIENTED_EDGE('',*,*,#5004,.T.);
#1022=ORIENTED_EDGE('',*,*,#4624,.F.);
#1023=ORIENTED_EDGE('',*,*,#5005,.F.);
#1024=ORIENTED_EDGE('',*,*,#5006,.T.);
#1025=ORIENTED_EDGE('',*,*,#4776,.F.);
#1026=ORIENTED_EDGE('',*,*,#5007,.T.);
#1027=ORIENTED_EDGE('',*,*,#4636,.F.);
#1028=ORIENTED_EDGE('',*,*,#5008,.F.);
#1029=ORIENTED_EDGE('',*,*,#4795,.F.);
#1030=ORIENTED_EDGE('',*,*,#5009,.T.);
#1031=ORIENTED_EDGE('',*,*,#4659,.F.);
#1032=ORIENTED_EDGE('',*,*,#5010,.F.);
#1033=ORIENTED_EDGE('',*,*,#4814,.F.);
#1034=ORIENTED_EDGE('',*,*,#5011,.T.);
#1035=ORIENTED_EDGE('',*,*,#4682,.F.);
#1036=ORIENTED_EDGE('',*,*,#5012,.F.);
#1037=ORIENTED_EDGE('',*,*,#4833,.F.);
#1038=ORIENTED_EDGE('',*,*,#5013,.T.);
#1039=ORIENTED_EDGE('',*,*,#4705,.F.);
#1040=ORIENTED_EDGE('',*,*,#5014,.F.);
#1041=ORIENTED_EDGE('',*,*,#4852,.F.);
#1042=ORIENTED_EDGE('',*,*,#5015,.T.);
#1043=ORIENTED_EDGE('',*,*,#4728,.F.);
#1044=ORIENTED_EDGE('',*,*,#5016,.F.);
#1045=ORIENTED_EDGE('',*,*,#4871,.F.);
#1046=ORIENTED_EDGE('',*,*,#5017,.T.);
#1047=ORIENTED_EDGE('',*,*,#4758,.F.);
#1048=ORIENTED_EDGE('',*,*,#5018,.F.);
#1049=ORIENTED_EDGE('',*,*,#4883,.F.);
#1050=ORIENTED_EDGE('',*,*,#5019,.T.);
#1051=ORIENTED_EDGE('',*,*,#5020,.F.);
#1052=ORIENTED_EDGE('',*,*,#5021,.F.);
#1053=ORIENTED_EDGE('',*,*,#4567,.F.);
#1054=ORIENTED_EDGE('',*,*,#5022,.T.);
#1055=ORIENTED_EDGE('',*,*,#4884,.F.);
#1056=ORIENTED_EDGE('',*,*,#5021,.T.);
#1057=ORIENTED_EDGE('',*,*,#5023,.F.);
#1058=ORIENTED_EDGE('',*,*,#4563,.F.);
#1059=ORIENTED_EDGE('',*,*,#5024,.T.);
#1060=ORIENTED_EDGE('',*,*,#4872,.F.);
#1061=ORIENTED_EDGE('',*,*,#5018,.T.);
#1062=ORIENTED_EDGE('',*,*,#4757,.F.);
#1063=ORIENTED_EDGE('',*,*,#5025,.T.);
#1064=ORIENTED_EDGE('',*,*,#4609,.F.);
#1065=ORIENTED_EDGE('',*,*,#5026,.T.);
#1066=ORIENTED_EDGE('',*,*,#4853,.F.);
#1067=ORIENTED_EDGE('',*,*,#5016,.T.);
#1068=ORIENTED_EDGE('',*,*,#4727,.F.);
#1069=ORIENTED_EDGE('',*,*,#5027,.T.);
#1070=ORIENTED_EDGE('',*,*,#4605,.F.);
#1071=ORIENTED_EDGE('',*,*,#5028,.T.);
#1072=ORIENTED_EDGE('',*,*,#4834,.F.);
#1073=ORIENTED_EDGE('',*,*,#5014,.T.);
#1074=ORIENTED_EDGE('',*,*,#4704,.F.);
#1075=ORIENTED_EDGE('',*,*,#5029,.T.);
#1076=ORIENTED_EDGE('',*,*,#4601,.F.);
#1077=ORIENTED_EDGE('',*,*,#5030,.T.);
#1078=ORIENTED_EDGE('',*,*,#4815,.F.);
#1079=ORIENTED_EDGE('',*,*,#5012,.T.);
#1080=ORIENTED_EDGE('',*,*,#4681,.F.);
#1081=ORIENTED_EDGE('',*,*,#5031,.T.);
#1082=ORIENTED_EDGE('',*,*,#4597,.F.);
#1083=ORIENTED_EDGE('',*,*,#5032,.T.);
#1084=ORIENTED_EDGE('',*,*,#4796,.F.);
#1085=ORIENTED_EDGE('',*,*,#5010,.T.);
#1086=ORIENTED_EDGE('',*,*,#4658,.F.);
#1087=ORIENTED_EDGE('',*,*,#5033,.T.);
#1088=ORIENTED_EDGE('',*,*,#4593,.F.);
#1089=ORIENTED_EDGE('',*,*,#5034,.T.);
#1090=ORIENTED_EDGE('',*,*,#4777,.F.);
#1091=ORIENTED_EDGE('',*,*,#5008,.T.);
#1092=ORIENTED_EDGE('',*,*,#4635,.F.);
#1093=ORIENTED_EDGE('',*,*,#5035,.T.);
#1094=ORIENTED_EDGE('',*,*,#4623,.F.);
#1095=ORIENTED_EDGE('',*,*,#5036,.T.);
#1096=ORIENTED_EDGE('',*,*,#4589,.F.);
#1097=ORIENTED_EDGE('',*,*,#5037,.T.);
#1098=ORIENTED_EDGE('',*,*,#5005,.T.);
#1099=ORIENTED_EDGE('',*,*,#4587,.T.);
#1100=ORIENTED_EDGE('',*,*,#5038,.T.);
#1101=ORIENTED_EDGE('',*,*,#4625,.T.);
#1102=ORIENTED_EDGE('',*,*,#5004,.F.);
#1103=ORIENTED_EDGE('',*,*,#5039,.T.);
#1104=ORIENTED_EDGE('',*,*,#5007,.F.);
#1105=ORIENTED_EDGE('',*,*,#4775,.T.);
#1106=ORIENTED_EDGE('',*,*,#5040,.T.);
#1107=ORIENTED_EDGE('',*,*,#4521,.T.);
#1108=ORIENTED_EDGE('',*,*,#5041,.T.);
#1109=ORIENTED_EDGE('',*,*,#4637,.T.);
#1110=ORIENTED_EDGE('',*,*,#5009,.F.);
#1111=ORIENTED_EDGE('',*,*,#4794,.T.);
#1112=ORIENTED_EDGE('',*,*,#5042,.T.);
#1113=ORIENTED_EDGE('',*,*,#4529,.T.);
#1114=ORIENTED_EDGE('',*,*,#5043,.T.);
#1115=ORIENTED_EDGE('',*,*,#4660,.T.);
#1116=ORIENTED_EDGE('',*,*,#5011,.F.);
#1117=ORIENTED_EDGE('',*,*,#4813,.T.);
#1118=ORIENTED_EDGE('',*,*,#5044,.T.);
#1119=ORIENTED_EDGE('',*,*,#4537,.T.);
#1120=ORIENTED_EDGE('',*,*,#5045,.T.);
#1121=ORIENTED_EDGE('',*,*,#4683,.T.);
#1122=ORIENTED_EDGE('',*,*,#5013,.F.);
#1123=ORIENTED_EDGE('',*,*,#4832,.T.);
#1124=ORIENTED_EDGE('',*,*,#5046,.T.);
#1125=ORIENTED_EDGE('',*,*,#4545,.T.);
#1126=ORIENTED_EDGE('',*,*,#5047,.T.);
#1127=ORIENTED_EDGE('',*,*,#4706,.T.);
#1128=ORIENTED_EDGE('',*,*,#5015,.F.);
#1129=ORIENTED_EDGE('',*,*,#4851,.T.);
#1130=ORIENTED_EDGE('',*,*,#5048,.T.);
#1131=ORIENTED_EDGE('',*,*,#4553,.T.);
#1132=ORIENTED_EDGE('',*,*,#5049,.T.);
#1133=ORIENTED_EDGE('',*,*,#4729,.T.);
#1134=ORIENTED_EDGE('',*,*,#5017,.F.);
#1135=ORIENTED_EDGE('',*,*,#4870,.T.);
#1136=ORIENTED_EDGE('',*,*,#5050,.T.);
#1137=ORIENTED_EDGE('',*,*,#4561,.T.);
#1138=ORIENTED_EDGE('',*,*,#5051,.T.);
#1139=ORIENTED_EDGE('',*,*,#4759,.T.);
#1140=ORIENTED_EDGE('',*,*,#4882,.T.);
#1141=ORIENTED_EDGE('',*,*,#5052,.T.);
#1142=ORIENTED_EDGE('',*,*,#4569,.T.);
#1143=ORIENTED_EDGE('',*,*,#5053,.F.);
#1144=ORIENTED_EDGE('',*,*,#5019,.F.);
#1145=ORIENTED_EDGE('',*,*,#4559,.F.);
#1146=ORIENTED_EDGE('',*,*,#5054,.T.);
#1147=ORIENTED_EDGE('',*,*,#4868,.F.);
#1148=ORIENTED_EDGE('',*,*,#5055,.T.);
#1149=ORIENTED_EDGE('',*,*,#4761,.F.);
#1150=ORIENTED_EDGE('',*,*,#5056,.T.);
#1151=ORIENTED_EDGE('',*,*,#4551,.F.);
#1152=ORIENTED_EDGE('',*,*,#5057,.T.);
#1153=ORIENTED_EDGE('',*,*,#4849,.F.);
#1154=ORIENTED_EDGE('',*,*,#5058,.T.);
#1155=ORIENTED_EDGE('',*,*,#4731,.F.);
#1156=ORIENTED_EDGE('',*,*,#5059,.T.);
#1157=ORIENTED_EDGE('',*,*,#4543,.F.);
#1158=ORIENTED_EDGE('',*,*,#5060,.T.);
#1159=ORIENTED_EDGE('',*,*,#4830,.F.);
#1160=ORIENTED_EDGE('',*,*,#5061,.T.);
#1161=ORIENTED_EDGE('',*,*,#4708,.F.);
#1162=ORIENTED_EDGE('',*,*,#5062,.T.);
#1163=ORIENTED_EDGE('',*,*,#4535,.F.);
#1164=ORIENTED_EDGE('',*,*,#5063,.T.);
#1165=ORIENTED_EDGE('',*,*,#4811,.F.);
#1166=ORIENTED_EDGE('',*,*,#5064,.T.);
#1167=ORIENTED_EDGE('',*,*,#4685,.F.);
#1168=ORIENTED_EDGE('',*,*,#5065,.T.);
#1169=ORIENTED_EDGE('',*,*,#4527,.F.);
#1170=ORIENTED_EDGE('',*,*,#5066,.T.);
#1171=ORIENTED_EDGE('',*,*,#4792,.F.);
#1172=ORIENTED_EDGE('',*,*,#5067,.T.);
#1173=ORIENTED_EDGE('',*,*,#4662,.F.);
#1174=ORIENTED_EDGE('',*,*,#5068,.T.);
#1175=ORIENTED_EDGE('',*,*,#4519,.F.);
#1176=ORIENTED_EDGE('',*,*,#5069,.T.);
#1177=ORIENTED_EDGE('',*,*,#4773,.F.);
#1178=ORIENTED_EDGE('',*,*,#5070,.T.);
#1179=ORIENTED_EDGE('',*,*,#4639,.F.);
#1180=ORIENTED_EDGE('',*,*,#5071,.T.);
#1181=ORIENTED_EDGE('',*,*,#4571,.F.);
#1182=ORIENTED_EDGE('',*,*,#5072,.T.);
#1183=ORIENTED_EDGE('',*,*,#4880,.F.);
#1184=ORIENTED_EDGE('',*,*,#5073,.T.);
#1185=ORIENTED_EDGE('',*,*,#5074,.F.);
#1186=ORIENTED_EDGE('',*,*,#4627,.F.);
#1187=ORIENTED_EDGE('',*,*,#5075,.T.);
#1188=ORIENTED_EDGE('',*,*,#4585,.F.);
#1189=ORIENTED_EDGE('',*,*,#5076,.T.);
#1190=ORIENTED_EDGE('',*,*,#5077,.T.);
#1191=ORIENTED_EDGE('',*,*,#5078,.T.);
#1192=ORIENTED_EDGE('',*,*,#4466,.F.);
#1193=ORIENTED_EDGE('',*,*,#4579,.T.);
#1194=ORIENTED_EDGE('',*,*,#5079,.T.);
#1195=ORIENTED_EDGE('',*,*,#5080,.T.);
#1196=ORIENTED_EDGE('',*,*,#4509,.T.);
#1197=ORIENTED_EDGE('',*,*,#5081,.F.);
#1198=ORIENTED_EDGE('',*,*,#5082,.T.);
#1199=ORIENTED_EDGE('',*,*,#5083,.T.);
#1200=ORIENTED_EDGE('',*,*,#5084,.F.);
#1201=ORIENTED_EDGE('',*,*,#5085,.F.);
#1202=ORIENTED_EDGE('',*,*,#5086,.T.);
#1203=ORIENTED_EDGE('',*,*,#5087,.F.);
#1204=ORIENTED_EDGE('',*,*,#5088,.F.);
#1205=ORIENTED_EDGE('',*,*,#4577,.F.);
#1206=ORIENTED_EDGE('',*,*,#4473,.T.);
#1207=ORIENTED_EDGE('',*,*,#5089,.F.);
#1208=ORIENTED_EDGE('',*,*,#5090,.F.);
#1209=ORIENTED_EDGE('',*,*,#5091,.T.);
#1210=ORIENTED_EDGE('',*,*,#4480,.T.);
#1211=ORIENTED_EDGE('',*,*,#5092,.F.);
#1212=ORIENTED_EDGE('',*,*,#5093,.F.);
#1213=ORIENTED_EDGE('',*,*,#5094,.T.);
#1214=ORIENTED_EDGE('',*,*,#4503,.F.);
#1215=ORIENTED_EDGE('',*,*,#5095,.T.);
#1216=ORIENTED_EDGE('',*,*,#5096,.T.);
#1217=ORIENTED_EDGE('',*,*,#4771,.F.);
#1218=ORIENTED_EDGE('',*,*,#5097,.T.);
#1219=ORIENTED_EDGE('',*,*,#4629,.T.);
#1220=ORIENTED_EDGE('',*,*,#5098,.T.);
#1221=ORIENTED_EDGE('',*,*,#5099,.F.);
#1222=ORIENTED_EDGE('',*,*,#5100,.T.);
#1223=ORIENTED_EDGE('',*,*,#5101,.T.);
#1224=ORIENTED_EDGE('',*,*,#5102,.T.);
#1225=ORIENTED_EDGE('',*,*,#4878,.F.);
#1226=ORIENTED_EDGE('',*,*,#5103,.T.);
#1227=ORIENTED_EDGE('',*,*,#4763,.T.);
#1228=ORIENTED_EDGE('',*,*,#5104,.T.);
#1229=ORIENTED_EDGE('',*,*,#5105,.F.);
#1230=ORIENTED_EDGE('',*,*,#5106,.T.);
#1231=ORIENTED_EDGE('',*,*,#5105,.T.);
#1232=ORIENTED_EDGE('',*,*,#5107,.T.);
#1233=ORIENTED_EDGE('',*,*,#4977,.F.);
#1234=ORIENTED_EDGE('',*,*,#5108,.T.);
#1235=ORIENTED_EDGE('',*,*,#4965,.T.);
#1236=ORIENTED_EDGE('',*,*,#5109,.T.);
#1237=ORIENTED_EDGE('',*,*,#5095,.F.);
#1238=ORIENTED_EDGE('',*,*,#5110,.T.);
#1239=ORIENTED_EDGE('',*,*,#5111,.F.);
#1240=ORIENTED_EDGE('',*,*,#5112,.T.);
#1241=ORIENTED_EDGE('',*,*,#5113,.F.);
#1242=ORIENTED_EDGE('',*,*,#5114,.T.);
#1243=ORIENTED_EDGE('',*,*,#5115,.T.);
#1244=ORIENTED_EDGE('',*,*,#5116,.T.);
#1245=ORIENTED_EDGE('',*,*,#4488,.T.);
#1246=ORIENTED_EDGE('',*,*,#4892,.F.);
#1247=ORIENTED_EDGE('',*,*,#4580,.T.);
#1248=ORIENTED_EDGE('',*,*,#4470,.T.);
#1249=ORIENTED_EDGE('',*,*,#5117,.T.);
#1250=ORIENTED_EDGE('',*,*,#5118,.T.);
#1251=ORIENTED_EDGE('',*,*,#5119,.T.);
#1252=ORIENTED_EDGE('',*,*,#4507,.F.);
#1253=ORIENTED_EDGE('',*,*,#5120,.F.);
#1254=ORIENTED_EDGE('',*,*,#5121,.F.);
#1255=ORIENTED_EDGE('',*,*,#5122,.F.);
#1256=ORIENTED_EDGE('',*,*,#5123,.F.);
#1257=ORIENTED_EDGE('',*,*,#5124,.F.);
#1258=ORIENTED_EDGE('',*,*,#5120,.T.);
#1259=ORIENTED_EDGE('',*,*,#4506,.T.);
#1260=ORIENTED_EDGE('',*,*,#5125,.T.);
#1261=ORIENTED_EDGE('',*,*,#5126,.F.);
#1262=ORIENTED_EDGE('',*,*,#5127,.F.);
#1263=ORIENTED_EDGE('',*,*,#4898,.F.);
#1264=ORIENTED_EDGE('',*,*,#5128,.T.);
#1265=ORIENTED_EDGE('',*,*,#5129,.T.);
#1266=ORIENTED_EDGE('',*,*,#5130,.F.);
#1267=ORIENTED_EDGE('',*,*,#4894,.F.);
#1268=ORIENTED_EDGE('',*,*,#5131,.T.);
#1269=ORIENTED_EDGE('',*,*,#5132,.T.);
#1270=ORIENTED_EDGE('',*,*,#5113,.T.);
#1271=ORIENTED_EDGE('',*,*,#5133,.F.);
#1272=ORIENTED_EDGE('',*,*,#5134,.F.);
#1273=ORIENTED_EDGE('',*,*,#5135,.F.);
#1274=ORIENTED_EDGE('',*,*,#5136,.F.);
#1275=ORIENTED_EDGE('',*,*,#5137,.F.);
#1276=ORIENTED_EDGE('',*,*,#5138,.F.);
#1277=ORIENTED_EDGE('',*,*,#5139,.F.);
#1278=ORIENTED_EDGE('',*,*,#5140,.F.);
#1279=ORIENTED_EDGE('',*,*,#5141,.F.);
#1280=ORIENTED_EDGE('',*,*,#5142,.F.);
#1281=ORIENTED_EDGE('',*,*,#5143,.F.);
#1282=ORIENTED_EDGE('',*,*,#4954,.F.);
#1283=ORIENTED_EDGE('',*,*,#4900,.F.);
#1284=ORIENTED_EDGE('',*,*,#4493,.F.);
#1285=ORIENTED_EDGE('',*,*,#5144,.F.);
#1286=ORIENTED_EDGE('',*,*,#4498,.F.);
#1287=ORIENTED_EDGE('',*,*,#5145,.F.);
#1288=ORIENTED_EDGE('',*,*,#5125,.F.);
#1289=ORIENTED_EDGE('',*,*,#4505,.T.);
#1290=ORIENTED_EDGE('',*,*,#5146,.F.);
#1291=ORIENTED_EDGE('',*,*,#4482,.F.);
#1292=ORIENTED_EDGE('',*,*,#5147,.F.);
#1293=ORIENTED_EDGE('',*,*,#4475,.F.);
#1294=ORIENTED_EDGE('',*,*,#4576,.T.);
#1295=ORIENTED_EDGE('',*,*,#4584,.F.);
#1296=ORIENTED_EDGE('',*,*,#4957,.F.);
#1297=ORIENTED_EDGE('',*,*,#5148,.T.);
#1298=ORIENTED_EDGE('',*,*,#5099,.T.);
#1299=ORIENTED_EDGE('',*,*,#5149,.F.);
#1300=ORIENTED_EDGE('',*,*,#5076,.F.);
#1301=ORIENTED_EDGE('',*,*,#4572,.F.);
#1302=ORIENTED_EDGE('',*,*,#5074,.T.);
#1303=ORIENTED_EDGE('',*,*,#5150,.T.);
#1304=ORIENTED_EDGE('',*,*,#5101,.F.);
#1305=ORIENTED_EDGE('',*,*,#5151,.T.);
#1306=ORIENTED_EDGE('',*,*,#4985,.T.);
#1307=ORIENTED_EDGE('',*,*,#5152,.F.);
#1308=ORIENTED_EDGE('',*,*,#5153,.F.);
#1309=ORIENTED_EDGE('',*,*,#5129,.F.);
#1310=ORIENTED_EDGE('',*,*,#5154,.F.);
#1311=ORIENTED_EDGE('',*,*,#5155,.F.);
#1312=ORIENTED_EDGE('',*,*,#5156,.T.);
#1313=ORIENTED_EDGE('',*,*,#5133,.T.);
#1314=ORIENTED_EDGE('',*,*,#4987,.F.);
#1315=ORIENTED_EDGE('',*,*,#5157,.F.);
#1316=ORIENTED_EDGE('',*,*,#5158,.T.);
#1317=ORIENTED_EDGE('',*,*,#5137,.T.);
#1318=ORIENTED_EDGE('',*,*,#5159,.T.);
#1319=ORIENTED_EDGE('',*,*,#5143,.T.);
#1320=ORIENTED_EDGE('',*,*,#5160,.T.);
#1321=ORIENTED_EDGE('',*,*,#5161,.F.);
#1322=ORIENTED_EDGE('',*,*,#5162,.T.);
#1323=ORIENTED_EDGE('',*,*,#5139,.T.);
#1324=ORIENTED_EDGE('',*,*,#5163,.F.);
#1325=ORIENTED_EDGE('',*,*,#5164,.F.);
#1326=ORIENTED_EDGE('',*,*,#4955,.T.);
#1327=ORIENTED_EDGE('',*,*,#5138,.T.);
#1328=ORIENTED_EDGE('',*,*,#5158,.F.);
#1329=ORIENTED_EDGE('',*,*,#5165,.F.);
#1330=ORIENTED_EDGE('',*,*,#5163,.T.);
#1331=ORIENTED_EDGE('',*,*,#4929,.F.);
#1332=ORIENTED_EDGE('',*,*,#4646,.F.);
#1333=ORIENTED_EDGE('',*,*,#4966,.T.);
#1334=ORIENTED_EDGE('',*,*,#5110,.F.);
#1335=ORIENTED_EDGE('',*,*,#5097,.F.);
#1336=ORIENTED_EDGE('',*,*,#4770,.F.);
#1337=ORIENTED_EDGE('',*,*,#4927,.F.);
#1338=ORIENTED_EDGE('',*,*,#4630,.F.);
#1339=ORIENTED_EDGE('',*,*,#5100,.F.);
#1340=ORIENTED_EDGE('',*,*,#5148,.F.);
#1341=ORIENTED_EDGE('',*,*,#4956,.T.);
#1342=ORIENTED_EDGE('',*,*,#5164,.T.);
#1343=ORIENTED_EDGE('',*,*,#5165,.T.);
#1344=ORIENTED_EDGE('',*,*,#5157,.T.);
#1345=ORIENTED_EDGE('',*,*,#4986,.T.);
#1346=ORIENTED_EDGE('',*,*,#5151,.F.);
#1347=ORIENTED_EDGE('',*,*,#5103,.F.);
#1348=ORIENTED_EDGE('',*,*,#4877,.F.);
#1349=ORIENTED_EDGE('',*,*,#4951,.F.);
#1350=ORIENTED_EDGE('',*,*,#4764,.F.);
#1351=ORIENTED_EDGE('',*,*,#5106,.F.);
#1352=ORIENTED_EDGE('',*,*,#5108,.F.);
#1353=ORIENTED_EDGE('',*,*,#4976,.T.);
#1354=ORIENTED_EDGE('',*,*,#4861,.F.);
#1355=ORIENTED_EDGE('',*,*,#4945,.F.);
#1356=ORIENTED_EDGE('',*,*,#4738,.F.);
#1357=ORIENTED_EDGE('',*,*,#4974,.T.);
#1358=ORIENTED_EDGE('',*,*,#4842,.F.);
#1359=ORIENTED_EDGE('',*,*,#4941,.F.);
#1360=ORIENTED_EDGE('',*,*,#4715,.F.);
#1361=ORIENTED_EDGE('',*,*,#4972,.T.);
#1362=ORIENTED_EDGE('',*,*,#4823,.F.);
#1363=ORIENTED_EDGE('',*,*,#4937,.F.);
#1364=ORIENTED_EDGE('',*,*,#4692,.F.);
#1365=ORIENTED_EDGE('',*,*,#4970,.T.);
#1366=ORIENTED_EDGE('',*,*,#4804,.F.);
#1367=ORIENTED_EDGE('',*,*,#4933,.F.);
#1368=ORIENTED_EDGE('',*,*,#4669,.F.);
#1369=ORIENTED_EDGE('',*,*,#4968,.T.);
#1370=ORIENTED_EDGE('',*,*,#4785,.F.);
#1371=ORIENTED_EDGE('',*,*,#4618,.F.);
#1372=ORIENTED_EDGE('',*,*,#4615,.F.);
#1373=ORIENTED_EDGE('',*,*,#4767,.F.);
#1374=ORIENTED_EDGE('',*,*,#4925,.F.);
#1375=ORIENTED_EDGE('',*,*,#4650,.F.);
#1376=ORIENTED_EDGE('',*,*,#4653,.F.);
#1377=ORIENTED_EDGE('',*,*,#4782,.F.);
#1378=ORIENTED_EDGE('',*,*,#4931,.F.);
#1379=ORIENTED_EDGE('',*,*,#4673,.F.);
#1380=ORIENTED_EDGE('',*,*,#4676,.F.);
#1381=ORIENTED_EDGE('',*,*,#4801,.F.);
#1382=ORIENTED_EDGE('',*,*,#4935,.F.);
#1383=ORIENTED_EDGE('',*,*,#4696,.F.);
#1384=ORIENTED_EDGE('',*,*,#4699,.F.);
#1385=ORIENTED_EDGE('',*,*,#4820,.F.);
#1386=ORIENTED_EDGE('',*,*,#4939,.F.);
#1387=ORIENTED_EDGE('',*,*,#4719,.F.);
#1388=ORIENTED_EDGE('',*,*,#4722,.F.);
#1389=ORIENTED_EDGE('',*,*,#4839,.F.);
#1390=ORIENTED_EDGE('',*,*,#4943,.F.);
#1391=ORIENTED_EDGE('',*,*,#4742,.F.);
#1392=ORIENTED_EDGE('',*,*,#4745,.F.);
#1393=ORIENTED_EDGE('',*,*,#4858,.F.);
#1394=ORIENTED_EDGE('',*,*,#4947,.F.);
#1395=ORIENTED_EDGE('',*,*,#4752,.F.);
#1396=ORIENTED_EDGE('',*,*,#4749,.F.);
#1397=ORIENTED_EDGE('',*,*,#4889,.F.);
#1398=ORIENTED_EDGE('',*,*,#4949,.F.);
#1399=ORIENTED_EDGE('',*,*,#5161,.T.);
#1400=ORIENTED_EDGE('',*,*,#5166,.T.);
#1401=ORIENTED_EDGE('',*,*,#5167,.T.);
#1402=ORIENTED_EDGE('',*,*,#5168,.T.);
#1403=ORIENTED_EDGE('',*,*,#5168,.F.);
#1404=ORIENTED_EDGE('',*,*,#5169,.T.);
#1405=ORIENTED_EDGE('',*,*,#5140,.T.);
#1406=ORIENTED_EDGE('',*,*,#5162,.F.);
#1407=ORIENTED_EDGE('',*,*,#5142,.T.);
#1408=ORIENTED_EDGE('',*,*,#5170,.F.);
#1409=ORIENTED_EDGE('',*,*,#5166,.F.);
#1410=ORIENTED_EDGE('',*,*,#5160,.F.);
#1411=ORIENTED_EDGE('',*,*,#5141,.T.);
#1412=ORIENTED_EDGE('',*,*,#5169,.F.);
#1413=ORIENTED_EDGE('',*,*,#5167,.F.);
#1414=ORIENTED_EDGE('',*,*,#5170,.T.);
#1415=ORIENTED_EDGE('',*,*,#5171,.F.);
#1416=ORIENTED_EDGE('',*,*,#5172,.T.);
#1417=ORIENTED_EDGE('',*,*,#5134,.T.);
#1418=ORIENTED_EDGE('',*,*,#5156,.F.);
#1419=ORIENTED_EDGE('',*,*,#5136,.T.);
#1420=ORIENTED_EDGE('',*,*,#5173,.F.);
#1421=ORIENTED_EDGE('',*,*,#5174,.F.);
#1422=ORIENTED_EDGE('',*,*,#5159,.F.);
#1423=ORIENTED_EDGE('',*,*,#5155,.T.);
#1424=ORIENTED_EDGE('',*,*,#5174,.T.);
#1425=ORIENTED_EDGE('',*,*,#5175,.T.);
#1426=ORIENTED_EDGE('',*,*,#5171,.T.);
#1427=ORIENTED_EDGE('',*,*,#5135,.T.);
#1428=ORIENTED_EDGE('',*,*,#5172,.F.);
#1429=ORIENTED_EDGE('',*,*,#5175,.F.);
#1430=ORIENTED_EDGE('',*,*,#5173,.T.);
#1431=ORIENTED_EDGE('',*,*,#5153,.T.);
#1432=ORIENTED_EDGE('',*,*,#5176,.F.);
#1433=ORIENTED_EDGE('',*,*,#4895,.F.);
#1434=ORIENTED_EDGE('',*,*,#5130,.T.);
#1435=ORIENTED_EDGE('',*,*,#5152,.T.);
#1436=ORIENTED_EDGE('',*,*,#5177,.F.);
#1437=ORIENTED_EDGE('',*,*,#4896,.F.);
#1438=ORIENTED_EDGE('',*,*,#5176,.T.);
#1439=ORIENTED_EDGE('',*,*,#5154,.T.);
#1440=ORIENTED_EDGE('',*,*,#5128,.F.);
#1441=ORIENTED_EDGE('',*,*,#4897,.F.);
#1442=ORIENTED_EDGE('',*,*,#5177,.T.);
#1443=ORIENTED_EDGE('',*,*,#5178,.F.);
#1444=ORIENTED_EDGE('',*,*,#5131,.F.);
#1445=ORIENTED_EDGE('',*,*,#4893,.F.);
#1446=ORIENTED_EDGE('',*,*,#4486,.F.);
#1447=ORIENTED_EDGE('',*,*,#5179,.T.);
#1448=ORIENTED_EDGE('',*,*,#5180,.T.);
#1449=ORIENTED_EDGE('',*,*,#5181,.F.);
#1450=ORIENTED_EDGE('',*,*,#5182,.F.);
#1451=ORIENTED_EDGE('',*,*,#5183,.T.);
#1452=ORIENTED_EDGE('',*,*,#5184,.T.);
#1453=ORIENTED_EDGE('',*,*,#5114,.F.);
#1454=ORIENTED_EDGE('',*,*,#5132,.F.);
#1455=ORIENTED_EDGE('',*,*,#5178,.T.);
#1456=ORIENTED_EDGE('',*,*,#5185,.F.);
#1457=ORIENTED_EDGE('',*,*,#5186,.T.);
#1458=ORIENTED_EDGE('',*,*,#5187,.T.);
#1459=ORIENTED_EDGE('',*,*,#5188,.F.);
#1460=ORIENTED_EDGE('',*,*,#5189,.T.);
#1461=ORIENTED_EDGE('',*,*,#5182,.T.);
#1462=ORIENTED_EDGE('',*,*,#5190,.T.);
#1463=ORIENTED_EDGE('',*,*,#5115,.F.);
#1464=ORIENTED_EDGE('',*,*,#5187,.F.);
#1465=ORIENTED_EDGE('',*,*,#5116,.F.);
#1466=ORIENTED_EDGE('',*,*,#5190,.F.);
#1467=ORIENTED_EDGE('',*,*,#5181,.T.);
#1468=ORIENTED_EDGE('',*,*,#5191,.F.);
#1469=ORIENTED_EDGE('',*,*,#5192,.T.);
#1470=ORIENTED_EDGE('',*,*,#4489,.T.);
#1471=ORIENTED_EDGE('',*,*,#5193,.F.);
#1472=ORIENTED_EDGE('',*,*,#5194,.T.);
#1473=ORIENTED_EDGE('',*,*,#5195,.T.);
#1474=ORIENTED_EDGE('',*,*,#5081,.T.);
#1475=ORIENTED_EDGE('',*,*,#4508,.T.);
#1476=ORIENTED_EDGE('',*,*,#5119,.F.);
#1477=ORIENTED_EDGE('',*,*,#5196,.F.);
#1478=ORIENTED_EDGE('',*,*,#5193,.T.);
#1479=ORIENTED_EDGE('',*,*,#5118,.F.);
#1480=ORIENTED_EDGE('',*,*,#5197,.F.);
#1481=ORIENTED_EDGE('',*,*,#5084,.T.);
#1482=ORIENTED_EDGE('',*,*,#5198,.F.);
#1483=ORIENTED_EDGE('',*,*,#4469,.F.);
#1484=ORIENTED_EDGE('',*,*,#5199,.T.);
#1485=ORIENTED_EDGE('',*,*,#5200,.T.);
#1486=ORIENTED_EDGE('',*,*,#5085,.T.);
#1487=ORIENTED_EDGE('',*,*,#5197,.T.);
#1488=ORIENTED_EDGE('',*,*,#5117,.F.);
#1489=ORIENTED_EDGE('',*,*,#5091,.F.);
#1490=ORIENTED_EDGE('',*,*,#5201,.T.);
#1491=ORIENTED_EDGE('',*,*,#5202,.F.);
#1492=ORIENTED_EDGE('',*,*,#4476,.T.);
#1493=ORIENTED_EDGE('',*,*,#5147,.T.);
#1494=ORIENTED_EDGE('',*,*,#4481,.F.);
#1495=ORIENTED_EDGE('',*,*,#5094,.F.);
#1496=ORIENTED_EDGE('',*,*,#5203,.T.);
#1497=ORIENTED_EDGE('',*,*,#5204,.F.);
#1498=ORIENTED_EDGE('',*,*,#4483,.T.);
#1499=ORIENTED_EDGE('',*,*,#5146,.T.);
#1500=ORIENTED_EDGE('',*,*,#4504,.F.);
#1501=ORIENTED_EDGE('',*,*,#4499,.T.);
#1502=ORIENTED_EDGE('',*,*,#5144,.T.);
#1503=ORIENTED_EDGE('',*,*,#4492,.F.);
#1504=ORIENTED_EDGE('',*,*,#5205,.F.);
#1505=ORIENTED_EDGE('',*,*,#5206,.F.);
#1506=ORIENTED_EDGE('',*,*,#5207,.F.);
#1507=ORIENTED_EDGE('',*,*,#5126,.T.);
#1508=ORIENTED_EDGE('',*,*,#5145,.T.);
#1509=ORIENTED_EDGE('',*,*,#4497,.F.);
#1510=ORIENTED_EDGE('',*,*,#5208,.F.);
#1511=ORIENTED_EDGE('',*,*,#5209,.F.);
#1512=ORIENTED_EDGE('',*,*,#5210,.F.);
#1513=ORIENTED_EDGE('',*,*,#5207,.T.);
#1514=ORIENTED_EDGE('',*,*,#5211,.F.);
#1515=ORIENTED_EDGE('',*,*,#5212,.F.);
#1516=ORIENTED_EDGE('',*,*,#4495,.T.);
#1517=ORIENTED_EDGE('',*,*,#4899,.T.);
#1518=ORIENTED_EDGE('',*,*,#5127,.T.);
#1519=ORIENTED_EDGE('',*,*,#5210,.T.);
#1520=ORIENTED_EDGE('',*,*,#5213,.F.);
#1521=ORIENTED_EDGE('',*,*,#5214,.F.);
#1522=ORIENTED_EDGE('',*,*,#4500,.T.);
#1523=ORIENTED_EDGE('',*,*,#4568,.T.);
#1524=ORIENTED_EDGE('',*,*,#5023,.T.);
#1525=ORIENTED_EDGE('',*,*,#5020,.T.);
#1526=ORIENTED_EDGE('',*,*,#5053,.T.);
#1527=ORIENTED_EDGE('',*,*,#5039,.F.);
#1528=ORIENTED_EDGE('',*,*,#5006,.F.);
#1529=ORIENTED_EDGE('',*,*,#5037,.F.);
#1530=ORIENTED_EDGE('',*,*,#4588,.F.);
#1531=ORIENTED_EDGE('',*,*,#5055,.F.);
#1532=ORIENTED_EDGE('',*,*,#4867,.F.);
#1533=ORIENTED_EDGE('',*,*,#4978,.T.);
#1534=ORIENTED_EDGE('',*,*,#5107,.F.);
#1535=ORIENTED_EDGE('',*,*,#5104,.F.);
#1536=ORIENTED_EDGE('',*,*,#4762,.F.);
#1537=ORIENTED_EDGE('',*,*,#5058,.F.);
#1538=ORIENTED_EDGE('',*,*,#4848,.F.);
#1539=ORIENTED_EDGE('',*,*,#5001,.T.);
#1540=ORIENTED_EDGE('',*,*,#4732,.F.);
#1541=ORIENTED_EDGE('',*,*,#5061,.F.);
#1542=ORIENTED_EDGE('',*,*,#4829,.F.);
#1543=ORIENTED_EDGE('',*,*,#4998,.T.);
#1544=ORIENTED_EDGE('',*,*,#4709,.F.);
#1545=ORIENTED_EDGE('',*,*,#5064,.F.);
#1546=ORIENTED_EDGE('',*,*,#4810,.F.);
#1547=ORIENTED_EDGE('',*,*,#4995,.T.);
#1548=ORIENTED_EDGE('',*,*,#4686,.F.);
#1549=ORIENTED_EDGE('',*,*,#5067,.F.);
#1550=ORIENTED_EDGE('',*,*,#4791,.F.);
#1551=ORIENTED_EDGE('',*,*,#4992,.T.);
#1552=ORIENTED_EDGE('',*,*,#4663,.F.);
#1553=ORIENTED_EDGE('',*,*,#5070,.F.);
#1554=ORIENTED_EDGE('',*,*,#4772,.F.);
#1555=ORIENTED_EDGE('',*,*,#5096,.F.);
#1556=ORIENTED_EDGE('',*,*,#5109,.F.);
#1557=ORIENTED_EDGE('',*,*,#4964,.T.);
#1558=ORIENTED_EDGE('',*,*,#4640,.F.);
#1559=ORIENTED_EDGE('',*,*,#5150,.F.);
#1560=ORIENTED_EDGE('',*,*,#5073,.F.);
#1561=ORIENTED_EDGE('',*,*,#4879,.F.);
#1562=ORIENTED_EDGE('',*,*,#5102,.F.);
#1563=ORIENTED_EDGE('',*,*,#5077,.F.);
#1564=ORIENTED_EDGE('',*,*,#5149,.T.);
#1565=ORIENTED_EDGE('',*,*,#5098,.F.);
#1566=ORIENTED_EDGE('',*,*,#4628,.F.);
#1567=ORIENTED_EDGE('',*,*,#5215,.T.);
#1568=ORIENTED_EDGE('',*,*,#5087,.T.);
#1569=ORIENTED_EDGE('',*,*,#4502,.F.);
#1570=ORIENTED_EDGE('',*,*,#5080,.F.);
#1571=ORIENTED_EDGE('',*,*,#4578,.T.);
#1572=ORIENTED_EDGE('',*,*,#5088,.T.);
#1573=ORIENTED_EDGE('',*,*,#5215,.F.);
#1574=ORIENTED_EDGE('',*,*,#5079,.F.);
#1575=ORIENTED_EDGE('',*,*,#4774,.F.);
#1576=ORIENTED_EDGE('',*,*,#5069,.F.);
#1577=ORIENTED_EDGE('',*,*,#4518,.T.);
#1578=ORIENTED_EDGE('',*,*,#5040,.F.);
#1579=ORIENTED_EDGE('',*,*,#4586,.F.);
#1580=ORIENTED_EDGE('',*,*,#5075,.F.);
#1581=ORIENTED_EDGE('',*,*,#4626,.T.);
#1582=ORIENTED_EDGE('',*,*,#5038,.F.);
#1583=ORIENTED_EDGE('',*,*,#4617,.F.);
#1584=ORIENTED_EDGE('',*,*,#4926,.F.);
#1585=ORIENTED_EDGE('',*,*,#4768,.T.);
#1586=ORIENTED_EDGE('',*,*,#4613,.F.);
#1587=ORIENTED_EDGE('',*,*,#4881,.F.);
#1588=ORIENTED_EDGE('',*,*,#5072,.F.);
#1589=ORIENTED_EDGE('',*,*,#4570,.T.);
#1590=ORIENTED_EDGE('',*,*,#5052,.F.);
#1591=ORIENTED_EDGE('',*,*,#4560,.F.);
#1592=ORIENTED_EDGE('',*,*,#5056,.F.);
#1593=ORIENTED_EDGE('',*,*,#4760,.T.);
#1594=ORIENTED_EDGE('',*,*,#5051,.F.);
#1595=ORIENTED_EDGE('',*,*,#4751,.F.);
#1596=ORIENTED_EDGE('',*,*,#4950,.F.);
#1597=ORIENTED_EDGE('',*,*,#4875,.T.);
#1598=ORIENTED_EDGE('',*,*,#4747,.F.);
#1599=ORIENTED_EDGE('',*,*,#4793,.F.);
#1600=ORIENTED_EDGE('',*,*,#5066,.F.);
#1601=ORIENTED_EDGE('',*,*,#4526,.T.);
#1602=ORIENTED_EDGE('',*,*,#5042,.F.);
#1603=ORIENTED_EDGE('',*,*,#4520,.F.);
#1604=ORIENTED_EDGE('',*,*,#5071,.F.);
#1605=ORIENTED_EDGE('',*,*,#4638,.T.);
#1606=ORIENTED_EDGE('',*,*,#5041,.F.);
#1607=ORIENTED_EDGE('',*,*,#4648,.F.);
#1608=ORIENTED_EDGE('',*,*,#4928,.F.);
#1609=ORIENTED_EDGE('',*,*,#4783,.T.);
#1610=ORIENTED_EDGE('',*,*,#4651,.F.);
#1611=ORIENTED_EDGE('',*,*,#4812,.F.);
#1612=ORIENTED_EDGE('',*,*,#5063,.F.);
#1613=ORIENTED_EDGE('',*,*,#4534,.T.);
#1614=ORIENTED_EDGE('',*,*,#5044,.F.);
#1615=ORIENTED_EDGE('',*,*,#4528,.F.);
#1616=ORIENTED_EDGE('',*,*,#5068,.F.);
#1617=ORIENTED_EDGE('',*,*,#4661,.T.);
#1618=ORIENTED_EDGE('',*,*,#5043,.F.);
#1619=ORIENTED_EDGE('',*,*,#4671,.F.);
#1620=ORIENTED_EDGE('',*,*,#4932,.F.);
#1621=ORIENTED_EDGE('',*,*,#4802,.T.);
#1622=ORIENTED_EDGE('',*,*,#4674,.F.);
#1623=ORIENTED_EDGE('',*,*,#4831,.F.);
#1624=ORIENTED_EDGE('',*,*,#5060,.F.);
#1625=ORIENTED_EDGE('',*,*,#4542,.T.);
#1626=ORIENTED_EDGE('',*,*,#5046,.F.);
#1627=ORIENTED_EDGE('',*,*,#4536,.F.);
#1628=ORIENTED_EDGE('',*,*,#5065,.F.);
#1629=ORIENTED_EDGE('',*,*,#4684,.T.);
#1630=ORIENTED_EDGE('',*,*,#5045,.F.);
#1631=ORIENTED_EDGE('',*,*,#4694,.F.);
#1632=ORIENTED_EDGE('',*,*,#4936,.F.);
#1633=ORIENTED_EDGE('',*,*,#4821,.T.);
#1634=ORIENTED_EDGE('',*,*,#4697,.F.);
#1635=ORIENTED_EDGE('',*,*,#4850,.F.);
#1636=ORIENTED_EDGE('',*,*,#5057,.F.);
#1637=ORIENTED_EDGE('',*,*,#4550,.T.);
#1638=ORIENTED_EDGE('',*,*,#5048,.F.);
#1639=ORIENTED_EDGE('',*,*,#4544,.F.);
#1640=ORIENTED_EDGE('',*,*,#5062,.F.);
#1641=ORIENTED_EDGE('',*,*,#4707,.T.);
#1642=ORIENTED_EDGE('',*,*,#5047,.F.);
#1643=ORIENTED_EDGE('',*,*,#4717,.F.);
#1644=ORIENTED_EDGE('',*,*,#4940,.F.);
#1645=ORIENTED_EDGE('',*,*,#4840,.T.);
#1646=ORIENTED_EDGE('',*,*,#4720,.F.);
#1647=ORIENTED_EDGE('',*,*,#4869,.F.);
#1648=ORIENTED_EDGE('',*,*,#5054,.F.);
#1649=ORIENTED_EDGE('',*,*,#4558,.T.);
#1650=ORIENTED_EDGE('',*,*,#5050,.F.);
#1651=ORIENTED_EDGE('',*,*,#4552,.F.);
#1652=ORIENTED_EDGE('',*,*,#5059,.F.);
#1653=ORIENTED_EDGE('',*,*,#4730,.T.);
#1654=ORIENTED_EDGE('',*,*,#5049,.F.);
#1655=ORIENTED_EDGE('',*,*,#4740,.F.);
#1656=ORIENTED_EDGE('',*,*,#4944,.F.);
#1657=ORIENTED_EDGE('',*,*,#4859,.T.);
#1658=ORIENTED_EDGE('',*,*,#4743,.F.);
#1659=ORIENTED_EDGE('',*,*,#4622,.T.);
#1660=ORIENTED_EDGE('',*,*,#5216,.F.);
#1661=ORIENTED_EDGE('',*,*,#4590,.F.);
#1662=ORIENTED_EDGE('',*,*,#5036,.F.);
#1663=ORIENTED_EDGE('',*,*,#4592,.T.);
#1664=ORIENTED_EDGE('',*,*,#5217,.F.);
#1665=ORIENTED_EDGE('',*,*,#4778,.F.);
#1666=ORIENTED_EDGE('',*,*,#5034,.F.);
#1667=ORIENTED_EDGE('',*,*,#4765,.T.);
#1668=ORIENTED_EDGE('',*,*,#5218,.F.);
#1669=ORIENTED_EDGE('',*,*,#4620,.F.);
#1670=ORIENTED_EDGE('',*,*,#4924,.F.);
#1671=ORIENTED_EDGE('',*,*,#5216,.T.);
#1672=ORIENTED_EDGE('',*,*,#4621,.T.);
#1673=ORIENTED_EDGE('',*,*,#5218,.T.);
#1674=ORIENTED_EDGE('',*,*,#4779,.T.);
#1675=ORIENTED_EDGE('',*,*,#5217,.T.);
#1676=ORIENTED_EDGE('',*,*,#4591,.F.);
#1677=ORIENTED_EDGE('',*,*,#4634,.T.);
#1678=ORIENTED_EDGE('',*,*,#5219,.F.);
#1679=ORIENTED_EDGE('',*,*,#4594,.F.);
#1680=ORIENTED_EDGE('',*,*,#5035,.F.);
#1681=ORIENTED_EDGE('',*,*,#4596,.T.);
#1682=ORIENTED_EDGE('',*,*,#5220,.F.);
#1683=ORIENTED_EDGE('',*,*,#4797,.F.);
#1684=ORIENTED_EDGE('',*,*,#5032,.F.);
#1685=ORIENTED_EDGE('',*,*,#4780,.T.);
#1686=ORIENTED_EDGE('',*,*,#5221,.F.);
#1687=ORIENTED_EDGE('',*,*,#4632,.F.);
#1688=ORIENTED_EDGE('',*,*,#4930,.F.);
#1689=ORIENTED_EDGE('',*,*,#5219,.T.);
#1690=ORIENTED_EDGE('',*,*,#4633,.T.);
#1691=ORIENTED_EDGE('',*,*,#5221,.T.);
#1692=ORIENTED_EDGE('',*,*,#4798,.T.);
#1693=ORIENTED_EDGE('',*,*,#5220,.T.);
#1694=ORIENTED_EDGE('',*,*,#4595,.F.);
#1695=ORIENTED_EDGE('',*,*,#4657,.T.);
#1696=ORIENTED_EDGE('',*,*,#5222,.F.);
#1697=ORIENTED_EDGE('',*,*,#4598,.F.);
#1698=ORIENTED_EDGE('',*,*,#5033,.F.);
#1699=ORIENTED_EDGE('',*,*,#4600,.T.);
#1700=ORIENTED_EDGE('',*,*,#5223,.F.);
#1701=ORIENTED_EDGE('',*,*,#4816,.F.);
#1702=ORIENTED_EDGE('',*,*,#5030,.F.);
#1703=ORIENTED_EDGE('',*,*,#4799,.T.);
#1704=ORIENTED_EDGE('',*,*,#5224,.F.);
#1705=ORIENTED_EDGE('',*,*,#4655,.F.);
#1706=ORIENTED_EDGE('',*,*,#4934,.F.);
#1707=ORIENTED_EDGE('',*,*,#5222,.T.);
#1708=ORIENTED_EDGE('',*,*,#4656,.T.);
#1709=ORIENTED_EDGE('',*,*,#5224,.T.);
#1710=ORIENTED_EDGE('',*,*,#4817,.T.);
#1711=ORIENTED_EDGE('',*,*,#5223,.T.);
#1712=ORIENTED_EDGE('',*,*,#4599,.F.);
#1713=ORIENTED_EDGE('',*,*,#4680,.T.);
#1714=ORIENTED_EDGE('',*,*,#5225,.F.);
#1715=ORIENTED_EDGE('',*,*,#4602,.F.);
#1716=ORIENTED_EDGE('',*,*,#5031,.F.);
#1717=ORIENTED_EDGE('',*,*,#4604,.T.);
#1718=ORIENTED_EDGE('',*,*,#5226,.F.);
#1719=ORIENTED_EDGE('',*,*,#4835,.F.);
#1720=ORIENTED_EDGE('',*,*,#5028,.F.);
#1721=ORIENTED_EDGE('',*,*,#4818,.T.);
#1722=ORIENTED_EDGE('',*,*,#5227,.F.);
#1723=ORIENTED_EDGE('',*,*,#4678,.F.);
#1724=ORIENTED_EDGE('',*,*,#4938,.F.);
#1725=ORIENTED_EDGE('',*,*,#5225,.T.);
#1726=ORIENTED_EDGE('',*,*,#4679,.T.);
#1727=ORIENTED_EDGE('',*,*,#5227,.T.);
#1728=ORIENTED_EDGE('',*,*,#4836,.T.);
#1729=ORIENTED_EDGE('',*,*,#5226,.T.);
#1730=ORIENTED_EDGE('',*,*,#4603,.F.);
#1731=ORIENTED_EDGE('',*,*,#4703,.T.);
#1732=ORIENTED_EDGE('',*,*,#5228,.F.);
#1733=ORIENTED_EDGE('',*,*,#4606,.F.);
#1734=ORIENTED_EDGE('',*,*,#5029,.F.);
#1735=ORIENTED_EDGE('',*,*,#4608,.T.);
#1736=ORIENTED_EDGE('',*,*,#5229,.F.);
#1737=ORIENTED_EDGE('',*,*,#4854,.F.);
#1738=ORIENTED_EDGE('',*,*,#5026,.F.);
#1739=ORIENTED_EDGE('',*,*,#4837,.T.);
#1740=ORIENTED_EDGE('',*,*,#5230,.F.);
#1741=ORIENTED_EDGE('',*,*,#4701,.F.);
#1742=ORIENTED_EDGE('',*,*,#4942,.F.);
#1743=ORIENTED_EDGE('',*,*,#5228,.T.);
#1744=ORIENTED_EDGE('',*,*,#4702,.T.);
#1745=ORIENTED_EDGE('',*,*,#5230,.T.);
#1746=ORIENTED_EDGE('',*,*,#4855,.T.);
#1747=ORIENTED_EDGE('',*,*,#5229,.T.);
#1748=ORIENTED_EDGE('',*,*,#4607,.F.);
#1749=ORIENTED_EDGE('',*,*,#4726,.T.);
#1750=ORIENTED_EDGE('',*,*,#5231,.F.);
#1751=ORIENTED_EDGE('',*,*,#4610,.F.);
#1752=ORIENTED_EDGE('',*,*,#5027,.F.);
#1753=ORIENTED_EDGE('',*,*,#4562,.T.);
#1754=ORIENTED_EDGE('',*,*,#5232,.F.);
#1755=ORIENTED_EDGE('',*,*,#4873,.F.);
#1756=ORIENTED_EDGE('',*,*,#5024,.F.);
#1757=ORIENTED_EDGE('',*,*,#4856,.T.);
#1758=ORIENTED_EDGE('',*,*,#5233,.F.);
#1759=ORIENTED_EDGE('',*,*,#4724,.F.);
#1760=ORIENTED_EDGE('',*,*,#4946,.F.);
#1761=ORIENTED_EDGE('',*,*,#5231,.T.);
#1762=ORIENTED_EDGE('',*,*,#4725,.T.);
#1763=ORIENTED_EDGE('',*,*,#5233,.T.);
#1764=ORIENTED_EDGE('',*,*,#4874,.T.);
#1765=ORIENTED_EDGE('',*,*,#5232,.T.);
#1766=ORIENTED_EDGE('',*,*,#4611,.F.);
#1767=ORIENTED_EDGE('',*,*,#4756,.T.);
#1768=ORIENTED_EDGE('',*,*,#5234,.F.);
#1769=ORIENTED_EDGE('',*,*,#4564,.F.);
#1770=ORIENTED_EDGE('',*,*,#5025,.F.);
#1771=ORIENTED_EDGE('',*,*,#4566,.T.);
#1772=ORIENTED_EDGE('',*,*,#5235,.F.);
#1773=ORIENTED_EDGE('',*,*,#4885,.F.);
#1774=ORIENTED_EDGE('',*,*,#5022,.F.);
#1775=ORIENTED_EDGE('',*,*,#4887,.T.);
#1776=ORIENTED_EDGE('',*,*,#5236,.F.);
#1777=ORIENTED_EDGE('',*,*,#4754,.F.);
#1778=ORIENTED_EDGE('',*,*,#4948,.F.);
#1779=ORIENTED_EDGE('',*,*,#5234,.T.);
#1780=ORIENTED_EDGE('',*,*,#4755,.T.);
#1781=ORIENTED_EDGE('',*,*,#5236,.T.);
#1782=ORIENTED_EDGE('',*,*,#4886,.T.);
#1783=ORIENTED_EDGE('',*,*,#5235,.T.);
#1784=ORIENTED_EDGE('',*,*,#4565,.F.);
#1785=ORIENTED_EDGE('',*,*,#5237,.T.);
#1786=ORIENTED_EDGE('',*,*,#4983,.F.);
#1787=ORIENTED_EDGE('',*,*,#5238,.F.);
#1788=ORIENTED_EDGE('',*,*,#4902,.F.);
#1789=ORIENTED_EDGE('',*,*,#5238,.T.);
#1790=ORIENTED_EDGE('',*,*,#4982,.F.);
#1791=ORIENTED_EDGE('',*,*,#5239,.F.);
#1792=ORIENTED_EDGE('',*,*,#4903,.F.);
#1793=ORIENTED_EDGE('',*,*,#5239,.T.);
#1794=ORIENTED_EDGE('',*,*,#4981,.F.);
#1795=ORIENTED_EDGE('',*,*,#5240,.F.);
#1796=ORIENTED_EDGE('',*,*,#4904,.F.);
#1797=ORIENTED_EDGE('',*,*,#5240,.T.);
#1798=ORIENTED_EDGE('',*,*,#4980,.F.);
#1799=ORIENTED_EDGE('',*,*,#4556,.F.);
#1800=ORIENTED_EDGE('',*,*,#4905,.F.);
#1801=ORIENTED_EDGE('',*,*,#4574,.T.);
#1802=ORIENTED_EDGE('',*,*,#4984,.F.);
#1803=ORIENTED_EDGE('',*,*,#5237,.F.);
#1804=ORIENTED_EDGE('',*,*,#4901,.F.);
#1805=ORIENTED_EDGE('',*,*,#4554,.T.);
#1806=ORIENTED_EDGE('',*,*,#4979,.F.);
#1807=ORIENTED_EDGE('',*,*,#4865,.F.);
#1808=ORIENTED_EDGE('',*,*,#4906,.F.);
#1809=ORIENTED_EDGE('',*,*,#4863,.T.);
#1810=ORIENTED_EDGE('',*,*,#4975,.F.);
#1811=ORIENTED_EDGE('',*,*,#4736,.F.);
#1812=ORIENTED_EDGE('',*,*,#4907,.F.);
#1813=ORIENTED_EDGE('',*,*,#4734,.T.);
#1814=ORIENTED_EDGE('',*,*,#5003,.F.);
#1815=ORIENTED_EDGE('',*,*,#4548,.F.);
#1816=ORIENTED_EDGE('',*,*,#4908,.F.);
#1817=ORIENTED_EDGE('',*,*,#4546,.T.);
#1818=ORIENTED_EDGE('',*,*,#5002,.F.);
#1819=ORIENTED_EDGE('',*,*,#4846,.F.);
#1820=ORIENTED_EDGE('',*,*,#4909,.F.);
#1821=ORIENTED_EDGE('',*,*,#4844,.T.);
#1822=ORIENTED_EDGE('',*,*,#4973,.F.);
#1823=ORIENTED_EDGE('',*,*,#4713,.F.);
#1824=ORIENTED_EDGE('',*,*,#4910,.F.);
#1825=ORIENTED_EDGE('',*,*,#4711,.T.);
#1826=ORIENTED_EDGE('',*,*,#5000,.F.);
#1827=ORIENTED_EDGE('',*,*,#4540,.F.);
#1828=ORIENTED_EDGE('',*,*,#4911,.F.);
#1829=ORIENTED_EDGE('',*,*,#4538,.T.);
#1830=ORIENTED_EDGE('',*,*,#4999,.F.);
#1831=ORIENTED_EDGE('',*,*,#4827,.F.);
#1832=ORIENTED_EDGE('',*,*,#4912,.F.);
#1833=ORIENTED_EDGE('',*,*,#4825,.T.);
#1834=ORIENTED_EDGE('',*,*,#4971,.F.);
#1835=ORIENTED_EDGE('',*,*,#4690,.F.);
#1836=ORIENTED_EDGE('',*,*,#4913,.F.);
#1837=ORIENTED_EDGE('',*,*,#4688,.T.);
#1838=ORIENTED_EDGE('',*,*,#4997,.F.);
#1839=ORIENTED_EDGE('',*,*,#4532,.F.);
#1840=ORIENTED_EDGE('',*,*,#4914,.F.);
#1841=ORIENTED_EDGE('',*,*,#4530,.T.);
#1842=ORIENTED_EDGE('',*,*,#4996,.F.);
#1843=ORIENTED_EDGE('',*,*,#4808,.F.);
#1844=ORIENTED_EDGE('',*,*,#4915,.F.);
#1845=ORIENTED_EDGE('',*,*,#4806,.T.);
#1846=ORIENTED_EDGE('',*,*,#4969,.F.);
#1847=ORIENTED_EDGE('',*,*,#4667,.F.);
#1848=ORIENTED_EDGE('',*,*,#4916,.F.);
#1849=ORIENTED_EDGE('',*,*,#4665,.T.);
#1850=ORIENTED_EDGE('',*,*,#4994,.F.);
#1851=ORIENTED_EDGE('',*,*,#4524,.F.);
#1852=ORIENTED_EDGE('',*,*,#4917,.F.);
#1853=ORIENTED_EDGE('',*,*,#4522,.T.);
#1854=ORIENTED_EDGE('',*,*,#4993,.F.);
#1855=ORIENTED_EDGE('',*,*,#4789,.F.);
#1856=ORIENTED_EDGE('',*,*,#4918,.F.);
#1857=ORIENTED_EDGE('',*,*,#4787,.T.);
#1858=ORIENTED_EDGE('',*,*,#4967,.F.);
#1859=ORIENTED_EDGE('',*,*,#4644,.F.);
#1860=ORIENTED_EDGE('',*,*,#4919,.F.);
#1861=ORIENTED_EDGE('',*,*,#4642,.T.);
#1862=ORIENTED_EDGE('',*,*,#4963,.F.);
#1863=ORIENTED_EDGE('',*,*,#4516,.F.);
#1864=ORIENTED_EDGE('',*,*,#4920,.F.);
#1865=ORIENTED_EDGE('',*,*,#5241,.T.);
#1866=ORIENTED_EDGE('',*,*,#4961,.F.);
#1867=ORIENTED_EDGE('',*,*,#5242,.F.);
#1868=ORIENTED_EDGE('',*,*,#4922,.F.);
#1869=ORIENTED_EDGE('',*,*,#4514,.T.);
#1870=ORIENTED_EDGE('',*,*,#4962,.F.);
#1871=ORIENTED_EDGE('',*,*,#5241,.F.);
#1872=ORIENTED_EDGE('',*,*,#4921,.F.);
#1873=ORIENTED_EDGE('',*,*,#5243,.T.);
#1874=ORIENTED_EDGE('',*,*,#4958,.F.);
#1875=ORIENTED_EDGE('',*,*,#4582,.F.);
#1876=ORIENTED_EDGE('',*,*,#4891,.F.);
#1877=ORIENTED_EDGE('',*,*,#5244,.T.);
#1878=ORIENTED_EDGE('',*,*,#4959,.F.);
#1879=ORIENTED_EDGE('',*,*,#5243,.F.);
#1880=ORIENTED_EDGE('',*,*,#4890,.F.);
#1881=ORIENTED_EDGE('',*,*,#5242,.T.);
#1882=ORIENTED_EDGE('',*,*,#4960,.F.);
#1883=ORIENTED_EDGE('',*,*,#5244,.F.);
#1884=ORIENTED_EDGE('',*,*,#4923,.F.);
#1885=ORIENTED_EDGE('',*,*,#5245,.T.);
#1886=ORIENTED_EDGE('',*,*,#4511,.F.);
#1887=ORIENTED_EDGE('',*,*,#5246,.F.);
#1888=ORIENTED_EDGE('',*,*,#5247,.T.);
#1889=ORIENTED_EDGE('',*,*,#5248,.T.);
#1890=ORIENTED_EDGE('',*,*,#5249,.F.);
#1891=ORIENTED_EDGE('',*,*,#5250,.F.);
#1892=ORIENTED_EDGE('',*,*,#4513,.T.);
#1893=ORIENTED_EDGE('',*,*,#5251,.T.);
#1894=ORIENTED_EDGE('',*,*,#5247,.F.);
#1895=ORIENTED_EDGE('',*,*,#5252,.F.);
#1896=ORIENTED_EDGE('',*,*,#5249,.T.);
#1897=ORIENTED_EDGE('',*,*,#5246,.T.);
#1898=ORIENTED_EDGE('',*,*,#4510,.T.);
#1899=ORIENTED_EDGE('',*,*,#5250,.T.);
#1900=ORIENTED_EDGE('',*,*,#5252,.T.);
#1901=ORIENTED_EDGE('',*,*,#5245,.F.);
#1902=ORIENTED_EDGE('',*,*,#5251,.F.);
#1903=ORIENTED_EDGE('',*,*,#5248,.F.);
#1904=ORIENTED_EDGE('',*,*,#4512,.F.);
#1905=ORIENTED_EDGE('',*,*,#5253,.F.);
#1906=ORIENTED_EDGE('',*,*,#5254,.F.);
#1907=ORIENTED_EDGE('',*,*,#5213,.T.);
#1908=ORIENTED_EDGE('',*,*,#5209,.T.);
#1909=ORIENTED_EDGE('',*,*,#4496,.T.);
#1910=ORIENTED_EDGE('',*,*,#5255,.T.);
#1911=ORIENTED_EDGE('',*,*,#5253,.T.);
#1912=ORIENTED_EDGE('',*,*,#5208,.T.);
#1913=ORIENTED_EDGE('',*,*,#5255,.F.);
#1914=ORIENTED_EDGE('',*,*,#4501,.F.);
#1915=ORIENTED_EDGE('',*,*,#5214,.T.);
#1916=ORIENTED_EDGE('',*,*,#5254,.T.);
#1917=ORIENTED_EDGE('',*,*,#4491,.T.);
#1918=ORIENTED_EDGE('',*,*,#5256,.T.);
#1919=ORIENTED_EDGE('',*,*,#5257,.T.);
#1920=ORIENTED_EDGE('',*,*,#5205,.T.);
#1921=ORIENTED_EDGE('',*,*,#4490,.T.);
#1922=ORIENTED_EDGE('',*,*,#5212,.T.);
#1923=ORIENTED_EDGE('',*,*,#5258,.T.);
#1924=ORIENTED_EDGE('',*,*,#5256,.F.);
#1925=ORIENTED_EDGE('',*,*,#5257,.F.);
#1926=ORIENTED_EDGE('',*,*,#5258,.F.);
#1927=ORIENTED_EDGE('',*,*,#5211,.T.);
#1928=ORIENTED_EDGE('',*,*,#5206,.T.);
#1929=ORIENTED_EDGE('',*,*,#5184,.F.);
#1930=ORIENTED_EDGE('',*,*,#5259,.F.);
#1931=ORIENTED_EDGE('',*,*,#5260,.T.);
#1932=ORIENTED_EDGE('',*,*,#5185,.T.);
#1933=ORIENTED_EDGE('',*,*,#5188,.T.);
#1934=ORIENTED_EDGE('',*,*,#5186,.F.);
#1935=ORIENTED_EDGE('',*,*,#5260,.F.);
#1936=ORIENTED_EDGE('',*,*,#5261,.F.);
#1937=ORIENTED_EDGE('',*,*,#5183,.F.);
#1938=ORIENTED_EDGE('',*,*,#5189,.F.);
#1939=ORIENTED_EDGE('',*,*,#5261,.T.);
#1940=ORIENTED_EDGE('',*,*,#5259,.T.);
#1941=ORIENTED_EDGE('',*,*,#4484,.T.);
#1942=ORIENTED_EDGE('',*,*,#5192,.F.);
#1943=ORIENTED_EDGE('',*,*,#5262,.F.);
#1944=ORIENTED_EDGE('',*,*,#5263,.F.);
#1945=ORIENTED_EDGE('',*,*,#5263,.T.);
#1946=ORIENTED_EDGE('',*,*,#5264,.T.);
#1947=ORIENTED_EDGE('',*,*,#5179,.F.);
#1948=ORIENTED_EDGE('',*,*,#4485,.F.);
#1949=ORIENTED_EDGE('',*,*,#5180,.F.);
#1950=ORIENTED_EDGE('',*,*,#5264,.F.);
#1951=ORIENTED_EDGE('',*,*,#5262,.T.);
#1952=ORIENTED_EDGE('',*,*,#5191,.T.);
#1953=ORIENTED_EDGE('',*,*,#5265,.F.);
#1954=ORIENTED_EDGE('',*,*,#5203,.F.);
#1955=ORIENTED_EDGE('',*,*,#5093,.T.);
#1956=ORIENTED_EDGE('',*,*,#5266,.T.);
#1957=ORIENTED_EDGE('',*,*,#4478,.T.);
#1958=ORIENTED_EDGE('',*,*,#5204,.T.);
#1959=ORIENTED_EDGE('',*,*,#5265,.T.);
#1960=ORIENTED_EDGE('',*,*,#5267,.T.);
#1961=ORIENTED_EDGE('',*,*,#5267,.F.);
#1962=ORIENTED_EDGE('',*,*,#5266,.F.);
#1963=ORIENTED_EDGE('',*,*,#5092,.T.);
#1964=ORIENTED_EDGE('',*,*,#4479,.T.);
#1965=ORIENTED_EDGE('',*,*,#4472,.T.);
#1966=ORIENTED_EDGE('',*,*,#5268,.F.);
#1967=ORIENTED_EDGE('',*,*,#5269,.F.);
#1968=ORIENTED_EDGE('',*,*,#5089,.T.);
#1969=ORIENTED_EDGE('',*,*,#4477,.T.);
#1970=ORIENTED_EDGE('',*,*,#5202,.T.);
#1971=ORIENTED_EDGE('',*,*,#5270,.T.);
#1972=ORIENTED_EDGE('',*,*,#5268,.T.);
#1973=ORIENTED_EDGE('',*,*,#5270,.F.);
#1974=ORIENTED_EDGE('',*,*,#5201,.F.);
#1975=ORIENTED_EDGE('',*,*,#5090,.T.);
#1976=ORIENTED_EDGE('',*,*,#5269,.T.);
#1977=ORIENTED_EDGE('',*,*,#5086,.F.);
#1978=ORIENTED_EDGE('',*,*,#5200,.F.);
#1979=ORIENTED_EDGE('',*,*,#5271,.T.);
#1980=ORIENTED_EDGE('',*,*,#5272,.T.);
#1981=ORIENTED_EDGE('',*,*,#4468,.T.);
#1982=ORIENTED_EDGE('',*,*,#5273,.F.);
#1983=ORIENTED_EDGE('',*,*,#5271,.F.);
#1984=ORIENTED_EDGE('',*,*,#5199,.F.);
#1985=ORIENTED_EDGE('',*,*,#5078,.F.);
#1986=ORIENTED_EDGE('',*,*,#5272,.F.);
#1987=ORIENTED_EDGE('',*,*,#5273,.T.);
#1988=ORIENTED_EDGE('',*,*,#4467,.F.);
#1989=ORIENTED_EDGE('',*,*,#5196,.T.);
#1990=ORIENTED_EDGE('',*,*,#5274,.F.);
#1991=ORIENTED_EDGE('',*,*,#5275,.F.);
#1992=ORIENTED_EDGE('',*,*,#5194,.F.);
#1993=ORIENTED_EDGE('',*,*,#5082,.F.);
#1994=ORIENTED_EDGE('',*,*,#5195,.F.);
#1995=ORIENTED_EDGE('',*,*,#5275,.T.);
#1996=ORIENTED_EDGE('',*,*,#5276,.T.);
#1997=ORIENTED_EDGE('',*,*,#5083,.F.);
#1998=ORIENTED_EDGE('',*,*,#5276,.F.);
#1999=ORIENTED_EDGE('',*,*,#5274,.T.);
#2000=ORIENTED_EDGE('',*,*,#5198,.T.);
#2001=ORIENTED_EDGE('',*,*,#5123,.T.);
#2002=ORIENTED_EDGE('',*,*,#5277,.F.);
#2003=ORIENTED_EDGE('',*,*,#5278,.F.);
#2004=ORIENTED_EDGE('',*,*,#5279,.T.);
#2005=ORIENTED_EDGE('',*,*,#5122,.T.);
#2006=ORIENTED_EDGE('',*,*,#5112,.F.);
#2007=ORIENTED_EDGE('',*,*,#5280,.F.);
#2008=ORIENTED_EDGE('',*,*,#5277,.T.);
#2009=ORIENTED_EDGE('',*,*,#5124,.T.);
#2010=ORIENTED_EDGE('',*,*,#5279,.F.);
#2011=ORIENTED_EDGE('',*,*,#5281,.F.);
#2012=ORIENTED_EDGE('',*,*,#5121,.T.);
#2013=ORIENTED_EDGE('',*,*,#5278,.T.);
#2014=ORIENTED_EDGE('',*,*,#5280,.T.);
#2015=ORIENTED_EDGE('',*,*,#5111,.T.);
#2016=ORIENTED_EDGE('',*,*,#5281,.T.);
#2017=ORIENTED_EDGE('',*,*,#5282,.T.);
#2018=ORIENTED_EDGE('',*,*,#5283,.T.);
#2019=ORIENTED_EDGE('',*,*,#4988,.F.);
#2020=ORIENTED_EDGE('',*,*,#5284,.F.);
#2021=ORIENTED_EDGE('',*,*,#4990,.T.);
#2022=ORIENTED_EDGE('',*,*,#5285,.T.);
#2023=ORIENTED_EDGE('',*,*,#5286,.F.);
#2024=ORIENTED_EDGE('',*,*,#5287,.F.);
#2025=ORIENTED_EDGE('',*,*,#5286,.T.);
#2026=ORIENTED_EDGE('',*,*,#5288,.T.);
#2027=ORIENTED_EDGE('',*,*,#5289,.F.);
#2028=ORIENTED_EDGE('',*,*,#5290,.F.);
#2029=ORIENTED_EDGE('',*,*,#5289,.T.);
#2030=ORIENTED_EDGE('',*,*,#5291,.T.);
#2031=ORIENTED_EDGE('',*,*,#5282,.F.);
#2032=ORIENTED_EDGE('',*,*,#5292,.F.);
#2033=ORIENTED_EDGE('',*,*,#5284,.T.);
#2034=ORIENTED_EDGE('',*,*,#4991,.T.);
#2035=ORIENTED_EDGE('',*,*,#5287,.T.);
#2036=ORIENTED_EDGE('',*,*,#5290,.T.);
#2037=ORIENTED_EDGE('',*,*,#5292,.T.);
#2038=ORIENTED_EDGE('',*,*,#4456,.F.);
#2039=ORIENTED_EDGE('',*,*,#4465,.F.);
#2040=ORIENTED_EDGE('',*,*,#4463,.F.);
#2041=ORIENTED_EDGE('',*,*,#4460,.F.);
#2042=ORIENTED_EDGE('',*,*,#4953,.F.);
#2043=ORIENTED_EDGE('',*,*,#4462,.T.);
#2044=ORIENTED_EDGE('',*,*,#4464,.F.);
#2045=ORIENTED_EDGE('',*,*,#4454,.F.);
#2046=ORIENTED_EDGE('',*,*,#4952,.F.);
#2047=ORIENTED_EDGE('',*,*,#4458,.F.);
#2048=ORIENTED_EDGE('',*,*,#4989,.T.);
#2049=ORIENTED_EDGE('',*,*,#5283,.F.);
#2050=ORIENTED_EDGE('',*,*,#5291,.F.);
#2051=ORIENTED_EDGE('',*,*,#5288,.F.);
#2052=ORIENTED_EDGE('',*,*,#5285,.F.);
#2053=ORIENTED_EDGE('',*,*,#5293,.F.);
#2054=ORIENTED_EDGE('',*,*,#5294,.T.);
#2055=ORIENTED_EDGE('',*,*,#5295,.F.);
#2056=ORIENTED_EDGE('',*,*,#5296,.F.);
#2057=ORIENTED_EDGE('',*,*,#5297,.F.);
#2058=ORIENTED_EDGE('',*,*,#5298,.T.);
#2059=ORIENTED_EDGE('',*,*,#5299,.F.);
#2060=ORIENTED_EDGE('',*,*,#5300,.T.);
#2061=ORIENTED_EDGE('',*,*,#5301,.F.);
#2062=ORIENTED_EDGE('',*,*,#5302,.T.);
#2063=ORIENTED_EDGE('',*,*,#5303,.F.);
#2064=ORIENTED_EDGE('',*,*,#5304,.T.);
#2065=ORIENTED_EDGE('',*,*,#5305,.F.);
#2066=ORIENTED_EDGE('',*,*,#5306,.T.);
#2067=ORIENTED_EDGE('',*,*,#5307,.F.);
#2068=ORIENTED_EDGE('',*,*,#5308,.T.);
#2069=ORIENTED_EDGE('',*,*,#5309,.F.);
#2070=ORIENTED_EDGE('',*,*,#5310,.T.);
#2071=ORIENTED_EDGE('',*,*,#5311,.F.);
#2072=ORIENTED_EDGE('',*,*,#5312,.T.);
#2073=ORIENTED_EDGE('',*,*,#5313,.F.);
#2074=ORIENTED_EDGE('',*,*,#5314,.T.);
#2075=ORIENTED_EDGE('',*,*,#5315,.F.);
#2076=ORIENTED_EDGE('',*,*,#5316,.T.);
#2077=ORIENTED_EDGE('',*,*,#5317,.F.);
#2078=ORIENTED_EDGE('',*,*,#5318,.T.);
#2079=ORIENTED_EDGE('',*,*,#5319,.T.);
#2080=ORIENTED_EDGE('',*,*,#5320,.T.);
#2081=ORIENTED_EDGE('',*,*,#5321,.F.);
#2082=ORIENTED_EDGE('',*,*,#5322,.T.);
#2083=ORIENTED_EDGE('',*,*,#5323,.T.);
#2084=ORIENTED_EDGE('',*,*,#5324,.T.);
#2085=ORIENTED_EDGE('',*,*,#5325,.F.);
#2086=ORIENTED_EDGE('',*,*,#5326,.T.);
#2087=ORIENTED_EDGE('',*,*,#5327,.T.);
#2088=ORIENTED_EDGE('',*,*,#5328,.T.);
#2089=ORIENTED_EDGE('',*,*,#5329,.F.);
#2090=ORIENTED_EDGE('',*,*,#5330,.T.);
#2091=ORIENTED_EDGE('',*,*,#5331,.T.);
#2092=ORIENTED_EDGE('',*,*,#5332,.T.);
#2093=ORIENTED_EDGE('',*,*,#5333,.F.);
#2094=ORIENTED_EDGE('',*,*,#5334,.T.);
#2095=ORIENTED_EDGE('',*,*,#5335,.T.);
#2096=ORIENTED_EDGE('',*,*,#5336,.T.);
#2097=ORIENTED_EDGE('',*,*,#5337,.F.);
#2098=ORIENTED_EDGE('',*,*,#5338,.T.);
#2099=ORIENTED_EDGE('',*,*,#5339,.T.);
#2100=ORIENTED_EDGE('',*,*,#5340,.T.);
#2101=ORIENTED_EDGE('',*,*,#5341,.F.);
#2102=ORIENTED_EDGE('',*,*,#5320,.F.);
#2103=ORIENTED_EDGE('',*,*,#5342,.F.);
#2104=ORIENTED_EDGE('',*,*,#5343,.F.);
#2105=ORIENTED_EDGE('',*,*,#5344,.T.);
#2106=ORIENTED_EDGE('',*,*,#5345,.F.);
#2107=ORIENTED_EDGE('',*,*,#5346,.T.);
#2108=ORIENTED_EDGE('',*,*,#5347,.F.);
#2109=ORIENTED_EDGE('',*,*,#5348,.F.);
#2110=ORIENTED_EDGE('',*,*,#5349,.F.);
#2111=ORIENTED_EDGE('',*,*,#5350,.T.);
#2112=ORIENTED_EDGE('',*,*,#5351,.F.);
#2113=ORIENTED_EDGE('',*,*,#5352,.T.);
#2114=ORIENTED_EDGE('',*,*,#5353,.F.);
#2115=ORIENTED_EDGE('',*,*,#5354,.F.);
#2116=ORIENTED_EDGE('',*,*,#5355,.F.);
#2117=ORIENTED_EDGE('',*,*,#5356,.T.);
#2118=ORIENTED_EDGE('',*,*,#5357,.F.);
#2119=ORIENTED_EDGE('',*,*,#5358,.F.);
#2120=ORIENTED_EDGE('',*,*,#5359,.F.);
#2121=ORIENTED_EDGE('',*,*,#5358,.T.);
#2122=ORIENTED_EDGE('',*,*,#5360,.F.);
#2123=ORIENTED_EDGE('',*,*,#5361,.T.);
#2124=ORIENTED_EDGE('',*,*,#5362,.F.);
#2125=ORIENTED_EDGE('',*,*,#5363,.F.);
#2126=ORIENTED_EDGE('',*,*,#5364,.T.);
#2127=ORIENTED_EDGE('',*,*,#5365,.T.);
#2128=ORIENTED_EDGE('',*,*,#5363,.T.);
#2129=ORIENTED_EDGE('',*,*,#5366,.T.);
#2130=ORIENTED_EDGE('',*,*,#5296,.T.);
#2131=ORIENTED_EDGE('',*,*,#5367,.T.);
#2132=ORIENTED_EDGE('',*,*,#5368,.T.);
#2133=ORIENTED_EDGE('',*,*,#5369,.T.);
#2134=ORIENTED_EDGE('',*,*,#5370,.T.);
#2135=ORIENTED_EDGE('',*,*,#5371,.T.);
#2136=ORIENTED_EDGE('',*,*,#5372,.F.);
#2137=ORIENTED_EDGE('',*,*,#5373,.T.);
#2138=ORIENTED_EDGE('',*,*,#5374,.F.);
#2139=ORIENTED_EDGE('',*,*,#5375,.T.);
#2140=ORIENTED_EDGE('',*,*,#5376,.T.);
#2141=ORIENTED_EDGE('',*,*,#5377,.T.);
#2142=ORIENTED_EDGE('',*,*,#5378,.F.);
#2143=ORIENTED_EDGE('',*,*,#5379,.T.);
#2144=ORIENTED_EDGE('',*,*,#5380,.F.);
#2145=ORIENTED_EDGE('',*,*,#5381,.T.);
#2146=ORIENTED_EDGE('',*,*,#5382,.T.);
#2147=ORIENTED_EDGE('',*,*,#5383,.F.);
#2148=ORIENTED_EDGE('',*,*,#5384,.T.);
#2149=ORIENTED_EDGE('',*,*,#5385,.F.);
#2150=ORIENTED_EDGE('',*,*,#5386,.F.);
#2151=ORIENTED_EDGE('',*,*,#5387,.T.);
#2152=ORIENTED_EDGE('',*,*,#5388,.F.);
#2153=ORIENTED_EDGE('',*,*,#5389,.T.);
#2154=ORIENTED_EDGE('',*,*,#5390,.F.);
#2155=ORIENTED_EDGE('',*,*,#5391,.F.);
#2156=ORIENTED_EDGE('',*,*,#5392,.F.);
#2157=ORIENTED_EDGE('',*,*,#5393,.F.);
#2158=ORIENTED_EDGE('',*,*,#5394,.F.);
#2159=ORIENTED_EDGE('',*,*,#5314,.F.);
#2160=ORIENTED_EDGE('',*,*,#5395,.F.);
#2161=ORIENTED_EDGE('',*,*,#5361,.F.);
#2162=ORIENTED_EDGE('',*,*,#5396,.F.);
#2163=ORIENTED_EDGE('',*,*,#5397,.F.);
#2164=ORIENTED_EDGE('',*,*,#5398,.F.);
#2165=ORIENTED_EDGE('',*,*,#5399,.F.);
#2166=ORIENTED_EDGE('',*,*,#5400,.F.);
#2167=ORIENTED_EDGE('',*,*,#5401,.T.);
#2168=ORIENTED_EDGE('',*,*,#5402,.F.);
#2169=ORIENTED_EDGE('',*,*,#5403,.T.);
#2170=ORIENTED_EDGE('',*,*,#5404,.F.);
#2171=ORIENTED_EDGE('',*,*,#5405,.F.);
#2172=ORIENTED_EDGE('',*,*,#5406,.F.);
#2173=ORIENTED_EDGE('',*,*,#5407,.F.);
#2174=ORIENTED_EDGE('',*,*,#5406,.T.);
#2175=ORIENTED_EDGE('',*,*,#5408,.F.);
#2176=ORIENTED_EDGE('',*,*,#5384,.F.);
#2177=ORIENTED_EDGE('',*,*,#5409,.F.);
#2178=ORIENTED_EDGE('',*,*,#5410,.T.);
#2179=ORIENTED_EDGE('',*,*,#5411,.F.);
#2180=ORIENTED_EDGE('',*,*,#5412,.F.);
#2181=ORIENTED_EDGE('',*,*,#5413,.T.);
#2182=ORIENTED_EDGE('',*,*,#5414,.F.);
#2183=ORIENTED_EDGE('',*,*,#5415,.T.);
#2184=ORIENTED_EDGE('',*,*,#5416,.F.);
#2185=ORIENTED_EDGE('',*,*,#5417,.F.);
#2186=ORIENTED_EDGE('',*,*,#5418,.F.);
#2187=ORIENTED_EDGE('',*,*,#5419,.F.);
#2188=ORIENTED_EDGE('',*,*,#5420,.F.);
#2189=ORIENTED_EDGE('',*,*,#5310,.F.);
#2190=ORIENTED_EDGE('',*,*,#5421,.F.);
#2191=ORIENTED_EDGE('',*,*,#5316,.F.);
#2192=ORIENTED_EDGE('',*,*,#5422,.F.);
#2193=ORIENTED_EDGE('',*,*,#5423,.F.);
#2194=ORIENTED_EDGE('',*,*,#5424,.F.);
#2195=ORIENTED_EDGE('',*,*,#5425,.F.);
#2196=ORIENTED_EDGE('',*,*,#5426,.F.);
#2197=ORIENTED_EDGE('',*,*,#5427,.T.);
#2198=ORIENTED_EDGE('',*,*,#5428,.F.);
#2199=ORIENTED_EDGE('',*,*,#5429,.T.);
#2200=ORIENTED_EDGE('',*,*,#5430,.F.);
#2201=ORIENTED_EDGE('',*,*,#5431,.F.);
#2202=ORIENTED_EDGE('',*,*,#5432,.F.);
#2203=ORIENTED_EDGE('',*,*,#5433,.F.);
#2204=ORIENTED_EDGE('',*,*,#5432,.T.);
#2205=ORIENTED_EDGE('',*,*,#5434,.F.);
#2206=ORIENTED_EDGE('',*,*,#5410,.F.);
#2207=ORIENTED_EDGE('',*,*,#5435,.F.);
#2208=ORIENTED_EDGE('',*,*,#5436,.T.);
#2209=ORIENTED_EDGE('',*,*,#5437,.F.);
#2210=ORIENTED_EDGE('',*,*,#5438,.F.);
#2211=ORIENTED_EDGE('',*,*,#5439,.T.);
#2212=ORIENTED_EDGE('',*,*,#5440,.F.);
#2213=ORIENTED_EDGE('',*,*,#5441,.T.);
#2214=ORIENTED_EDGE('',*,*,#5442,.F.);
#2215=ORIENTED_EDGE('',*,*,#5443,.F.);
#2216=ORIENTED_EDGE('',*,*,#5444,.F.);
#2217=ORIENTED_EDGE('',*,*,#5445,.F.);
#2218=ORIENTED_EDGE('',*,*,#5446,.F.);
#2219=ORIENTED_EDGE('',*,*,#5306,.F.);
#2220=ORIENTED_EDGE('',*,*,#5447,.F.);
#2221=ORIENTED_EDGE('',*,*,#5312,.F.);
#2222=ORIENTED_EDGE('',*,*,#5448,.F.);
#2223=ORIENTED_EDGE('',*,*,#5449,.F.);
#2224=ORIENTED_EDGE('',*,*,#5450,.F.);
#2225=ORIENTED_EDGE('',*,*,#5451,.F.);
#2226=ORIENTED_EDGE('',*,*,#5452,.F.);
#2227=ORIENTED_EDGE('',*,*,#5453,.T.);
#2228=ORIENTED_EDGE('',*,*,#5454,.F.);
#2229=ORIENTED_EDGE('',*,*,#5455,.T.);
#2230=ORIENTED_EDGE('',*,*,#5456,.F.);
#2231=ORIENTED_EDGE('',*,*,#5457,.F.);
#2232=ORIENTED_EDGE('',*,*,#5458,.F.);
#2233=ORIENTED_EDGE('',*,*,#5459,.F.);
#2234=ORIENTED_EDGE('',*,*,#5458,.T.);
#2235=ORIENTED_EDGE('',*,*,#5460,.F.);
#2236=ORIENTED_EDGE('',*,*,#5436,.F.);
#2237=ORIENTED_EDGE('',*,*,#5461,.F.);
#2238=ORIENTED_EDGE('',*,*,#5462,.T.);
#2239=ORIENTED_EDGE('',*,*,#5463,.F.);
#2240=ORIENTED_EDGE('',*,*,#5464,.F.);
#2241=ORIENTED_EDGE('',*,*,#5465,.T.);
#2242=ORIENTED_EDGE('',*,*,#5466,.F.);
#2243=ORIENTED_EDGE('',*,*,#5467,.T.);
#2244=ORIENTED_EDGE('',*,*,#5468,.F.);
#2245=ORIENTED_EDGE('',*,*,#5469,.F.);
#2246=ORIENTED_EDGE('',*,*,#5470,.F.);
#2247=ORIENTED_EDGE('',*,*,#5471,.F.);
#2248=ORIENTED_EDGE('',*,*,#5472,.F.);
#2249=ORIENTED_EDGE('',*,*,#5302,.F.);
#2250=ORIENTED_EDGE('',*,*,#5473,.F.);
#2251=ORIENTED_EDGE('',*,*,#5308,.F.);
#2252=ORIENTED_EDGE('',*,*,#5474,.F.);
#2253=ORIENTED_EDGE('',*,*,#5475,.F.);
#2254=ORIENTED_EDGE('',*,*,#5476,.F.);
#2255=ORIENTED_EDGE('',*,*,#5477,.F.);
#2256=ORIENTED_EDGE('',*,*,#5478,.F.);
#2257=ORIENTED_EDGE('',*,*,#5479,.T.);
#2258=ORIENTED_EDGE('',*,*,#5480,.F.);
#2259=ORIENTED_EDGE('',*,*,#5481,.T.);
#2260=ORIENTED_EDGE('',*,*,#5482,.F.);
#2261=ORIENTED_EDGE('',*,*,#5483,.F.);
#2262=ORIENTED_EDGE('',*,*,#5484,.F.);
#2263=ORIENTED_EDGE('',*,*,#5485,.F.);
#2264=ORIENTED_EDGE('',*,*,#5484,.T.);
#2265=ORIENTED_EDGE('',*,*,#5486,.F.);
#2266=ORIENTED_EDGE('',*,*,#5462,.F.);
#2267=ORIENTED_EDGE('',*,*,#5487,.F.);
#2268=ORIENTED_EDGE('',*,*,#5488,.T.);
#2269=ORIENTED_EDGE('',*,*,#5489,.F.);
#2270=ORIENTED_EDGE('',*,*,#5490,.F.);
#2271=ORIENTED_EDGE('',*,*,#5491,.T.);
#2272=ORIENTED_EDGE('',*,*,#5492,.F.);
#2273=ORIENTED_EDGE('',*,*,#5493,.T.);
#2274=ORIENTED_EDGE('',*,*,#5494,.F.);
#2275=ORIENTED_EDGE('',*,*,#5495,.F.);
#2276=ORIENTED_EDGE('',*,*,#5496,.F.);
#2277=ORIENTED_EDGE('',*,*,#5497,.F.);
#2278=ORIENTED_EDGE('',*,*,#5498,.F.);
#2279=ORIENTED_EDGE('',*,*,#5298,.F.);
#2280=ORIENTED_EDGE('',*,*,#5499,.F.);
#2281=ORIENTED_EDGE('',*,*,#5304,.F.);
#2282=ORIENTED_EDGE('',*,*,#5500,.F.);
#2283=ORIENTED_EDGE('',*,*,#5501,.F.);
#2284=ORIENTED_EDGE('',*,*,#5502,.F.);
#2285=ORIENTED_EDGE('',*,*,#5503,.F.);
#2286=ORIENTED_EDGE('',*,*,#5504,.F.);
#2287=ORIENTED_EDGE('',*,*,#5505,.T.);
#2288=ORIENTED_EDGE('',*,*,#5506,.F.);
#2289=ORIENTED_EDGE('',*,*,#5507,.T.);
#2290=ORIENTED_EDGE('',*,*,#5508,.F.);
#2291=ORIENTED_EDGE('',*,*,#5509,.F.);
#2292=ORIENTED_EDGE('',*,*,#5510,.F.);
#2293=ORIENTED_EDGE('',*,*,#5511,.F.);
#2294=ORIENTED_EDGE('',*,*,#5510,.T.);
#2295=ORIENTED_EDGE('',*,*,#5512,.F.);
#2296=ORIENTED_EDGE('',*,*,#5488,.F.);
#2297=ORIENTED_EDGE('',*,*,#5513,.F.);
#2298=ORIENTED_EDGE('',*,*,#5514,.T.);
#2299=ORIENTED_EDGE('',*,*,#5515,.F.);
#2300=ORIENTED_EDGE('',*,*,#5516,.F.);
#2301=ORIENTED_EDGE('',*,*,#5517,.T.);
#2302=ORIENTED_EDGE('',*,*,#5518,.F.);
#2303=ORIENTED_EDGE('',*,*,#5519,.T.);
#2304=ORIENTED_EDGE('',*,*,#5520,.F.);
#2305=ORIENTED_EDGE('',*,*,#5521,.F.);
#2306=ORIENTED_EDGE('',*,*,#5522,.F.);
#2307=ORIENTED_EDGE('',*,*,#5523,.F.);
#2308=ORIENTED_EDGE('',*,*,#5524,.F.);
#2309=ORIENTED_EDGE('',*,*,#5294,.F.);
#2310=ORIENTED_EDGE('',*,*,#5525,.F.);
#2311=ORIENTED_EDGE('',*,*,#5300,.F.);
#2312=ORIENTED_EDGE('',*,*,#5526,.F.);
#2313=ORIENTED_EDGE('',*,*,#5527,.F.);
#2314=ORIENTED_EDGE('',*,*,#5528,.F.);
#2315=ORIENTED_EDGE('',*,*,#5529,.F.);
#2316=ORIENTED_EDGE('',*,*,#5530,.F.);
#2317=ORIENTED_EDGE('',*,*,#5531,.T.);
#2318=ORIENTED_EDGE('',*,*,#5532,.F.);
#2319=ORIENTED_EDGE('',*,*,#5533,.T.);
#2320=ORIENTED_EDGE('',*,*,#5534,.F.);
#2321=ORIENTED_EDGE('',*,*,#5535,.F.);
#2322=ORIENTED_EDGE('',*,*,#5536,.F.);
#2323=ORIENTED_EDGE('',*,*,#5537,.F.);
#2324=ORIENTED_EDGE('',*,*,#5536,.T.);
#2325=ORIENTED_EDGE('',*,*,#5538,.F.);
#2326=ORIENTED_EDGE('',*,*,#5514,.F.);
#2327=ORIENTED_EDGE('',*,*,#5539,.F.);
#2328=ORIENTED_EDGE('',*,*,#5365,.F.);
#2329=ORIENTED_EDGE('',*,*,#5540,.F.);
#2330=ORIENTED_EDGE('',*,*,#5541,.F.);
#2331=ORIENTED_EDGE('',*,*,#5542,.T.);
#2332=ORIENTED_EDGE('',*,*,#5543,.F.);
#2333=ORIENTED_EDGE('',*,*,#5544,.T.);
#2334=ORIENTED_EDGE('',*,*,#5545,.F.);
#2335=ORIENTED_EDGE('',*,*,#5546,.F.);
#2336=ORIENTED_EDGE('',*,*,#5547,.F.);
#2337=ORIENTED_EDGE('',*,*,#5548,.F.);
#2338=ORIENTED_EDGE('',*,*,#5547,.T.);
#2339=ORIENTED_EDGE('',*,*,#5549,.F.);
#2340=ORIENTED_EDGE('',*,*,#5550,.F.);
#2341=ORIENTED_EDGE('',*,*,#5551,.F.);
#2342=ORIENTED_EDGE('',*,*,#5550,.T.);
#2343=ORIENTED_EDGE('',*,*,#5552,.F.);
#2344=ORIENTED_EDGE('',*,*,#5553,.F.);
#2345=ORIENTED_EDGE('',*,*,#5554,.T.);
#2346=ORIENTED_EDGE('',*,*,#5555,.F.);
#2347=ORIENTED_EDGE('',*,*,#5556,.T.);
#2348=ORIENTED_EDGE('',*,*,#5557,.F.);
#2349=ORIENTED_EDGE('',*,*,#5558,.F.);
#2350=ORIENTED_EDGE('',*,*,#5338,.F.);
#2351=ORIENTED_EDGE('',*,*,#5559,.F.);
#2352=ORIENTED_EDGE('',*,*,#5340,.F.);
#2353=ORIENTED_EDGE('',*,*,#5560,.F.);
#2354=ORIENTED_EDGE('',*,*,#5561,.F.);
#2355=ORIENTED_EDGE('',*,*,#5562,.T.);
#2356=ORIENTED_EDGE('',*,*,#5563,.F.);
#2357=ORIENTED_EDGE('',*,*,#5564,.T.);
#2358=ORIENTED_EDGE('',*,*,#5565,.F.);
#2359=ORIENTED_EDGE('',*,*,#5566,.F.);
#2360=ORIENTED_EDGE('',*,*,#5567,.F.);
#2361=ORIENTED_EDGE('',*,*,#5568,.F.);
#2362=ORIENTED_EDGE('',*,*,#5567,.T.);
#2363=ORIENTED_EDGE('',*,*,#5569,.F.);
#2364=ORIENTED_EDGE('',*,*,#5570,.F.);
#2365=ORIENTED_EDGE('',*,*,#5571,.F.);
#2366=ORIENTED_EDGE('',*,*,#5570,.T.);
#2367=ORIENTED_EDGE('',*,*,#5572,.F.);
#2368=ORIENTED_EDGE('',*,*,#5573,.F.);
#2369=ORIENTED_EDGE('',*,*,#5574,.T.);
#2370=ORIENTED_EDGE('',*,*,#5575,.F.);
#2371=ORIENTED_EDGE('',*,*,#5576,.T.);
#2372=ORIENTED_EDGE('',*,*,#5577,.F.);
#2373=ORIENTED_EDGE('',*,*,#5578,.F.);
#2374=ORIENTED_EDGE('',*,*,#5334,.F.);
#2375=ORIENTED_EDGE('',*,*,#5579,.F.);
#2376=ORIENTED_EDGE('',*,*,#5336,.F.);
#2377=ORIENTED_EDGE('',*,*,#5580,.F.);
#2378=ORIENTED_EDGE('',*,*,#5581,.F.);
#2379=ORIENTED_EDGE('',*,*,#5582,.T.);
#2380=ORIENTED_EDGE('',*,*,#5583,.F.);
#2381=ORIENTED_EDGE('',*,*,#5584,.T.);
#2382=ORIENTED_EDGE('',*,*,#5585,.F.);
#2383=ORIENTED_EDGE('',*,*,#5586,.F.);
#2384=ORIENTED_EDGE('',*,*,#5587,.F.);
#2385=ORIENTED_EDGE('',*,*,#5588,.F.);
#2386=ORIENTED_EDGE('',*,*,#5587,.T.);
#2387=ORIENTED_EDGE('',*,*,#5589,.F.);
#2388=ORIENTED_EDGE('',*,*,#5590,.F.);
#2389=ORIENTED_EDGE('',*,*,#5591,.F.);
#2390=ORIENTED_EDGE('',*,*,#5590,.T.);
#2391=ORIENTED_EDGE('',*,*,#5592,.F.);
#2392=ORIENTED_EDGE('',*,*,#5593,.F.);
#2393=ORIENTED_EDGE('',*,*,#5594,.T.);
#2394=ORIENTED_EDGE('',*,*,#5595,.F.);
#2395=ORIENTED_EDGE('',*,*,#5596,.T.);
#2396=ORIENTED_EDGE('',*,*,#5597,.F.);
#2397=ORIENTED_EDGE('',*,*,#5598,.F.);
#2398=ORIENTED_EDGE('',*,*,#5330,.F.);
#2399=ORIENTED_EDGE('',*,*,#5599,.F.);
#2400=ORIENTED_EDGE('',*,*,#5332,.F.);
#2401=ORIENTED_EDGE('',*,*,#5600,.F.);
#2402=ORIENTED_EDGE('',*,*,#5601,.F.);
#2403=ORIENTED_EDGE('',*,*,#5602,.T.);
#2404=ORIENTED_EDGE('',*,*,#5603,.F.);
#2405=ORIENTED_EDGE('',*,*,#5604,.T.);
#2406=ORIENTED_EDGE('',*,*,#5605,.F.);
#2407=ORIENTED_EDGE('',*,*,#5606,.F.);
#2408=ORIENTED_EDGE('',*,*,#5607,.F.);
#2409=ORIENTED_EDGE('',*,*,#5608,.F.);
#2410=ORIENTED_EDGE('',*,*,#5607,.T.);
#2411=ORIENTED_EDGE('',*,*,#5609,.F.);
#2412=ORIENTED_EDGE('',*,*,#5610,.F.);
#2413=ORIENTED_EDGE('',*,*,#5611,.F.);
#2414=ORIENTED_EDGE('',*,*,#5610,.T.);
#2415=ORIENTED_EDGE('',*,*,#5612,.F.);
#2416=ORIENTED_EDGE('',*,*,#5613,.F.);
#2417=ORIENTED_EDGE('',*,*,#5614,.T.);
#2418=ORIENTED_EDGE('',*,*,#5615,.F.);
#2419=ORIENTED_EDGE('',*,*,#5616,.T.);
#2420=ORIENTED_EDGE('',*,*,#5617,.F.);
#2421=ORIENTED_EDGE('',*,*,#5618,.F.);
#2422=ORIENTED_EDGE('',*,*,#5326,.F.);
#2423=ORIENTED_EDGE('',*,*,#5619,.F.);
#2424=ORIENTED_EDGE('',*,*,#5328,.F.);
#2425=ORIENTED_EDGE('',*,*,#5620,.F.);
#2426=ORIENTED_EDGE('',*,*,#5621,.F.);
#2427=ORIENTED_EDGE('',*,*,#5622,.T.);
#2428=ORIENTED_EDGE('',*,*,#5623,.F.);
#2429=ORIENTED_EDGE('',*,*,#5624,.T.);
#2430=ORIENTED_EDGE('',*,*,#5625,.F.);
#2431=ORIENTED_EDGE('',*,*,#5626,.F.);
#2432=ORIENTED_EDGE('',*,*,#5627,.F.);
#2433=ORIENTED_EDGE('',*,*,#5628,.F.);
#2434=ORIENTED_EDGE('',*,*,#5627,.T.);
#2435=ORIENTED_EDGE('',*,*,#5629,.F.);
#2436=ORIENTED_EDGE('',*,*,#5630,.F.);
#2437=ORIENTED_EDGE('',*,*,#5631,.F.);
#2438=ORIENTED_EDGE('',*,*,#5630,.T.);
#2439=ORIENTED_EDGE('',*,*,#5632,.F.);
#2440=ORIENTED_EDGE('',*,*,#5633,.F.);
#2441=ORIENTED_EDGE('',*,*,#5634,.T.);
#2442=ORIENTED_EDGE('',*,*,#5635,.F.);
#2443=ORIENTED_EDGE('',*,*,#5636,.T.);
#2444=ORIENTED_EDGE('',*,*,#5637,.F.);
#2445=ORIENTED_EDGE('',*,*,#5638,.F.);
#2446=ORIENTED_EDGE('',*,*,#5322,.F.);
#2447=ORIENTED_EDGE('',*,*,#5639,.F.);
#2448=ORIENTED_EDGE('',*,*,#5640,.T.);
#2449=ORIENTED_EDGE('',*,*,#5641,.F.);
#2450=ORIENTED_EDGE('',*,*,#5642,.F.);
#2451=ORIENTED_EDGE('',*,*,#5643,.T.);
#2452=ORIENTED_EDGE('',*,*,#5644,.F.);
#2453=ORIENTED_EDGE('',*,*,#5645,.T.);
#2454=ORIENTED_EDGE('',*,*,#5646,.F.);
#2455=ORIENTED_EDGE('',*,*,#5647,.F.);
#2456=ORIENTED_EDGE('',*,*,#5318,.F.);
#2457=ORIENTED_EDGE('',*,*,#5648,.F.);
#2458=ORIENTED_EDGE('',*,*,#5649,.T.);
#2459=ORIENTED_EDGE('',*,*,#5650,.F.);
#2460=ORIENTED_EDGE('',*,*,#5640,.F.);
#2461=ORIENTED_EDGE('',*,*,#5651,.F.);
#2462=ORIENTED_EDGE('',*,*,#5324,.F.);
#2463=ORIENTED_EDGE('',*,*,#5652,.F.);
#2464=ORIENTED_EDGE('',*,*,#5653,.F.);
#2465=ORIENTED_EDGE('',*,*,#5654,.T.);
#2466=ORIENTED_EDGE('',*,*,#5655,.F.);
#2467=ORIENTED_EDGE('',*,*,#5656,.T.);
#2468=ORIENTED_EDGE('',*,*,#5657,.F.);
#2469=ORIENTED_EDGE('',*,*,#5658,.F.);
#2470=ORIENTED_EDGE('',*,*,#5649,.F.);
#2471=ORIENTED_EDGE('',*,*,#5659,.T.);
#2472=ORIENTED_EDGE('',*,*,#5523,.T.);
#2473=ORIENTED_EDGE('',*,*,#5660,.F.);
#2474=ORIENTED_EDGE('',*,*,#5368,.F.);
#2475=ORIENTED_EDGE('',*,*,#5661,.F.);
#2476=ORIENTED_EDGE('',*,*,#5527,.T.);
#2477=ORIENTED_EDGE('',*,*,#5662,.T.);
#2478=ORIENTED_EDGE('',*,*,#5497,.T.);
#2479=ORIENTED_EDGE('',*,*,#5663,.F.);
#2480=ORIENTED_EDGE('',*,*,#5501,.T.);
#2481=ORIENTED_EDGE('',*,*,#5664,.T.);
#2482=ORIENTED_EDGE('',*,*,#5471,.T.);
#2483=ORIENTED_EDGE('',*,*,#5665,.F.);
#2484=ORIENTED_EDGE('',*,*,#5475,.T.);
#2485=ORIENTED_EDGE('',*,*,#5666,.T.);
#2486=ORIENTED_EDGE('',*,*,#5445,.T.);
#2487=ORIENTED_EDGE('',*,*,#5667,.F.);
#2488=ORIENTED_EDGE('',*,*,#5449,.T.);
#2489=ORIENTED_EDGE('',*,*,#5668,.T.);
#2490=ORIENTED_EDGE('',*,*,#5419,.T.);
#2491=ORIENTED_EDGE('',*,*,#5669,.F.);
#2492=ORIENTED_EDGE('',*,*,#5423,.T.);
#2493=ORIENTED_EDGE('',*,*,#5670,.T.);
#2494=ORIENTED_EDGE('',*,*,#5393,.T.);
#2495=ORIENTED_EDGE('',*,*,#5295,.T.);
#2496=ORIENTED_EDGE('',*,*,#5524,.T.);
#2497=ORIENTED_EDGE('',*,*,#5659,.F.);
#2498=ORIENTED_EDGE('',*,*,#5367,.F.);
#2499=ORIENTED_EDGE('',*,*,#5662,.F.);
#2500=ORIENTED_EDGE('',*,*,#5526,.T.);
#2501=ORIENTED_EDGE('',*,*,#5299,.T.);
#2502=ORIENTED_EDGE('',*,*,#5498,.T.);
#2503=ORIENTED_EDGE('',*,*,#5664,.F.);
#2504=ORIENTED_EDGE('',*,*,#5500,.T.);
#2505=ORIENTED_EDGE('',*,*,#5303,.T.);
#2506=ORIENTED_EDGE('',*,*,#5472,.T.);
#2507=ORIENTED_EDGE('',*,*,#5666,.F.);
#2508=ORIENTED_EDGE('',*,*,#5474,.T.);
#2509=ORIENTED_EDGE('',*,*,#5307,.T.);
#2510=ORIENTED_EDGE('',*,*,#5446,.T.);
#2511=ORIENTED_EDGE('',*,*,#5668,.F.);
#2512=ORIENTED_EDGE('',*,*,#5448,.T.);
#2513=ORIENTED_EDGE('',*,*,#5311,.T.);
#2514=ORIENTED_EDGE('',*,*,#5420,.T.);
#2515=ORIENTED_EDGE('',*,*,#5670,.F.);
#2516=ORIENTED_EDGE('',*,*,#5422,.T.);
#2517=ORIENTED_EDGE('',*,*,#5315,.T.);
#2518=ORIENTED_EDGE('',*,*,#5394,.T.);
#2519=ORIENTED_EDGE('',*,*,#5319,.F.);
#2520=ORIENTED_EDGE('',*,*,#5647,.T.);
#2521=ORIENTED_EDGE('',*,*,#5671,.T.);
#2522=ORIENTED_EDGE('',*,*,#5342,.T.);
#2523=ORIENTED_EDGE('',*,*,#5672,.T.);
#2524=ORIENTED_EDGE('',*,*,#5652,.T.);
#2525=ORIENTED_EDGE('',*,*,#5323,.F.);
#2526=ORIENTED_EDGE('',*,*,#5638,.T.);
#2527=ORIENTED_EDGE('',*,*,#5673,.T.);
#2528=ORIENTED_EDGE('',*,*,#5620,.T.);
#2529=ORIENTED_EDGE('',*,*,#5327,.F.);
#2530=ORIENTED_EDGE('',*,*,#5618,.T.);
#2531=ORIENTED_EDGE('',*,*,#5674,.T.);
#2532=ORIENTED_EDGE('',*,*,#5600,.T.);
#2533=ORIENTED_EDGE('',*,*,#5331,.F.);
#2534=ORIENTED_EDGE('',*,*,#5598,.T.);
#2535=ORIENTED_EDGE('',*,*,#5675,.T.);
#2536=ORIENTED_EDGE('',*,*,#5580,.T.);
#2537=ORIENTED_EDGE('',*,*,#5335,.F.);
#2538=ORIENTED_EDGE('',*,*,#5578,.T.);
#2539=ORIENTED_EDGE('',*,*,#5676,.T.);
#2540=ORIENTED_EDGE('',*,*,#5560,.T.);
#2541=ORIENTED_EDGE('',*,*,#5339,.F.);
#2542=ORIENTED_EDGE('',*,*,#5558,.T.);
#2543=ORIENTED_EDGE('',*,*,#5671,.F.);
#2544=ORIENTED_EDGE('',*,*,#5646,.T.);
#2545=ORIENTED_EDGE('',*,*,#5677,.T.);
#2546=ORIENTED_EDGE('',*,*,#5343,.T.);
#2547=ORIENTED_EDGE('',*,*,#5678,.T.);
#2548=ORIENTED_EDGE('',*,*,#5653,.T.);
#2549=ORIENTED_EDGE('',*,*,#5672,.F.);
#2550=ORIENTED_EDGE('',*,*,#5637,.T.);
#2551=ORIENTED_EDGE('',*,*,#5679,.T.);
#2552=ORIENTED_EDGE('',*,*,#5621,.T.);
#2553=ORIENTED_EDGE('',*,*,#5673,.F.);
#2554=ORIENTED_EDGE('',*,*,#5617,.T.);
#2555=ORIENTED_EDGE('',*,*,#5680,.T.);
#2556=ORIENTED_EDGE('',*,*,#5601,.T.);
#2557=ORIENTED_EDGE('',*,*,#5674,.F.);
#2558=ORIENTED_EDGE('',*,*,#5597,.T.);
#2559=ORIENTED_EDGE('',*,*,#5681,.T.);
#2560=ORIENTED_EDGE('',*,*,#5581,.T.);
#2561=ORIENTED_EDGE('',*,*,#5675,.F.);
#2562=ORIENTED_EDGE('',*,*,#5577,.T.);
#2563=ORIENTED_EDGE('',*,*,#5682,.T.);
#2564=ORIENTED_EDGE('',*,*,#5561,.T.);
#2565=ORIENTED_EDGE('',*,*,#5676,.F.);
#2566=ORIENTED_EDGE('',*,*,#5557,.T.);
#2567=ORIENTED_EDGE('',*,*,#5645,.F.);
#2568=ORIENTED_EDGE('',*,*,#5683,.T.);
#2569=ORIENTED_EDGE('',*,*,#5344,.F.);
#2570=ORIENTED_EDGE('',*,*,#5677,.F.);
#2571=ORIENTED_EDGE('',*,*,#5654,.F.);
#2572=ORIENTED_EDGE('',*,*,#5678,.F.);
#2573=ORIENTED_EDGE('',*,*,#5636,.F.);
#2574=ORIENTED_EDGE('',*,*,#5684,.T.);
#2575=ORIENTED_EDGE('',*,*,#5622,.F.);
#2576=ORIENTED_EDGE('',*,*,#5679,.F.);
#2577=ORIENTED_EDGE('',*,*,#5616,.F.);
#2578=ORIENTED_EDGE('',*,*,#5685,.T.);
#2579=ORIENTED_EDGE('',*,*,#5602,.F.);
#2580=ORIENTED_EDGE('',*,*,#5680,.F.);
#2581=ORIENTED_EDGE('',*,*,#5596,.F.);
#2582=ORIENTED_EDGE('',*,*,#5686,.T.);
#2583=ORIENTED_EDGE('',*,*,#5582,.F.);
#2584=ORIENTED_EDGE('',*,*,#5681,.F.);
#2585=ORIENTED_EDGE('',*,*,#5576,.F.);
#2586=ORIENTED_EDGE('',*,*,#5687,.T.);
#2587=ORIENTED_EDGE('',*,*,#5562,.F.);
#2588=ORIENTED_EDGE('',*,*,#5682,.F.);
#2589=ORIENTED_EDGE('',*,*,#5556,.F.);
#2590=ORIENTED_EDGE('',*,*,#5688,.T.);
#2591=ORIENTED_EDGE('',*,*,#5683,.F.);
#2592=ORIENTED_EDGE('',*,*,#5644,.T.);
#2593=ORIENTED_EDGE('',*,*,#5689,.T.);
#2594=ORIENTED_EDGE('',*,*,#5345,.T.);
#2595=ORIENTED_EDGE('',*,*,#5690,.T.);
#2596=ORIENTED_EDGE('',*,*,#5655,.T.);
#2597=ORIENTED_EDGE('',*,*,#5684,.F.);
#2598=ORIENTED_EDGE('',*,*,#5635,.T.);
#2599=ORIENTED_EDGE('',*,*,#5691,.T.);
#2600=ORIENTED_EDGE('',*,*,#5623,.T.);
#2601=ORIENTED_EDGE('',*,*,#5685,.F.);
#2602=ORIENTED_EDGE('',*,*,#5615,.T.);
#2603=ORIENTED_EDGE('',*,*,#5692,.T.);
#2604=ORIENTED_EDGE('',*,*,#5603,.T.);
#2605=ORIENTED_EDGE('',*,*,#5686,.F.);
#2606=ORIENTED_EDGE('',*,*,#5595,.T.);
#2607=ORIENTED_EDGE('',*,*,#5693,.T.);
#2608=ORIENTED_EDGE('',*,*,#5583,.T.);
#2609=ORIENTED_EDGE('',*,*,#5687,.F.);
#2610=ORIENTED_EDGE('',*,*,#5575,.T.);
#2611=ORIENTED_EDGE('',*,*,#5694,.T.);
#2612=ORIENTED_EDGE('',*,*,#5563,.T.);
#2613=ORIENTED_EDGE('',*,*,#5688,.F.);
#2614=ORIENTED_EDGE('',*,*,#5555,.T.);
#2615=ORIENTED_EDGE('',*,*,#5643,.F.);
#2616=ORIENTED_EDGE('',*,*,#5695,.T.);
#2617=ORIENTED_EDGE('',*,*,#5346,.F.);
#2618=ORIENTED_EDGE('',*,*,#5689,.F.);
#2619=ORIENTED_EDGE('',*,*,#5656,.F.);
#2620=ORIENTED_EDGE('',*,*,#5690,.F.);
#2621=ORIENTED_EDGE('',*,*,#5634,.F.);
#2622=ORIENTED_EDGE('',*,*,#5696,.T.);
#2623=ORIENTED_EDGE('',*,*,#5624,.F.);
#2624=ORIENTED_EDGE('',*,*,#5691,.F.);
#2625=ORIENTED_EDGE('',*,*,#5614,.F.);
#2626=ORIENTED_EDGE('',*,*,#5697,.T.);
#2627=ORIENTED_EDGE('',*,*,#5604,.F.);
#2628=ORIENTED_EDGE('',*,*,#5692,.F.);
#2629=ORIENTED_EDGE('',*,*,#5594,.F.);
#2630=ORIENTED_EDGE('',*,*,#5698,.T.);
#2631=ORIENTED_EDGE('',*,*,#5584,.F.);
#2632=ORIENTED_EDGE('',*,*,#5693,.F.);
#2633=ORIENTED_EDGE('',*,*,#5574,.F.);
#2634=ORIENTED_EDGE('',*,*,#5699,.T.);
#2635=ORIENTED_EDGE('',*,*,#5564,.F.);
#2636=ORIENTED_EDGE('',*,*,#5694,.F.);
#2637=ORIENTED_EDGE('',*,*,#5554,.F.);
#2638=ORIENTED_EDGE('',*,*,#5700,.T.);
#2639=ORIENTED_EDGE('',*,*,#5695,.F.);
#2640=ORIENTED_EDGE('',*,*,#5642,.T.);
#2641=ORIENTED_EDGE('',*,*,#5701,.T.);
#2642=ORIENTED_EDGE('',*,*,#5347,.T.);
#2643=ORIENTED_EDGE('',*,*,#5702,.T.);
#2644=ORIENTED_EDGE('',*,*,#5657,.T.);
#2645=ORIENTED_EDGE('',*,*,#5696,.F.);
#2646=ORIENTED_EDGE('',*,*,#5633,.T.);
#2647=ORIENTED_EDGE('',*,*,#5703,.T.);
#2648=ORIENTED_EDGE('',*,*,#5625,.T.);
#2649=ORIENTED_EDGE('',*,*,#5697,.F.);
#2650=ORIENTED_EDGE('',*,*,#5613,.T.);
#2651=ORIENTED_EDGE('',*,*,#5704,.T.);
#2652=ORIENTED_EDGE('',*,*,#5605,.T.);
#2653=ORIENTED_EDGE('',*,*,#5698,.F.);
#2654=ORIENTED_EDGE('',*,*,#5593,.T.);
#2655=ORIENTED_EDGE('',*,*,#5705,.T.);
#2656=ORIENTED_EDGE('',*,*,#5585,.T.);
#2657=ORIENTED_EDGE('',*,*,#5699,.F.);
#2658=ORIENTED_EDGE('',*,*,#5573,.T.);
#2659=ORIENTED_EDGE('',*,*,#5706,.T.);
#2660=ORIENTED_EDGE('',*,*,#5565,.T.);
#2661=ORIENTED_EDGE('',*,*,#5700,.F.);
#2662=ORIENTED_EDGE('',*,*,#5553,.T.);
#2663=ORIENTED_EDGE('',*,*,#5707,.T.);
#2664=ORIENTED_EDGE('',*,*,#5516,.T.);
#2665=ORIENTED_EDGE('',*,*,#5708,.F.);
#2666=ORIENTED_EDGE('',*,*,#5375,.F.);
#2667=ORIENTED_EDGE('',*,*,#5709,.F.);
#2668=ORIENTED_EDGE('',*,*,#5534,.T.);
#2669=ORIENTED_EDGE('',*,*,#5710,.T.);
#2670=ORIENTED_EDGE('',*,*,#5490,.T.);
#2671=ORIENTED_EDGE('',*,*,#5711,.F.);
#2672=ORIENTED_EDGE('',*,*,#5508,.T.);
#2673=ORIENTED_EDGE('',*,*,#5712,.T.);
#2674=ORIENTED_EDGE('',*,*,#5464,.T.);
#2675=ORIENTED_EDGE('',*,*,#5713,.F.);
#2676=ORIENTED_EDGE('',*,*,#5482,.T.);
#2677=ORIENTED_EDGE('',*,*,#5714,.T.);
#2678=ORIENTED_EDGE('',*,*,#5438,.T.);
#2679=ORIENTED_EDGE('',*,*,#5715,.F.);
#2680=ORIENTED_EDGE('',*,*,#5456,.T.);
#2681=ORIENTED_EDGE('',*,*,#5716,.T.);
#2682=ORIENTED_EDGE('',*,*,#5412,.T.);
#2683=ORIENTED_EDGE('',*,*,#5717,.F.);
#2684=ORIENTED_EDGE('',*,*,#5430,.T.);
#2685=ORIENTED_EDGE('',*,*,#5718,.T.);
#2686=ORIENTED_EDGE('',*,*,#5386,.T.);
#2687=ORIENTED_EDGE('',*,*,#5517,.F.);
#2688=ORIENTED_EDGE('',*,*,#5707,.F.);
#2689=ORIENTED_EDGE('',*,*,#5374,.T.);
#2690=ORIENTED_EDGE('',*,*,#5719,.T.);
#2691=ORIENTED_EDGE('',*,*,#5533,.F.);
#2692=ORIENTED_EDGE('',*,*,#5720,.T.);
#2693=ORIENTED_EDGE('',*,*,#5491,.F.);
#2694=ORIENTED_EDGE('',*,*,#5710,.F.);
#2695=ORIENTED_EDGE('',*,*,#5507,.F.);
#2696=ORIENTED_EDGE('',*,*,#5721,.T.);
#2697=ORIENTED_EDGE('',*,*,#5465,.F.);
#2698=ORIENTED_EDGE('',*,*,#5712,.F.);
#2699=ORIENTED_EDGE('',*,*,#5481,.F.);
#2700=ORIENTED_EDGE('',*,*,#5722,.T.);
#2701=ORIENTED_EDGE('',*,*,#5439,.F.);
#2702=ORIENTED_EDGE('',*,*,#5714,.F.);
#2703=ORIENTED_EDGE('',*,*,#5455,.F.);
#2704=ORIENTED_EDGE('',*,*,#5723,.T.);
#2705=ORIENTED_EDGE('',*,*,#5413,.F.);
#2706=ORIENTED_EDGE('',*,*,#5716,.F.);
#2707=ORIENTED_EDGE('',*,*,#5429,.F.);
#2708=ORIENTED_EDGE('',*,*,#5724,.T.);
#2709=ORIENTED_EDGE('',*,*,#5387,.F.);
#2710=ORIENTED_EDGE('',*,*,#5718,.F.);
#2711=ORIENTED_EDGE('',*,*,#5725,.T.);
#2712=ORIENTED_EDGE('',*,*,#5518,.T.);
#2713=ORIENTED_EDGE('',*,*,#5719,.F.);
#2714=ORIENTED_EDGE('',*,*,#5373,.F.);
#2715=ORIENTED_EDGE('',*,*,#5720,.F.);
#2716=ORIENTED_EDGE('',*,*,#5532,.T.);
#2717=ORIENTED_EDGE('',*,*,#5726,.T.);
#2718=ORIENTED_EDGE('',*,*,#5492,.T.);
#2719=ORIENTED_EDGE('',*,*,#5721,.F.);
#2720=ORIENTED_EDGE('',*,*,#5506,.T.);
#2721=ORIENTED_EDGE('',*,*,#5727,.T.);
#2722=ORIENTED_EDGE('',*,*,#5466,.T.);
#2723=ORIENTED_EDGE('',*,*,#5722,.F.);
#2724=ORIENTED_EDGE('',*,*,#5480,.T.);
#2725=ORIENTED_EDGE('',*,*,#5728,.T.);
#2726=ORIENTED_EDGE('',*,*,#5440,.T.);
#2727=ORIENTED_EDGE('',*,*,#5723,.F.);
#2728=ORIENTED_EDGE('',*,*,#5454,.T.);
#2729=ORIENTED_EDGE('',*,*,#5729,.T.);
#2730=ORIENTED_EDGE('',*,*,#5414,.T.);
#2731=ORIENTED_EDGE('',*,*,#5724,.F.);
#2732=ORIENTED_EDGE('',*,*,#5428,.T.);
#2733=ORIENTED_EDGE('',*,*,#5730,.T.);
#2734=ORIENTED_EDGE('',*,*,#5388,.T.);
#2735=ORIENTED_EDGE('',*,*,#5519,.F.);
#2736=ORIENTED_EDGE('',*,*,#5725,.F.);
#2737=ORIENTED_EDGE('',*,*,#5372,.T.);
#2738=ORIENTED_EDGE('',*,*,#5731,.T.);
#2739=ORIENTED_EDGE('',*,*,#5531,.F.);
#2740=ORIENTED_EDGE('',*,*,#5732,.T.);
#2741=ORIENTED_EDGE('',*,*,#5493,.F.);
#2742=ORIENTED_EDGE('',*,*,#5726,.F.);
#2743=ORIENTED_EDGE('',*,*,#5505,.F.);
#2744=ORIENTED_EDGE('',*,*,#5733,.T.);
#2745=ORIENTED_EDGE('',*,*,#5467,.F.);
#2746=ORIENTED_EDGE('',*,*,#5727,.F.);
#2747=ORIENTED_EDGE('',*,*,#5479,.F.);
#2748=ORIENTED_EDGE('',*,*,#5734,.T.);
#2749=ORIENTED_EDGE('',*,*,#5441,.F.);
#2750=ORIENTED_EDGE('',*,*,#5728,.F.);
#2751=ORIENTED_EDGE('',*,*,#5453,.F.);
#2752=ORIENTED_EDGE('',*,*,#5735,.T.);
#2753=ORIENTED_EDGE('',*,*,#5415,.F.);
#2754=ORIENTED_EDGE('',*,*,#5729,.F.);
#2755=ORIENTED_EDGE('',*,*,#5427,.F.);
#2756=ORIENTED_EDGE('',*,*,#5736,.T.);
#2757=ORIENTED_EDGE('',*,*,#5389,.F.);
#2758=ORIENTED_EDGE('',*,*,#5730,.F.);
#2759=ORIENTED_EDGE('',*,*,#5737,.T.);
#2760=ORIENTED_EDGE('',*,*,#5520,.T.);
#2761=ORIENTED_EDGE('',*,*,#5731,.F.);
#2762=ORIENTED_EDGE('',*,*,#5371,.F.);
#2763=ORIENTED_EDGE('',*,*,#5732,.F.);
#2764=ORIENTED_EDGE('',*,*,#5530,.T.);
#2765=ORIENTED_EDGE('',*,*,#5738,.T.);
#2766=ORIENTED_EDGE('',*,*,#5494,.T.);
#2767=ORIENTED_EDGE('',*,*,#5733,.F.);
#2768=ORIENTED_EDGE('',*,*,#5504,.T.);
#2769=ORIENTED_EDGE('',*,*,#5739,.T.);
#2770=ORIENTED_EDGE('',*,*,#5468,.T.);
#2771=ORIENTED_EDGE('',*,*,#5734,.F.);
#2772=ORIENTED_EDGE('',*,*,#5478,.T.);
#2773=ORIENTED_EDGE('',*,*,#5740,.T.);
#2774=ORIENTED_EDGE('',*,*,#5442,.T.);
#2775=ORIENTED_EDGE('',*,*,#5735,.F.);
#2776=ORIENTED_EDGE('',*,*,#5452,.T.);
#2777=ORIENTED_EDGE('',*,*,#5741,.T.);
#2778=ORIENTED_EDGE('',*,*,#5416,.T.);
#2779=ORIENTED_EDGE('',*,*,#5736,.F.);
#2780=ORIENTED_EDGE('',*,*,#5426,.T.);
#2781=ORIENTED_EDGE('',*,*,#5742,.T.);
#2782=ORIENTED_EDGE('',*,*,#5390,.T.);
#2783=ORIENTED_EDGE('',*,*,#5743,.T.);
#2784=ORIENTED_EDGE('',*,*,#5521,.T.);
#2785=ORIENTED_EDGE('',*,*,#5737,.F.);
#2786=ORIENTED_EDGE('',*,*,#5370,.F.);
#2787=ORIENTED_EDGE('',*,*,#5738,.F.);
#2788=ORIENTED_EDGE('',*,*,#5529,.T.);
#2789=ORIENTED_EDGE('',*,*,#5744,.T.);
#2790=ORIENTED_EDGE('',*,*,#5495,.T.);
#2791=ORIENTED_EDGE('',*,*,#5739,.F.);
#2792=ORIENTED_EDGE('',*,*,#5503,.T.);
#2793=ORIENTED_EDGE('',*,*,#5745,.T.);
#2794=ORIENTED_EDGE('',*,*,#5469,.T.);
#2795=ORIENTED_EDGE('',*,*,#5740,.F.);
#2796=ORIENTED_EDGE('',*,*,#5477,.T.);
#2797=ORIENTED_EDGE('',*,*,#5746,.T.);
#2798=ORIENTED_EDGE('',*,*,#5443,.T.);
#2799=ORIENTED_EDGE('',*,*,#5741,.F.);
#2800=ORIENTED_EDGE('',*,*,#5451,.T.);
#2801=ORIENTED_EDGE('',*,*,#5747,.T.);
#2802=ORIENTED_EDGE('',*,*,#5417,.T.);
#2803=ORIENTED_EDGE('',*,*,#5742,.F.);
#2804=ORIENTED_EDGE('',*,*,#5425,.T.);
#2805=ORIENTED_EDGE('',*,*,#5748,.T.);
#2806=ORIENTED_EDGE('',*,*,#5391,.T.);
#2807=ORIENTED_EDGE('',*,*,#5660,.T.);
#2808=ORIENTED_EDGE('',*,*,#5522,.T.);
#2809=ORIENTED_EDGE('',*,*,#5743,.F.);
#2810=ORIENTED_EDGE('',*,*,#5369,.F.);
#2811=ORIENTED_EDGE('',*,*,#5744,.F.);
#2812=ORIENTED_EDGE('',*,*,#5528,.T.);
#2813=ORIENTED_EDGE('',*,*,#5661,.T.);
#2814=ORIENTED_EDGE('',*,*,#5496,.T.);
#2815=ORIENTED_EDGE('',*,*,#5745,.F.);
#2816=ORIENTED_EDGE('',*,*,#5502,.T.);
#2817=ORIENTED_EDGE('',*,*,#5663,.T.);
#2818=ORIENTED_EDGE('',*,*,#5470,.T.);
#2819=ORIENTED_EDGE('',*,*,#5746,.F.);
#2820=ORIENTED_EDGE('',*,*,#5476,.T.);
#2821=ORIENTED_EDGE('',*,*,#5665,.T.);
#2822=ORIENTED_EDGE('',*,*,#5444,.T.);
#2823=ORIENTED_EDGE('',*,*,#5747,.F.);
#2824=ORIENTED_EDGE('',*,*,#5450,.T.);
#2825=ORIENTED_EDGE('',*,*,#5667,.T.);
#2826=ORIENTED_EDGE('',*,*,#5418,.T.);
#2827=ORIENTED_EDGE('',*,*,#5748,.F.);
#2828=ORIENTED_EDGE('',*,*,#5424,.T.);
#2829=ORIENTED_EDGE('',*,*,#5669,.T.);
#2830=ORIENTED_EDGE('',*,*,#5392,.T.);
#2831=ORIENTED_EDGE('',*,*,#5749,.F.);
#2832=ORIENTED_EDGE('',*,*,#5397,.T.);
#2833=ORIENTED_EDGE('',*,*,#5750,.T.);
#2834=ORIENTED_EDGE('',*,*,#5356,.F.);
#2835=ORIENTED_EDGE('',*,*,#5750,.F.);
#2836=ORIENTED_EDGE('',*,*,#5396,.T.);
#2837=ORIENTED_EDGE('',*,*,#5360,.T.);
#2838=ORIENTED_EDGE('',*,*,#5357,.T.);
#2839=ORIENTED_EDGE('',*,*,#5751,.T.);
#2840=ORIENTED_EDGE('',*,*,#5540,.T.);
#2841=ORIENTED_EDGE('',*,*,#5364,.F.);
#2842=ORIENTED_EDGE('',*,*,#5382,.F.);
#2843=ORIENTED_EDGE('',*,*,#5752,.T.);
#2844=ORIENTED_EDGE('',*,*,#5541,.T.);
#2845=ORIENTED_EDGE('',*,*,#5751,.F.);
#2846=ORIENTED_EDGE('',*,*,#5381,.F.);
#2847=ORIENTED_EDGE('',*,*,#5542,.F.);
#2848=ORIENTED_EDGE('',*,*,#5752,.F.);
#2849=ORIENTED_EDGE('',*,*,#5380,.T.);
#2850=ORIENTED_EDGE('',*,*,#5753,.T.);
#2851=ORIENTED_EDGE('',*,*,#5754,.T.);
#2852=ORIENTED_EDGE('',*,*,#5543,.T.);
#2853=ORIENTED_EDGE('',*,*,#5753,.F.);
#2854=ORIENTED_EDGE('',*,*,#5379,.F.);
#2855=ORIENTED_EDGE('',*,*,#5544,.F.);
#2856=ORIENTED_EDGE('',*,*,#5754,.F.);
#2857=ORIENTED_EDGE('',*,*,#5378,.T.);
#2858=ORIENTED_EDGE('',*,*,#5755,.T.);
#2859=ORIENTED_EDGE('',*,*,#5756,.T.);
#2860=ORIENTED_EDGE('',*,*,#5545,.T.);
#2861=ORIENTED_EDGE('',*,*,#5755,.F.);
#2862=ORIENTED_EDGE('',*,*,#5377,.F.);
#2863=ORIENTED_EDGE('',*,*,#5701,.F.);
#2864=ORIENTED_EDGE('',*,*,#5641,.T.);
#2865=ORIENTED_EDGE('',*,*,#5650,.T.);
#2866=ORIENTED_EDGE('',*,*,#5658,.T.);
#2867=ORIENTED_EDGE('',*,*,#5702,.F.);
#2868=ORIENTED_EDGE('',*,*,#5632,.T.);
#2869=ORIENTED_EDGE('',*,*,#5629,.T.);
#2870=ORIENTED_EDGE('',*,*,#5626,.T.);
#2871=ORIENTED_EDGE('',*,*,#5703,.F.);
#2872=ORIENTED_EDGE('',*,*,#5612,.T.);
#2873=ORIENTED_EDGE('',*,*,#5609,.T.);
#2874=ORIENTED_EDGE('',*,*,#5606,.T.);
#2875=ORIENTED_EDGE('',*,*,#5704,.F.);
#2876=ORIENTED_EDGE('',*,*,#5592,.T.);
#2877=ORIENTED_EDGE('',*,*,#5589,.T.);
#2878=ORIENTED_EDGE('',*,*,#5586,.T.);
#2879=ORIENTED_EDGE('',*,*,#5705,.F.);
#2880=ORIENTED_EDGE('',*,*,#5572,.T.);
#2881=ORIENTED_EDGE('',*,*,#5569,.T.);
#2882=ORIENTED_EDGE('',*,*,#5566,.T.);
#2883=ORIENTED_EDGE('',*,*,#5706,.F.);
#2884=ORIENTED_EDGE('',*,*,#5552,.T.);
#2885=ORIENTED_EDGE('',*,*,#5549,.T.);
#2886=ORIENTED_EDGE('',*,*,#5546,.T.);
#2887=ORIENTED_EDGE('',*,*,#5756,.F.);
#2888=ORIENTED_EDGE('',*,*,#5376,.F.);
#2889=ORIENTED_EDGE('',*,*,#5708,.T.);
#2890=ORIENTED_EDGE('',*,*,#5515,.T.);
#2891=ORIENTED_EDGE('',*,*,#5538,.T.);
#2892=ORIENTED_EDGE('',*,*,#5535,.T.);
#2893=ORIENTED_EDGE('',*,*,#5709,.T.);
#2894=ORIENTED_EDGE('',*,*,#5489,.T.);
#2895=ORIENTED_EDGE('',*,*,#5512,.T.);
#2896=ORIENTED_EDGE('',*,*,#5509,.T.);
#2897=ORIENTED_EDGE('',*,*,#5711,.T.);
#2898=ORIENTED_EDGE('',*,*,#5463,.T.);
#2899=ORIENTED_EDGE('',*,*,#5486,.T.);
#2900=ORIENTED_EDGE('',*,*,#5483,.T.);
#2901=ORIENTED_EDGE('',*,*,#5713,.T.);
#2902=ORIENTED_EDGE('',*,*,#5437,.T.);
#2903=ORIENTED_EDGE('',*,*,#5460,.T.);
#2904=ORIENTED_EDGE('',*,*,#5457,.T.);
#2905=ORIENTED_EDGE('',*,*,#5715,.T.);
#2906=ORIENTED_EDGE('',*,*,#5411,.T.);
#2907=ORIENTED_EDGE('',*,*,#5434,.T.);
#2908=ORIENTED_EDGE('',*,*,#5431,.T.);
#2909=ORIENTED_EDGE('',*,*,#5717,.T.);
#2910=ORIENTED_EDGE('',*,*,#5385,.T.);
#2911=ORIENTED_EDGE('',*,*,#5408,.T.);
#2912=ORIENTED_EDGE('',*,*,#5405,.T.);
#2913=ORIENTED_EDGE('',*,*,#5757,.T.);
#2914=ORIENTED_EDGE('',*,*,#5348,.T.);
#2915=ORIENTED_EDGE('',*,*,#5757,.F.);
#2916=ORIENTED_EDGE('',*,*,#5404,.T.);
#2917=ORIENTED_EDGE('',*,*,#5758,.T.);
#2918=ORIENTED_EDGE('',*,*,#5349,.T.);
#2919=ORIENTED_EDGE('',*,*,#5403,.F.);
#2920=ORIENTED_EDGE('',*,*,#5759,.T.);
#2921=ORIENTED_EDGE('',*,*,#5350,.F.);
#2922=ORIENTED_EDGE('',*,*,#5758,.F.);
#2923=ORIENTED_EDGE('',*,*,#5759,.F.);
#2924=ORIENTED_EDGE('',*,*,#5402,.T.);
#2925=ORIENTED_EDGE('',*,*,#5760,.T.);
#2926=ORIENTED_EDGE('',*,*,#5351,.T.);
#2927=ORIENTED_EDGE('',*,*,#5401,.F.);
#2928=ORIENTED_EDGE('',*,*,#5761,.T.);
#2929=ORIENTED_EDGE('',*,*,#5352,.F.);
#2930=ORIENTED_EDGE('',*,*,#5760,.F.);
#2931=ORIENTED_EDGE('',*,*,#5761,.F.);
#2932=ORIENTED_EDGE('',*,*,#5400,.T.);
#2933=ORIENTED_EDGE('',*,*,#5762,.T.);
#2934=ORIENTED_EDGE('',*,*,#5353,.T.);
#2935=ORIENTED_EDGE('',*,*,#5762,.F.);
#2936=ORIENTED_EDGE('',*,*,#5399,.T.);
#2937=ORIENTED_EDGE('',*,*,#5763,.T.);
#2938=ORIENTED_EDGE('',*,*,#5354,.T.);
#2939=ORIENTED_EDGE('',*,*,#5763,.F.);
#2940=ORIENTED_EDGE('',*,*,#5398,.T.);
#2941=ORIENTED_EDGE('',*,*,#5749,.T.);
#2942=ORIENTED_EDGE('',*,*,#5355,.T.);
#2943=ORIENTED_EDGE('',*,*,#5301,.T.);
#2944=ORIENTED_EDGE('',*,*,#5499,.T.);
#2945=ORIENTED_EDGE('',*,*,#5511,.T.);
#2946=ORIENTED_EDGE('',*,*,#5487,.T.);
#2947=ORIENTED_EDGE('',*,*,#5297,.T.);
#2948=ORIENTED_EDGE('',*,*,#5525,.T.);
#2949=ORIENTED_EDGE('',*,*,#5537,.T.);
#2950=ORIENTED_EDGE('',*,*,#5513,.T.);
#2951=ORIENTED_EDGE('',*,*,#5293,.T.);
#2952=ORIENTED_EDGE('',*,*,#5366,.F.);
#2953=ORIENTED_EDGE('',*,*,#5362,.T.);
#2954=ORIENTED_EDGE('',*,*,#5539,.T.);
#2955=ORIENTED_EDGE('',*,*,#5548,.T.);
#2956=ORIENTED_EDGE('',*,*,#5551,.T.);
#2957=ORIENTED_EDGE('',*,*,#5337,.T.);
#2958=ORIENTED_EDGE('',*,*,#5559,.T.);
#2959=ORIENTED_EDGE('',*,*,#5568,.T.);
#2960=ORIENTED_EDGE('',*,*,#5571,.T.);
#2961=ORIENTED_EDGE('',*,*,#5333,.T.);
#2962=ORIENTED_EDGE('',*,*,#5579,.T.);
#2963=ORIENTED_EDGE('',*,*,#5588,.T.);
#2964=ORIENTED_EDGE('',*,*,#5591,.T.);
#2965=ORIENTED_EDGE('',*,*,#5329,.T.);
#2966=ORIENTED_EDGE('',*,*,#5599,.T.);
#2967=ORIENTED_EDGE('',*,*,#5608,.T.);
#2968=ORIENTED_EDGE('',*,*,#5611,.T.);
#2969=ORIENTED_EDGE('',*,*,#5325,.T.);
#2970=ORIENTED_EDGE('',*,*,#5619,.T.);
#2971=ORIENTED_EDGE('',*,*,#5628,.T.);
#2972=ORIENTED_EDGE('',*,*,#5631,.T.);
#2973=ORIENTED_EDGE('',*,*,#5321,.T.);
#2974=ORIENTED_EDGE('',*,*,#5651,.T.);
#2975=ORIENTED_EDGE('',*,*,#5648,.T.);
#2976=ORIENTED_EDGE('',*,*,#5639,.T.);
#2977=ORIENTED_EDGE('',*,*,#5317,.T.);
#2978=ORIENTED_EDGE('',*,*,#5341,.T.);
#2979=ORIENTED_EDGE('',*,*,#5359,.T.);
#2980=ORIENTED_EDGE('',*,*,#5395,.T.);
#2981=ORIENTED_EDGE('',*,*,#5407,.T.);
#2982=ORIENTED_EDGE('',*,*,#5383,.T.);
#2983=ORIENTED_EDGE('',*,*,#5313,.T.);
#2984=ORIENTED_EDGE('',*,*,#5421,.T.);
#2985=ORIENTED_EDGE('',*,*,#5433,.T.);
#2986=ORIENTED_EDGE('',*,*,#5409,.T.);
#2987=ORIENTED_EDGE('',*,*,#5309,.T.);
#2988=ORIENTED_EDGE('',*,*,#5447,.T.);
#2989=ORIENTED_EDGE('',*,*,#5459,.T.);
#2990=ORIENTED_EDGE('',*,*,#5435,.T.);
#2991=ORIENTED_EDGE('',*,*,#5305,.T.);
#2992=ORIENTED_EDGE('',*,*,#5473,.T.);
#2993=ORIENTED_EDGE('',*,*,#5485,.T.);
#2994=ORIENTED_EDGE('',*,*,#5461,.T.);
#2995=ORIENTED_EDGE('',*,*,#5764,.F.);
#2996=ORIENTED_EDGE('',*,*,#5765,.F.);
#2997=ORIENTED_EDGE('',*,*,#5766,.T.);
#2998=ORIENTED_EDGE('',*,*,#5767,.T.);
#2999=ORIENTED_EDGE('',*,*,#5768,.F.);
#3000=ORIENTED_EDGE('',*,*,#5769,.T.);
#3001=ORIENTED_EDGE('',*,*,#5770,.T.);
#3002=ORIENTED_EDGE('',*,*,#5771,.T.);
#3003=ORIENTED_EDGE('',*,*,#5772,.F.);
#3004=ORIENTED_EDGE('',*,*,#5773,.T.);
#3005=ORIENTED_EDGE('',*,*,#5774,.T.);
#3006=ORIENTED_EDGE('',*,*,#5775,.T.);
#3007=ORIENTED_EDGE('',*,*,#5776,.F.);
#3008=ORIENTED_EDGE('',*,*,#5777,.T.);
#3009=ORIENTED_EDGE('',*,*,#5778,.T.);
#3010=ORIENTED_EDGE('',*,*,#5779,.T.);
#3011=ORIENTED_EDGE('',*,*,#5780,.F.);
#3012=ORIENTED_EDGE('',*,*,#5781,.T.);
#3013=ORIENTED_EDGE('',*,*,#5782,.T.);
#3014=ORIENTED_EDGE('',*,*,#5783,.T.);
#3015=ORIENTED_EDGE('',*,*,#5784,.F.);
#3016=ORIENTED_EDGE('',*,*,#5785,.T.);
#3017=ORIENTED_EDGE('',*,*,#5786,.T.);
#3018=ORIENTED_EDGE('',*,*,#5787,.T.);
#3019=ORIENTED_EDGE('',*,*,#5788,.F.);
#3020=ORIENTED_EDGE('',*,*,#5789,.T.);
#3021=ORIENTED_EDGE('',*,*,#5790,.F.);
#3022=ORIENTED_EDGE('',*,*,#5791,.T.);
#3023=ORIENTED_EDGE('',*,*,#5792,.F.);
#3024=ORIENTED_EDGE('',*,*,#5793,.T.);
#3025=ORIENTED_EDGE('',*,*,#5794,.F.);
#3026=ORIENTED_EDGE('',*,*,#5795,.T.);
#3027=ORIENTED_EDGE('',*,*,#5796,.F.);
#3028=ORIENTED_EDGE('',*,*,#5797,.T.);
#3029=ORIENTED_EDGE('',*,*,#5798,.F.);
#3030=ORIENTED_EDGE('',*,*,#5799,.T.);
#3031=ORIENTED_EDGE('',*,*,#5800,.F.);
#3032=ORIENTED_EDGE('',*,*,#5801,.T.);
#3033=ORIENTED_EDGE('',*,*,#5802,.F.);
#3034=ORIENTED_EDGE('',*,*,#5803,.T.);
#3035=ORIENTED_EDGE('',*,*,#5804,.F.);
#3036=ORIENTED_EDGE('',*,*,#5805,.T.);
#3037=ORIENTED_EDGE('',*,*,#5806,.F.);
#3038=ORIENTED_EDGE('',*,*,#5807,.T.);
#3039=ORIENTED_EDGE('',*,*,#5808,.F.);
#3040=ORIENTED_EDGE('',*,*,#5809,.T.);
#3041=ORIENTED_EDGE('',*,*,#5810,.F.);
#3042=ORIENTED_EDGE('',*,*,#5811,.T.);
#3043=ORIENTED_EDGE('',*,*,#5812,.F.);
#3044=ORIENTED_EDGE('',*,*,#5813,.F.);
#3045=ORIENTED_EDGE('',*,*,#5814,.F.);
#3046=ORIENTED_EDGE('',*,*,#5815,.T.);
#3047=ORIENTED_EDGE('',*,*,#5816,.F.);
#3048=ORIENTED_EDGE('',*,*,#5817,.F.);
#3049=ORIENTED_EDGE('',*,*,#5818,.F.);
#3050=ORIENTED_EDGE('',*,*,#5819,.F.);
#3051=ORIENTED_EDGE('',*,*,#5820,.F.);
#3052=ORIENTED_EDGE('',*,*,#5821,.T.);
#3053=ORIENTED_EDGE('',*,*,#5822,.F.);
#3054=ORIENTED_EDGE('',*,*,#5823,.T.);
#3055=ORIENTED_EDGE('',*,*,#5824,.F.);
#3056=ORIENTED_EDGE('',*,*,#5825,.T.);
#3057=ORIENTED_EDGE('',*,*,#5826,.F.);
#3058=ORIENTED_EDGE('',*,*,#5827,.T.);
#3059=ORIENTED_EDGE('',*,*,#5828,.F.);
#3060=ORIENTED_EDGE('',*,*,#5829,.F.);
#3061=ORIENTED_EDGE('',*,*,#5830,.F.);
#3062=ORIENTED_EDGE('',*,*,#5831,.F.);
#3063=ORIENTED_EDGE('',*,*,#5832,.F.);
#3064=ORIENTED_EDGE('',*,*,#5833,.F.);
#3065=ORIENTED_EDGE('',*,*,#5834,.F.);
#3066=ORIENTED_EDGE('',*,*,#5835,.F.);
#3067=ORIENTED_EDGE('',*,*,#5836,.F.);
#3068=ORIENTED_EDGE('',*,*,#5837,.F.);
#3069=ORIENTED_EDGE('',*,*,#5789,.F.);
#3070=ORIENTED_EDGE('',*,*,#5838,.F.);
#3071=ORIENTED_EDGE('',*,*,#5839,.T.);
#3072=ORIENTED_EDGE('',*,*,#5840,.T.);
#3073=ORIENTED_EDGE('',*,*,#5813,.T.);
#3074=ORIENTED_EDGE('',*,*,#5841,.F.);
#3075=ORIENTED_EDGE('',*,*,#5842,.T.);
#3076=ORIENTED_EDGE('',*,*,#5843,.F.);
#3077=ORIENTED_EDGE('',*,*,#5844,.F.);
#3078=ORIENTED_EDGE('',*,*,#5765,.T.);
#3079=ORIENTED_EDGE('',*,*,#5845,.T.);
#3080=ORIENTED_EDGE('',*,*,#5844,.T.);
#3081=ORIENTED_EDGE('',*,*,#5846,.T.);
#3082=ORIENTED_EDGE('',*,*,#5847,.T.);
#3083=ORIENTED_EDGE('',*,*,#5848,.T.);
#3084=ORIENTED_EDGE('',*,*,#5849,.T.);
#3085=ORIENTED_EDGE('',*,*,#5850,.T.);
#3086=ORIENTED_EDGE('',*,*,#5851,.T.);
#3087=ORIENTED_EDGE('',*,*,#5852,.T.);
#3088=ORIENTED_EDGE('',*,*,#5853,.T.);
#3089=ORIENTED_EDGE('',*,*,#5854,.T.);
#3090=ORIENTED_EDGE('',*,*,#5855,.T.);
#3091=ORIENTED_EDGE('',*,*,#5856,.F.);
#3092=ORIENTED_EDGE('',*,*,#5857,.T.);
#3093=ORIENTED_EDGE('',*,*,#5858,.F.);
#3094=ORIENTED_EDGE('',*,*,#5859,.T.);
#3095=ORIENTED_EDGE('',*,*,#5860,.F.);
#3096=ORIENTED_EDGE('',*,*,#5861,.T.);
#3097=ORIENTED_EDGE('',*,*,#5862,.F.);
#3098=ORIENTED_EDGE('',*,*,#5863,.T.);
#3099=ORIENTED_EDGE('',*,*,#5864,.T.);
#3100=ORIENTED_EDGE('',*,*,#5865,.T.);
#3101=ORIENTED_EDGE('',*,*,#5866,.T.);
#3102=ORIENTED_EDGE('',*,*,#5867,.T.);
#3103=ORIENTED_EDGE('',*,*,#5868,.F.);
#3104=ORIENTED_EDGE('',*,*,#5869,.T.);
#3105=ORIENTED_EDGE('',*,*,#5870,.F.);
#3106=ORIENTED_EDGE('',*,*,#5787,.F.);
#3107=ORIENTED_EDGE('',*,*,#5871,.F.);
#3108=ORIENTED_EDGE('',*,*,#5872,.T.);
#3109=ORIENTED_EDGE('',*,*,#5873,.F.);
#3110=ORIENTED_EDGE('',*,*,#5874,.F.);
#3111=ORIENTED_EDGE('',*,*,#5875,.F.);
#3112=ORIENTED_EDGE('',*,*,#5876,.F.);
#3113=ORIENTED_EDGE('',*,*,#5877,.F.);
#3114=ORIENTED_EDGE('',*,*,#5878,.T.);
#3115=ORIENTED_EDGE('',*,*,#5879,.F.);
#3116=ORIENTED_EDGE('',*,*,#5880,.T.);
#3117=ORIENTED_EDGE('',*,*,#5881,.F.);
#3118=ORIENTED_EDGE('',*,*,#5882,.T.);
#3119=ORIENTED_EDGE('',*,*,#5883,.F.);
#3120=ORIENTED_EDGE('',*,*,#5884,.F.);
#3121=ORIENTED_EDGE('',*,*,#5885,.F.);
#3122=ORIENTED_EDGE('',*,*,#5886,.T.);
#3123=ORIENTED_EDGE('',*,*,#5887,.F.);
#3124=ORIENTED_EDGE('',*,*,#5888,.T.);
#3125=ORIENTED_EDGE('',*,*,#5889,.F.);
#3126=ORIENTED_EDGE('',*,*,#5890,.F.);
#3127=ORIENTED_EDGE('',*,*,#5891,.F.);
#3128=ORIENTED_EDGE('',*,*,#5892,.F.);
#3129=ORIENTED_EDGE('',*,*,#5893,.F.);
#3130=ORIENTED_EDGE('',*,*,#5894,.T.);
#3131=ORIENTED_EDGE('',*,*,#5895,.F.);
#3132=ORIENTED_EDGE('',*,*,#5839,.F.);
#3133=ORIENTED_EDGE('',*,*,#5896,.F.);
#3134=ORIENTED_EDGE('',*,*,#5882,.F.);
#3135=ORIENTED_EDGE('',*,*,#5897,.F.);
#3136=ORIENTED_EDGE('',*,*,#5884,.T.);
#3137=ORIENTED_EDGE('',*,*,#5898,.F.);
#3138=ORIENTED_EDGE('',*,*,#5783,.F.);
#3139=ORIENTED_EDGE('',*,*,#5899,.F.);
#3140=ORIENTED_EDGE('',*,*,#5900,.T.);
#3141=ORIENTED_EDGE('',*,*,#5901,.F.);
#3142=ORIENTED_EDGE('',*,*,#5902,.F.);
#3143=ORIENTED_EDGE('',*,*,#5903,.F.);
#3144=ORIENTED_EDGE('',*,*,#5904,.F.);
#3145=ORIENTED_EDGE('',*,*,#5905,.F.);
#3146=ORIENTED_EDGE('',*,*,#5906,.T.);
#3147=ORIENTED_EDGE('',*,*,#5907,.F.);
#3148=ORIENTED_EDGE('',*,*,#5908,.T.);
#3149=ORIENTED_EDGE('',*,*,#5909,.F.);
#3150=ORIENTED_EDGE('',*,*,#5910,.T.);
#3151=ORIENTED_EDGE('',*,*,#5911,.F.);
#3152=ORIENTED_EDGE('',*,*,#5912,.F.);
#3153=ORIENTED_EDGE('',*,*,#5913,.F.);
#3154=ORIENTED_EDGE('',*,*,#5914,.T.);
#3155=ORIENTED_EDGE('',*,*,#5915,.F.);
#3156=ORIENTED_EDGE('',*,*,#5916,.T.);
#3157=ORIENTED_EDGE('',*,*,#5917,.F.);
#3158=ORIENTED_EDGE('',*,*,#5918,.F.);
#3159=ORIENTED_EDGE('',*,*,#5919,.F.);
#3160=ORIENTED_EDGE('',*,*,#5920,.F.);
#3161=ORIENTED_EDGE('',*,*,#5921,.F.);
#3162=ORIENTED_EDGE('',*,*,#5922,.T.);
#3163=ORIENTED_EDGE('',*,*,#5923,.F.);
#3164=ORIENTED_EDGE('',*,*,#5785,.F.);
#3165=ORIENTED_EDGE('',*,*,#5924,.F.);
#3166=ORIENTED_EDGE('',*,*,#5910,.F.);
#3167=ORIENTED_EDGE('',*,*,#5925,.F.);
#3168=ORIENTED_EDGE('',*,*,#5912,.T.);
#3169=ORIENTED_EDGE('',*,*,#5926,.F.);
#3170=ORIENTED_EDGE('',*,*,#5779,.F.);
#3171=ORIENTED_EDGE('',*,*,#5927,.F.);
#3172=ORIENTED_EDGE('',*,*,#5928,.T.);
#3173=ORIENTED_EDGE('',*,*,#5929,.F.);
#3174=ORIENTED_EDGE('',*,*,#5930,.F.);
#3175=ORIENTED_EDGE('',*,*,#5931,.F.);
#3176=ORIENTED_EDGE('',*,*,#5932,.F.);
#3177=ORIENTED_EDGE('',*,*,#5933,.F.);
#3178=ORIENTED_EDGE('',*,*,#5934,.T.);
#3179=ORIENTED_EDGE('',*,*,#5935,.F.);
#3180=ORIENTED_EDGE('',*,*,#5936,.T.);
#3181=ORIENTED_EDGE('',*,*,#5937,.F.);
#3182=ORIENTED_EDGE('',*,*,#5938,.T.);
#3183=ORIENTED_EDGE('',*,*,#5939,.F.);
#3184=ORIENTED_EDGE('',*,*,#5940,.F.);
#3185=ORIENTED_EDGE('',*,*,#5941,.F.);
#3186=ORIENTED_EDGE('',*,*,#5942,.T.);
#3187=ORIENTED_EDGE('',*,*,#5943,.F.);
#3188=ORIENTED_EDGE('',*,*,#5944,.T.);
#3189=ORIENTED_EDGE('',*,*,#5945,.F.);
#3190=ORIENTED_EDGE('',*,*,#5946,.F.);
#3191=ORIENTED_EDGE('',*,*,#5947,.F.);
#3192=ORIENTED_EDGE('',*,*,#5948,.F.);
#3193=ORIENTED_EDGE('',*,*,#5949,.F.);
#3194=ORIENTED_EDGE('',*,*,#5950,.T.);
#3195=ORIENTED_EDGE('',*,*,#5951,.F.);
#3196=ORIENTED_EDGE('',*,*,#5781,.F.);
#3197=ORIENTED_EDGE('',*,*,#5952,.F.);
#3198=ORIENTED_EDGE('',*,*,#5938,.F.);
#3199=ORIENTED_EDGE('',*,*,#5953,.F.);
#3200=ORIENTED_EDGE('',*,*,#5940,.T.);
#3201=ORIENTED_EDGE('',*,*,#5954,.F.);
#3202=ORIENTED_EDGE('',*,*,#5775,.F.);
#3203=ORIENTED_EDGE('',*,*,#5955,.F.);
#3204=ORIENTED_EDGE('',*,*,#5956,.T.);
#3205=ORIENTED_EDGE('',*,*,#5957,.F.);
#3206=ORIENTED_EDGE('',*,*,#5958,.F.);
#3207=ORIENTED_EDGE('',*,*,#5959,.F.);
#3208=ORIENTED_EDGE('',*,*,#5960,.F.);
#3209=ORIENTED_EDGE('',*,*,#5961,.F.);
#3210=ORIENTED_EDGE('',*,*,#5962,.T.);
#3211=ORIENTED_EDGE('',*,*,#5963,.F.);
#3212=ORIENTED_EDGE('',*,*,#5964,.T.);
#3213=ORIENTED_EDGE('',*,*,#5965,.F.);
#3214=ORIENTED_EDGE('',*,*,#5966,.T.);
#3215=ORIENTED_EDGE('',*,*,#5967,.F.);
#3216=ORIENTED_EDGE('',*,*,#5968,.F.);
#3217=ORIENTED_EDGE('',*,*,#5969,.F.);
#3218=ORIENTED_EDGE('',*,*,#5970,.T.);
#3219=ORIENTED_EDGE('',*,*,#5971,.F.);
#3220=ORIENTED_EDGE('',*,*,#5972,.T.);
#3221=ORIENTED_EDGE('',*,*,#5973,.F.);
#3222=ORIENTED_EDGE('',*,*,#5974,.F.);
#3223=ORIENTED_EDGE('',*,*,#5975,.F.);
#3224=ORIENTED_EDGE('',*,*,#5976,.F.);
#3225=ORIENTED_EDGE('',*,*,#5977,.F.);
#3226=ORIENTED_EDGE('',*,*,#5978,.T.);
#3227=ORIENTED_EDGE('',*,*,#5979,.F.);
#3228=ORIENTED_EDGE('',*,*,#5777,.F.);
#3229=ORIENTED_EDGE('',*,*,#5980,.F.);
#3230=ORIENTED_EDGE('',*,*,#5966,.F.);
#3231=ORIENTED_EDGE('',*,*,#5981,.F.);
#3232=ORIENTED_EDGE('',*,*,#5968,.T.);
#3233=ORIENTED_EDGE('',*,*,#5982,.F.);
#3234=ORIENTED_EDGE('',*,*,#5771,.F.);
#3235=ORIENTED_EDGE('',*,*,#5983,.F.);
#3236=ORIENTED_EDGE('',*,*,#5984,.T.);
#3237=ORIENTED_EDGE('',*,*,#5985,.F.);
#3238=ORIENTED_EDGE('',*,*,#5986,.F.);
#3239=ORIENTED_EDGE('',*,*,#5987,.F.);
#3240=ORIENTED_EDGE('',*,*,#5988,.F.);
#3241=ORIENTED_EDGE('',*,*,#5989,.F.);
#3242=ORIENTED_EDGE('',*,*,#5990,.T.);
#3243=ORIENTED_EDGE('',*,*,#5991,.F.);
#3244=ORIENTED_EDGE('',*,*,#5992,.T.);
#3245=ORIENTED_EDGE('',*,*,#5993,.F.);
#3246=ORIENTED_EDGE('',*,*,#5994,.T.);
#3247=ORIENTED_EDGE('',*,*,#5995,.F.);
#3248=ORIENTED_EDGE('',*,*,#5996,.F.);
#3249=ORIENTED_EDGE('',*,*,#5997,.F.);
#3250=ORIENTED_EDGE('',*,*,#5998,.T.);
#3251=ORIENTED_EDGE('',*,*,#5999,.F.);
#3252=ORIENTED_EDGE('',*,*,#6000,.T.);
#3253=ORIENTED_EDGE('',*,*,#6001,.F.);
#3254=ORIENTED_EDGE('',*,*,#6002,.F.);
#3255=ORIENTED_EDGE('',*,*,#6003,.F.);
#3256=ORIENTED_EDGE('',*,*,#6004,.F.);
#3257=ORIENTED_EDGE('',*,*,#6005,.F.);
#3258=ORIENTED_EDGE('',*,*,#6006,.T.);
#3259=ORIENTED_EDGE('',*,*,#6007,.F.);
#3260=ORIENTED_EDGE('',*,*,#5773,.F.);
#3261=ORIENTED_EDGE('',*,*,#6008,.F.);
#3262=ORIENTED_EDGE('',*,*,#5994,.F.);
#3263=ORIENTED_EDGE('',*,*,#6009,.F.);
#3264=ORIENTED_EDGE('',*,*,#5996,.T.);
#3265=ORIENTED_EDGE('',*,*,#6010,.F.);
#3266=ORIENTED_EDGE('',*,*,#5767,.F.);
#3267=ORIENTED_EDGE('',*,*,#6011,.F.);
#3268=ORIENTED_EDGE('',*,*,#6012,.T.);
#3269=ORIENTED_EDGE('',*,*,#6013,.F.);
#3270=ORIENTED_EDGE('',*,*,#6014,.F.);
#3271=ORIENTED_EDGE('',*,*,#6015,.F.);
#3272=ORIENTED_EDGE('',*,*,#6016,.F.);
#3273=ORIENTED_EDGE('',*,*,#6017,.F.);
#3274=ORIENTED_EDGE('',*,*,#6018,.T.);
#3275=ORIENTED_EDGE('',*,*,#6019,.F.);
#3276=ORIENTED_EDGE('',*,*,#6020,.T.);
#3277=ORIENTED_EDGE('',*,*,#6021,.F.);
#3278=ORIENTED_EDGE('',*,*,#6022,.T.);
#3279=ORIENTED_EDGE('',*,*,#6023,.F.);
#3280=ORIENTED_EDGE('',*,*,#6024,.F.);
#3281=ORIENTED_EDGE('',*,*,#6025,.F.);
#3282=ORIENTED_EDGE('',*,*,#6026,.T.);
#3283=ORIENTED_EDGE('',*,*,#6027,.F.);
#3284=ORIENTED_EDGE('',*,*,#6028,.T.);
#3285=ORIENTED_EDGE('',*,*,#6029,.F.);
#3286=ORIENTED_EDGE('',*,*,#6030,.F.);
#3287=ORIENTED_EDGE('',*,*,#6031,.F.);
#3288=ORIENTED_EDGE('',*,*,#6032,.F.);
#3289=ORIENTED_EDGE('',*,*,#6033,.F.);
#3290=ORIENTED_EDGE('',*,*,#6034,.T.);
#3291=ORIENTED_EDGE('',*,*,#6035,.F.);
#3292=ORIENTED_EDGE('',*,*,#5769,.F.);
#3293=ORIENTED_EDGE('',*,*,#6036,.F.);
#3294=ORIENTED_EDGE('',*,*,#6022,.F.);
#3295=ORIENTED_EDGE('',*,*,#6037,.F.);
#3296=ORIENTED_EDGE('',*,*,#6024,.T.);
#3297=ORIENTED_EDGE('',*,*,#6038,.F.);
#3298=ORIENTED_EDGE('',*,*,#6039,.F.);
#3299=ORIENTED_EDGE('',*,*,#6040,.F.);
#3300=ORIENTED_EDGE('',*,*,#6041,.T.);
#3301=ORIENTED_EDGE('',*,*,#6042,.F.);
#3302=ORIENTED_EDGE('',*,*,#6043,.T.);
#3303=ORIENTED_EDGE('',*,*,#6044,.F.);
#3304=ORIENTED_EDGE('',*,*,#6045,.F.);
#3305=ORIENTED_EDGE('',*,*,#6046,.F.);
#3306=ORIENTED_EDGE('',*,*,#6047,.F.);
#3307=ORIENTED_EDGE('',*,*,#6048,.F.);
#3308=ORIENTED_EDGE('',*,*,#6049,.F.);
#3309=ORIENTED_EDGE('',*,*,#6050,.F.);
#3310=ORIENTED_EDGE('',*,*,#6051,.F.);
#3311=ORIENTED_EDGE('',*,*,#6052,.F.);
#3312=ORIENTED_EDGE('',*,*,#6053,.F.);
#3313=ORIENTED_EDGE('',*,*,#5842,.F.);
#3314=ORIENTED_EDGE('',*,*,#6054,.F.);
#3315=ORIENTED_EDGE('',*,*,#6055,.F.);
#3316=ORIENTED_EDGE('',*,*,#6056,.F.);
#3317=ORIENTED_EDGE('',*,*,#6039,.T.);
#3318=ORIENTED_EDGE('',*,*,#6057,.F.);
#3319=ORIENTED_EDGE('',*,*,#5811,.F.);
#3320=ORIENTED_EDGE('',*,*,#6058,.F.);
#3321=ORIENTED_EDGE('',*,*,#6059,.F.);
#3322=ORIENTED_EDGE('',*,*,#6060,.F.);
#3323=ORIENTED_EDGE('',*,*,#6061,.F.);
#3324=ORIENTED_EDGE('',*,*,#6062,.F.);
#3325=ORIENTED_EDGE('',*,*,#6063,.F.);
#3326=ORIENTED_EDGE('',*,*,#6064,.F.);
#3327=ORIENTED_EDGE('',*,*,#6065,.F.);
#3328=ORIENTED_EDGE('',*,*,#6066,.F.);
#3329=ORIENTED_EDGE('',*,*,#6067,.F.);
#3330=ORIENTED_EDGE('',*,*,#6068,.T.);
#3331=ORIENTED_EDGE('',*,*,#6069,.F.);
#3332=ORIENTED_EDGE('',*,*,#6070,.T.);
#3333=ORIENTED_EDGE('',*,*,#6071,.F.);
#3334=ORIENTED_EDGE('',*,*,#6055,.T.);
#3335=ORIENTED_EDGE('',*,*,#6072,.F.);
#3336=ORIENTED_EDGE('',*,*,#6073,.F.);
#3337=ORIENTED_EDGE('',*,*,#6074,.F.);
#3338=ORIENTED_EDGE('',*,*,#6075,.T.);
#3339=ORIENTED_EDGE('',*,*,#6076,.F.);
#3340=ORIENTED_EDGE('',*,*,#6077,.T.);
#3341=ORIENTED_EDGE('',*,*,#6078,.F.);
#3342=ORIENTED_EDGE('',*,*,#6079,.F.);
#3343=ORIENTED_EDGE('',*,*,#6080,.F.);
#3344=ORIENTED_EDGE('',*,*,#6081,.F.);
#3345=ORIENTED_EDGE('',*,*,#6082,.F.);
#3346=ORIENTED_EDGE('',*,*,#6083,.F.);
#3347=ORIENTED_EDGE('',*,*,#6084,.F.);
#3348=ORIENTED_EDGE('',*,*,#6085,.F.);
#3349=ORIENTED_EDGE('',*,*,#6086,.F.);
#3350=ORIENTED_EDGE('',*,*,#6087,.F.);
#3351=ORIENTED_EDGE('',*,*,#5809,.F.);
#3352=ORIENTED_EDGE('',*,*,#6088,.F.);
#3353=ORIENTED_EDGE('',*,*,#6089,.F.);
#3354=ORIENTED_EDGE('',*,*,#6090,.F.);
#3355=ORIENTED_EDGE('',*,*,#6073,.T.);
#3356=ORIENTED_EDGE('',*,*,#6091,.F.);
#3357=ORIENTED_EDGE('',*,*,#5807,.F.);
#3358=ORIENTED_EDGE('',*,*,#6092,.F.);
#3359=ORIENTED_EDGE('',*,*,#6093,.F.);
#3360=ORIENTED_EDGE('',*,*,#6094,.F.);
#3361=ORIENTED_EDGE('',*,*,#6095,.F.);
#3362=ORIENTED_EDGE('',*,*,#6096,.F.);
#3363=ORIENTED_EDGE('',*,*,#6097,.F.);
#3364=ORIENTED_EDGE('',*,*,#6098,.F.);
#3365=ORIENTED_EDGE('',*,*,#6099,.F.);
#3366=ORIENTED_EDGE('',*,*,#6100,.F.);
#3367=ORIENTED_EDGE('',*,*,#6101,.F.);
#3368=ORIENTED_EDGE('',*,*,#6102,.T.);
#3369=ORIENTED_EDGE('',*,*,#6103,.F.);
#3370=ORIENTED_EDGE('',*,*,#6104,.T.);
#3371=ORIENTED_EDGE('',*,*,#6105,.F.);
#3372=ORIENTED_EDGE('',*,*,#6089,.T.);
#3373=ORIENTED_EDGE('',*,*,#6106,.F.);
#3374=ORIENTED_EDGE('',*,*,#6107,.F.);
#3375=ORIENTED_EDGE('',*,*,#6108,.F.);
#3376=ORIENTED_EDGE('',*,*,#6109,.T.);
#3377=ORIENTED_EDGE('',*,*,#6110,.F.);
#3378=ORIENTED_EDGE('',*,*,#6111,.T.);
#3379=ORIENTED_EDGE('',*,*,#6112,.F.);
#3380=ORIENTED_EDGE('',*,*,#6113,.F.);
#3381=ORIENTED_EDGE('',*,*,#6114,.F.);
#3382=ORIENTED_EDGE('',*,*,#6115,.F.);
#3383=ORIENTED_EDGE('',*,*,#6116,.F.);
#3384=ORIENTED_EDGE('',*,*,#6117,.F.);
#3385=ORIENTED_EDGE('',*,*,#6118,.F.);
#3386=ORIENTED_EDGE('',*,*,#6119,.F.);
#3387=ORIENTED_EDGE('',*,*,#6120,.F.);
#3388=ORIENTED_EDGE('',*,*,#6121,.F.);
#3389=ORIENTED_EDGE('',*,*,#5805,.F.);
#3390=ORIENTED_EDGE('',*,*,#6122,.F.);
#3391=ORIENTED_EDGE('',*,*,#6123,.F.);
#3392=ORIENTED_EDGE('',*,*,#6124,.F.);
#3393=ORIENTED_EDGE('',*,*,#6107,.T.);
#3394=ORIENTED_EDGE('',*,*,#6125,.F.);
#3395=ORIENTED_EDGE('',*,*,#5803,.F.);
#3396=ORIENTED_EDGE('',*,*,#6126,.F.);
#3397=ORIENTED_EDGE('',*,*,#6127,.F.);
#3398=ORIENTED_EDGE('',*,*,#6128,.F.);
#3399=ORIENTED_EDGE('',*,*,#6129,.F.);
#3400=ORIENTED_EDGE('',*,*,#6130,.F.);
#3401=ORIENTED_EDGE('',*,*,#6131,.F.);
#3402=ORIENTED_EDGE('',*,*,#6132,.F.);
#3403=ORIENTED_EDGE('',*,*,#6133,.F.);
#3404=ORIENTED_EDGE('',*,*,#6134,.F.);
#3405=ORIENTED_EDGE('',*,*,#6135,.F.);
#3406=ORIENTED_EDGE('',*,*,#6136,.T.);
#3407=ORIENTED_EDGE('',*,*,#6137,.F.);
#3408=ORIENTED_EDGE('',*,*,#6138,.T.);
#3409=ORIENTED_EDGE('',*,*,#6139,.F.);
#3410=ORIENTED_EDGE('',*,*,#6123,.T.);
#3411=ORIENTED_EDGE('',*,*,#6140,.F.);
#3412=ORIENTED_EDGE('',*,*,#6141,.F.);
#3413=ORIENTED_EDGE('',*,*,#6142,.F.);
#3414=ORIENTED_EDGE('',*,*,#6143,.T.);
#3415=ORIENTED_EDGE('',*,*,#6144,.F.);
#3416=ORIENTED_EDGE('',*,*,#6145,.T.);
#3417=ORIENTED_EDGE('',*,*,#6146,.F.);
#3418=ORIENTED_EDGE('',*,*,#6147,.F.);
#3419=ORIENTED_EDGE('',*,*,#6148,.F.);
#3420=ORIENTED_EDGE('',*,*,#6149,.F.);
#3421=ORIENTED_EDGE('',*,*,#6150,.F.);
#3422=ORIENTED_EDGE('',*,*,#6151,.F.);
#3423=ORIENTED_EDGE('',*,*,#6152,.F.);
#3424=ORIENTED_EDGE('',*,*,#6153,.F.);
#3425=ORIENTED_EDGE('',*,*,#6154,.F.);
#3426=ORIENTED_EDGE('',*,*,#6155,.F.);
#3427=ORIENTED_EDGE('',*,*,#5801,.F.);
#3428=ORIENTED_EDGE('',*,*,#6156,.F.);
#3429=ORIENTED_EDGE('',*,*,#6157,.F.);
#3430=ORIENTED_EDGE('',*,*,#6158,.F.);
#3431=ORIENTED_EDGE('',*,*,#6141,.T.);
#3432=ORIENTED_EDGE('',*,*,#6159,.F.);
#3433=ORIENTED_EDGE('',*,*,#5799,.F.);
#3434=ORIENTED_EDGE('',*,*,#6160,.F.);
#3435=ORIENTED_EDGE('',*,*,#6161,.F.);
#3436=ORIENTED_EDGE('',*,*,#6162,.F.);
#3437=ORIENTED_EDGE('',*,*,#6163,.F.);
#3438=ORIENTED_EDGE('',*,*,#6164,.F.);
#3439=ORIENTED_EDGE('',*,*,#6165,.F.);
#3440=ORIENTED_EDGE('',*,*,#6166,.F.);
#3441=ORIENTED_EDGE('',*,*,#6167,.F.);
#3442=ORIENTED_EDGE('',*,*,#6168,.F.);
#3443=ORIENTED_EDGE('',*,*,#6169,.F.);
#3444=ORIENTED_EDGE('',*,*,#6170,.T.);
#3445=ORIENTED_EDGE('',*,*,#6171,.F.);
#3446=ORIENTED_EDGE('',*,*,#6172,.T.);
#3447=ORIENTED_EDGE('',*,*,#6173,.F.);
#3448=ORIENTED_EDGE('',*,*,#6157,.T.);
#3449=ORIENTED_EDGE('',*,*,#6174,.F.);
#3450=ORIENTED_EDGE('',*,*,#6175,.F.);
#3451=ORIENTED_EDGE('',*,*,#6176,.F.);
#3452=ORIENTED_EDGE('',*,*,#6177,.T.);
#3453=ORIENTED_EDGE('',*,*,#6178,.F.);
#3454=ORIENTED_EDGE('',*,*,#6179,.T.);
#3455=ORIENTED_EDGE('',*,*,#6180,.F.);
#3456=ORIENTED_EDGE('',*,*,#6181,.F.);
#3457=ORIENTED_EDGE('',*,*,#6182,.F.);
#3458=ORIENTED_EDGE('',*,*,#6183,.F.);
#3459=ORIENTED_EDGE('',*,*,#6184,.F.);
#3460=ORIENTED_EDGE('',*,*,#6185,.F.);
#3461=ORIENTED_EDGE('',*,*,#6186,.F.);
#3462=ORIENTED_EDGE('',*,*,#6187,.F.);
#3463=ORIENTED_EDGE('',*,*,#6188,.F.);
#3464=ORIENTED_EDGE('',*,*,#6189,.F.);
#3465=ORIENTED_EDGE('',*,*,#5797,.F.);
#3466=ORIENTED_EDGE('',*,*,#6190,.F.);
#3467=ORIENTED_EDGE('',*,*,#6191,.F.);
#3468=ORIENTED_EDGE('',*,*,#6192,.F.);
#3469=ORIENTED_EDGE('',*,*,#6175,.T.);
#3470=ORIENTED_EDGE('',*,*,#6193,.F.);
#3471=ORIENTED_EDGE('',*,*,#5795,.F.);
#3472=ORIENTED_EDGE('',*,*,#6194,.F.);
#3473=ORIENTED_EDGE('',*,*,#6195,.F.);
#3474=ORIENTED_EDGE('',*,*,#6196,.F.);
#3475=ORIENTED_EDGE('',*,*,#6197,.F.);
#3476=ORIENTED_EDGE('',*,*,#6198,.F.);
#3477=ORIENTED_EDGE('',*,*,#6199,.F.);
#3478=ORIENTED_EDGE('',*,*,#6200,.F.);
#3479=ORIENTED_EDGE('',*,*,#6201,.F.);
#3480=ORIENTED_EDGE('',*,*,#6202,.F.);
#3481=ORIENTED_EDGE('',*,*,#6203,.F.);
#3482=ORIENTED_EDGE('',*,*,#6204,.T.);
#3483=ORIENTED_EDGE('',*,*,#6205,.F.);
#3484=ORIENTED_EDGE('',*,*,#6206,.T.);
#3485=ORIENTED_EDGE('',*,*,#6207,.F.);
#3486=ORIENTED_EDGE('',*,*,#6191,.T.);
#3487=ORIENTED_EDGE('',*,*,#6208,.F.);
#3488=ORIENTED_EDGE('',*,*,#5791,.F.);
#3489=ORIENTED_EDGE('',*,*,#6209,.F.);
#3490=ORIENTED_EDGE('',*,*,#6210,.F.);
#3491=ORIENTED_EDGE('',*,*,#6211,.F.);
#3492=ORIENTED_EDGE('',*,*,#6212,.F.);
#3493=ORIENTED_EDGE('',*,*,#6213,.F.);
#3494=ORIENTED_EDGE('',*,*,#6214,.F.);
#3495=ORIENTED_EDGE('',*,*,#6215,.F.);
#3496=ORIENTED_EDGE('',*,*,#6216,.F.);
#3497=ORIENTED_EDGE('',*,*,#6217,.F.);
#3498=ORIENTED_EDGE('',*,*,#6218,.F.);
#3499=ORIENTED_EDGE('',*,*,#6219,.T.);
#3500=ORIENTED_EDGE('',*,*,#6220,.F.);
#3501=ORIENTED_EDGE('',*,*,#6221,.T.);
#3502=ORIENTED_EDGE('',*,*,#6222,.F.);
#3503=ORIENTED_EDGE('',*,*,#6223,.T.);
#3504=ORIENTED_EDGE('',*,*,#6224,.F.);
#3505=ORIENTED_EDGE('',*,*,#6223,.F.);
#3506=ORIENTED_EDGE('',*,*,#6225,.F.);
#3507=ORIENTED_EDGE('',*,*,#6226,.T.);
#3508=ORIENTED_EDGE('',*,*,#6227,.F.);
#3509=ORIENTED_EDGE('',*,*,#6226,.F.);
#3510=ORIENTED_EDGE('',*,*,#6228,.F.);
#3511=ORIENTED_EDGE('',*,*,#6229,.T.);
#3512=ORIENTED_EDGE('',*,*,#6230,.F.);
#3513=ORIENTED_EDGE('',*,*,#6231,.T.);
#3514=ORIENTED_EDGE('',*,*,#6232,.F.);
#3515=ORIENTED_EDGE('',*,*,#6233,.F.);
#3516=ORIENTED_EDGE('',*,*,#6234,.F.);
#3517=ORIENTED_EDGE('',*,*,#6235,.F.);
#3518=ORIENTED_EDGE('',*,*,#6236,.F.);
#3519=ORIENTED_EDGE('',*,*,#6237,.F.);
#3520=ORIENTED_EDGE('',*,*,#6238,.F.);
#3521=ORIENTED_EDGE('',*,*,#6239,.F.);
#3522=ORIENTED_EDGE('',*,*,#6240,.F.);
#3523=ORIENTED_EDGE('',*,*,#6241,.F.);
#3524=ORIENTED_EDGE('',*,*,#5793,.F.);
#3525=ORIENTED_EDGE('',*,*,#6242,.T.);
#3526=ORIENTED_EDGE('',*,*,#6011,.T.);
#3527=ORIENTED_EDGE('',*,*,#5766,.F.);
#3528=ORIENTED_EDGE('',*,*,#5869,.F.);
#3529=ORIENTED_EDGE('',*,*,#5770,.F.);
#3530=ORIENTED_EDGE('',*,*,#6035,.T.);
#3531=ORIENTED_EDGE('',*,*,#6243,.T.);
#3532=ORIENTED_EDGE('',*,*,#5983,.T.);
#3533=ORIENTED_EDGE('',*,*,#5774,.F.);
#3534=ORIENTED_EDGE('',*,*,#6007,.T.);
#3535=ORIENTED_EDGE('',*,*,#6244,.T.);
#3536=ORIENTED_EDGE('',*,*,#5955,.T.);
#3537=ORIENTED_EDGE('',*,*,#5778,.F.);
#3538=ORIENTED_EDGE('',*,*,#5979,.T.);
#3539=ORIENTED_EDGE('',*,*,#6245,.T.);
#3540=ORIENTED_EDGE('',*,*,#5927,.T.);
#3541=ORIENTED_EDGE('',*,*,#5782,.F.);
#3542=ORIENTED_EDGE('',*,*,#5951,.T.);
#3543=ORIENTED_EDGE('',*,*,#6246,.T.);
#3544=ORIENTED_EDGE('',*,*,#5899,.T.);
#3545=ORIENTED_EDGE('',*,*,#5786,.F.);
#3546=ORIENTED_EDGE('',*,*,#5923,.T.);
#3547=ORIENTED_EDGE('',*,*,#6247,.T.);
#3548=ORIENTED_EDGE('',*,*,#5871,.T.);
#3549=ORIENTED_EDGE('',*,*,#6012,.F.);
#3550=ORIENTED_EDGE('',*,*,#6242,.F.);
#3551=ORIENTED_EDGE('',*,*,#5868,.T.);
#3552=ORIENTED_EDGE('',*,*,#6248,.T.);
#3553=ORIENTED_EDGE('',*,*,#6034,.F.);
#3554=ORIENTED_EDGE('',*,*,#6249,.T.);
#3555=ORIENTED_EDGE('',*,*,#5984,.F.);
#3556=ORIENTED_EDGE('',*,*,#6243,.F.);
#3557=ORIENTED_EDGE('',*,*,#6006,.F.);
#3558=ORIENTED_EDGE('',*,*,#6250,.T.);
#3559=ORIENTED_EDGE('',*,*,#5956,.F.);
#3560=ORIENTED_EDGE('',*,*,#6244,.F.);
#3561=ORIENTED_EDGE('',*,*,#5978,.F.);
#3562=ORIENTED_EDGE('',*,*,#6251,.T.);
#3563=ORIENTED_EDGE('',*,*,#5928,.F.);
#3564=ORIENTED_EDGE('',*,*,#6245,.F.);
#3565=ORIENTED_EDGE('',*,*,#5950,.F.);
#3566=ORIENTED_EDGE('',*,*,#6252,.T.);
#3567=ORIENTED_EDGE('',*,*,#5900,.F.);
#3568=ORIENTED_EDGE('',*,*,#6246,.F.);
#3569=ORIENTED_EDGE('',*,*,#5922,.F.);
#3570=ORIENTED_EDGE('',*,*,#6253,.T.);
#3571=ORIENTED_EDGE('',*,*,#5872,.F.);
#3572=ORIENTED_EDGE('',*,*,#6247,.F.);
#3573=ORIENTED_EDGE('',*,*,#6254,.T.);
#3574=ORIENTED_EDGE('',*,*,#6013,.T.);
#3575=ORIENTED_EDGE('',*,*,#6248,.F.);
#3576=ORIENTED_EDGE('',*,*,#5867,.F.);
#3577=ORIENTED_EDGE('',*,*,#6249,.F.);
#3578=ORIENTED_EDGE('',*,*,#6033,.T.);
#3579=ORIENTED_EDGE('',*,*,#6255,.T.);
#3580=ORIENTED_EDGE('',*,*,#5985,.T.);
#3581=ORIENTED_EDGE('',*,*,#6250,.F.);
#3582=ORIENTED_EDGE('',*,*,#6005,.T.);
#3583=ORIENTED_EDGE('',*,*,#6256,.T.);
#3584=ORIENTED_EDGE('',*,*,#5957,.T.);
#3585=ORIENTED_EDGE('',*,*,#6251,.F.);
#3586=ORIENTED_EDGE('',*,*,#5977,.T.);
#3587=ORIENTED_EDGE('',*,*,#6257,.T.);
#3588=ORIENTED_EDGE('',*,*,#5929,.T.);
#3589=ORIENTED_EDGE('',*,*,#6252,.F.);
#3590=ORIENTED_EDGE('',*,*,#5949,.T.);
#3591=ORIENTED_EDGE('',*,*,#6258,.T.);
#3592=ORIENTED_EDGE('',*,*,#5901,.T.);
#3593=ORIENTED_EDGE('',*,*,#6253,.F.);
#3594=ORIENTED_EDGE('',*,*,#5921,.T.);
#3595=ORIENTED_EDGE('',*,*,#6259,.T.);
#3596=ORIENTED_EDGE('',*,*,#5873,.T.);
#3597=ORIENTED_EDGE('',*,*,#6260,.T.);
#3598=ORIENTED_EDGE('',*,*,#6014,.T.);
#3599=ORIENTED_EDGE('',*,*,#6254,.F.);
#3600=ORIENTED_EDGE('',*,*,#5866,.F.);
#3601=ORIENTED_EDGE('',*,*,#6255,.F.);
#3602=ORIENTED_EDGE('',*,*,#6032,.T.);
#3603=ORIENTED_EDGE('',*,*,#6261,.T.);
#3604=ORIENTED_EDGE('',*,*,#5986,.T.);
#3605=ORIENTED_EDGE('',*,*,#6256,.F.);
#3606=ORIENTED_EDGE('',*,*,#6004,.T.);
#3607=ORIENTED_EDGE('',*,*,#6262,.T.);
#3608=ORIENTED_EDGE('',*,*,#5958,.T.);
#3609=ORIENTED_EDGE('',*,*,#6257,.F.);
#3610=ORIENTED_EDGE('',*,*,#5976,.T.);
#3611=ORIENTED_EDGE('',*,*,#6263,.T.);
#3612=ORIENTED_EDGE('',*,*,#5930,.T.);
#3613=ORIENTED_EDGE('',*,*,#6258,.F.);
#3614=ORIENTED_EDGE('',*,*,#5948,.T.);
#3615=ORIENTED_EDGE('',*,*,#6264,.T.);
#3616=ORIENTED_EDGE('',*,*,#5902,.T.);
#3617=ORIENTED_EDGE('',*,*,#6259,.F.);
#3618=ORIENTED_EDGE('',*,*,#5920,.T.);
#3619=ORIENTED_EDGE('',*,*,#6265,.T.);
#3620=ORIENTED_EDGE('',*,*,#5874,.T.);
#3621=ORIENTED_EDGE('',*,*,#6266,.T.);
#3622=ORIENTED_EDGE('',*,*,#6015,.T.);
#3623=ORIENTED_EDGE('',*,*,#6260,.F.);
#3624=ORIENTED_EDGE('',*,*,#5865,.F.);
#3625=ORIENTED_EDGE('',*,*,#6261,.F.);
#3626=ORIENTED_EDGE('',*,*,#6031,.T.);
#3627=ORIENTED_EDGE('',*,*,#6267,.T.);
#3628=ORIENTED_EDGE('',*,*,#5987,.T.);
#3629=ORIENTED_EDGE('',*,*,#6262,.F.);
#3630=ORIENTED_EDGE('',*,*,#6003,.T.);
#3631=ORIENTED_EDGE('',*,*,#6268,.T.);
#3632=ORIENTED_EDGE('',*,*,#5959,.T.);
#3633=ORIENTED_EDGE('',*,*,#6263,.F.);
#3634=ORIENTED_EDGE('',*,*,#5975,.T.);
#3635=ORIENTED_EDGE('',*,*,#6269,.T.);
#3636=ORIENTED_EDGE('',*,*,#5931,.T.);
#3637=ORIENTED_EDGE('',*,*,#6264,.F.);
#3638=ORIENTED_EDGE('',*,*,#5947,.T.);
#3639=ORIENTED_EDGE('',*,*,#6270,.T.);
#3640=ORIENTED_EDGE('',*,*,#5903,.T.);
#3641=ORIENTED_EDGE('',*,*,#6265,.F.);
#3642=ORIENTED_EDGE('',*,*,#5919,.T.);
#3643=ORIENTED_EDGE('',*,*,#6271,.T.);
#3644=ORIENTED_EDGE('',*,*,#5875,.T.);
#3645=ORIENTED_EDGE('',*,*,#6272,.T.);
#3646=ORIENTED_EDGE('',*,*,#6016,.T.);
#3647=ORIENTED_EDGE('',*,*,#6266,.F.);
#3648=ORIENTED_EDGE('',*,*,#5864,.F.);
#3649=ORIENTED_EDGE('',*,*,#6267,.F.);
#3650=ORIENTED_EDGE('',*,*,#6030,.T.);
#3651=ORIENTED_EDGE('',*,*,#6273,.T.);
#3652=ORIENTED_EDGE('',*,*,#5988,.T.);
#3653=ORIENTED_EDGE('',*,*,#6268,.F.);
#3654=ORIENTED_EDGE('',*,*,#6002,.T.);
#3655=ORIENTED_EDGE('',*,*,#6274,.T.);
#3656=ORIENTED_EDGE('',*,*,#5960,.T.);
#3657=ORIENTED_EDGE('',*,*,#6269,.F.);
#3658=ORIENTED_EDGE('',*,*,#5974,.T.);
#3659=ORIENTED_EDGE('',*,*,#6275,.T.);
#3660=ORIENTED_EDGE('',*,*,#5932,.T.);
#3661=ORIENTED_EDGE('',*,*,#6270,.F.);
#3662=ORIENTED_EDGE('',*,*,#5946,.T.);
#3663=ORIENTED_EDGE('',*,*,#6276,.T.);
#3664=ORIENTED_EDGE('',*,*,#5904,.T.);
#3665=ORIENTED_EDGE('',*,*,#6271,.F.);
#3666=ORIENTED_EDGE('',*,*,#5918,.T.);
#3667=ORIENTED_EDGE('',*,*,#6277,.T.);
#3668=ORIENTED_EDGE('',*,*,#5876,.T.);
#3669=ORIENTED_EDGE('',*,*,#6278,.T.);
#3670=ORIENTED_EDGE('',*,*,#6017,.T.);
#3671=ORIENTED_EDGE('',*,*,#6272,.F.);
#3672=ORIENTED_EDGE('',*,*,#5863,.F.);
#3673=ORIENTED_EDGE('',*,*,#6273,.F.);
#3674=ORIENTED_EDGE('',*,*,#6029,.T.);
#3675=ORIENTED_EDGE('',*,*,#6279,.T.);
#3676=ORIENTED_EDGE('',*,*,#5989,.T.);
#3677=ORIENTED_EDGE('',*,*,#6274,.F.);
#3678=ORIENTED_EDGE('',*,*,#6001,.T.);
#3679=ORIENTED_EDGE('',*,*,#6280,.T.);
#3680=ORIENTED_EDGE('',*,*,#5961,.T.);
#3681=ORIENTED_EDGE('',*,*,#6275,.F.);
#3682=ORIENTED_EDGE('',*,*,#5973,.T.);
#3683=ORIENTED_EDGE('',*,*,#6281,.T.);
#3684=ORIENTED_EDGE('',*,*,#5933,.T.);
#3685=ORIENTED_EDGE('',*,*,#6276,.F.);
#3686=ORIENTED_EDGE('',*,*,#5945,.T.);
#3687=ORIENTED_EDGE('',*,*,#6282,.T.);
#3688=ORIENTED_EDGE('',*,*,#5905,.T.);
#3689=ORIENTED_EDGE('',*,*,#6277,.F.);
#3690=ORIENTED_EDGE('',*,*,#5917,.T.);
#3691=ORIENTED_EDGE('',*,*,#6283,.T.);
#3692=ORIENTED_EDGE('',*,*,#5877,.T.);
#3693=ORIENTED_EDGE('',*,*,#6018,.F.);
#3694=ORIENTED_EDGE('',*,*,#6278,.F.);
#3695=ORIENTED_EDGE('',*,*,#5862,.T.);
#3696=ORIENTED_EDGE('',*,*,#6284,.T.);
#3697=ORIENTED_EDGE('',*,*,#6028,.F.);
#3698=ORIENTED_EDGE('',*,*,#6285,.T.);
#3699=ORIENTED_EDGE('',*,*,#5990,.F.);
#3700=ORIENTED_EDGE('',*,*,#6279,.F.);
#3701=ORIENTED_EDGE('',*,*,#6000,.F.);
#3702=ORIENTED_EDGE('',*,*,#6286,.T.);
#3703=ORIENTED_EDGE('',*,*,#5962,.F.);
#3704=ORIENTED_EDGE('',*,*,#6280,.F.);
#3705=ORIENTED_EDGE('',*,*,#5972,.F.);
#3706=ORIENTED_EDGE('',*,*,#6287,.T.);
#3707=ORIENTED_EDGE('',*,*,#5934,.F.);
#3708=ORIENTED_EDGE('',*,*,#6281,.F.);
#3709=ORIENTED_EDGE('',*,*,#5944,.F.);
#3710=ORIENTED_EDGE('',*,*,#6288,.T.);
#3711=ORIENTED_EDGE('',*,*,#5906,.F.);
#3712=ORIENTED_EDGE('',*,*,#6282,.F.);
#3713=ORIENTED_EDGE('',*,*,#5916,.F.);
#3714=ORIENTED_EDGE('',*,*,#6289,.T.);
#3715=ORIENTED_EDGE('',*,*,#5878,.F.);
#3716=ORIENTED_EDGE('',*,*,#6283,.F.);
#3717=ORIENTED_EDGE('',*,*,#6290,.T.);
#3718=ORIENTED_EDGE('',*,*,#6019,.T.);
#3719=ORIENTED_EDGE('',*,*,#6284,.F.);
#3720=ORIENTED_EDGE('',*,*,#5861,.F.);
#3721=ORIENTED_EDGE('',*,*,#6285,.F.);
#3722=ORIENTED_EDGE('',*,*,#6027,.T.);
#3723=ORIENTED_EDGE('',*,*,#6291,.T.);
#3724=ORIENTED_EDGE('',*,*,#5991,.T.);
#3725=ORIENTED_EDGE('',*,*,#6286,.F.);
#3726=ORIENTED_EDGE('',*,*,#5999,.T.);
#3727=ORIENTED_EDGE('',*,*,#6292,.T.);
#3728=ORIENTED_EDGE('',*,*,#5963,.T.);
#3729=ORIENTED_EDGE('',*,*,#6287,.F.);
#3730=ORIENTED_EDGE('',*,*,#5971,.T.);
#3731=ORIENTED_EDGE('',*,*,#6293,.T.);
#3732=ORIENTED_EDGE('',*,*,#5935,.T.);
#3733=ORIENTED_EDGE('',*,*,#6288,.F.);
#3734=ORIENTED_EDGE('',*,*,#5943,.T.);
#3735=ORIENTED_EDGE('',*,*,#6294,.T.);
#3736=ORIENTED_EDGE('',*,*,#5907,.T.);
#3737=ORIENTED_EDGE('',*,*,#6289,.F.);
#3738=ORIENTED_EDGE('',*,*,#5915,.T.);
#3739=ORIENTED_EDGE('',*,*,#6295,.T.);
#3740=ORIENTED_EDGE('',*,*,#5879,.T.);
#3741=ORIENTED_EDGE('',*,*,#6020,.F.);
#3742=ORIENTED_EDGE('',*,*,#6290,.F.);
#3743=ORIENTED_EDGE('',*,*,#5860,.T.);
#3744=ORIENTED_EDGE('',*,*,#6296,.T.);
#3745=ORIENTED_EDGE('',*,*,#6026,.F.);
#3746=ORIENTED_EDGE('',*,*,#6297,.T.);
#3747=ORIENTED_EDGE('',*,*,#5992,.F.);
#3748=ORIENTED_EDGE('',*,*,#6291,.F.);
#3749=ORIENTED_EDGE('',*,*,#5998,.F.);
#3750=ORIENTED_EDGE('',*,*,#6298,.T.);
#3751=ORIENTED_EDGE('',*,*,#5964,.F.);
#3752=ORIENTED_EDGE('',*,*,#6292,.F.);
#3753=ORIENTED_EDGE('',*,*,#5970,.F.);
#3754=ORIENTED_EDGE('',*,*,#6299,.T.);
#3755=ORIENTED_EDGE('',*,*,#5936,.F.);
#3756=ORIENTED_EDGE('',*,*,#6293,.F.);
#3757=ORIENTED_EDGE('',*,*,#5942,.F.);
#3758=ORIENTED_EDGE('',*,*,#6300,.T.);
#3759=ORIENTED_EDGE('',*,*,#5908,.F.);
#3760=ORIENTED_EDGE('',*,*,#6294,.F.);
#3761=ORIENTED_EDGE('',*,*,#5914,.F.);
#3762=ORIENTED_EDGE('',*,*,#6301,.T.);
#3763=ORIENTED_EDGE('',*,*,#5880,.F.);
#3764=ORIENTED_EDGE('',*,*,#6295,.F.);
#3765=ORIENTED_EDGE('',*,*,#6221,.F.);
#3766=ORIENTED_EDGE('',*,*,#6302,.T.);
#3767=ORIENTED_EDGE('',*,*,#5825,.F.);
#3768=ORIENTED_EDGE('',*,*,#6303,.F.);
#3769=ORIENTED_EDGE('',*,*,#6229,.F.);
#3770=ORIENTED_EDGE('',*,*,#6304,.F.);
#3771=ORIENTED_EDGE('',*,*,#6206,.F.);
#3772=ORIENTED_EDGE('',*,*,#6305,.T.);
#3773=ORIENTED_EDGE('',*,*,#6177,.F.);
#3774=ORIENTED_EDGE('',*,*,#6306,.F.);
#3775=ORIENTED_EDGE('',*,*,#6172,.F.);
#3776=ORIENTED_EDGE('',*,*,#6307,.T.);
#3777=ORIENTED_EDGE('',*,*,#6143,.F.);
#3778=ORIENTED_EDGE('',*,*,#6308,.F.);
#3779=ORIENTED_EDGE('',*,*,#6138,.F.);
#3780=ORIENTED_EDGE('',*,*,#6309,.T.);
#3781=ORIENTED_EDGE('',*,*,#6109,.F.);
#3782=ORIENTED_EDGE('',*,*,#6310,.F.);
#3783=ORIENTED_EDGE('',*,*,#6104,.F.);
#3784=ORIENTED_EDGE('',*,*,#6311,.T.);
#3785=ORIENTED_EDGE('',*,*,#6075,.F.);
#3786=ORIENTED_EDGE('',*,*,#6312,.F.);
#3787=ORIENTED_EDGE('',*,*,#6070,.F.);
#3788=ORIENTED_EDGE('',*,*,#6313,.T.);
#3789=ORIENTED_EDGE('',*,*,#6302,.F.);
#3790=ORIENTED_EDGE('',*,*,#6220,.T.);
#3791=ORIENTED_EDGE('',*,*,#6314,.T.);
#3792=ORIENTED_EDGE('',*,*,#5826,.T.);
#3793=ORIENTED_EDGE('',*,*,#6315,.T.);
#3794=ORIENTED_EDGE('',*,*,#6230,.T.);
#3795=ORIENTED_EDGE('',*,*,#6305,.F.);
#3796=ORIENTED_EDGE('',*,*,#6205,.T.);
#3797=ORIENTED_EDGE('',*,*,#6316,.T.);
#3798=ORIENTED_EDGE('',*,*,#6178,.T.);
#3799=ORIENTED_EDGE('',*,*,#6307,.F.);
#3800=ORIENTED_EDGE('',*,*,#6171,.T.);
#3801=ORIENTED_EDGE('',*,*,#6317,.T.);
#3802=ORIENTED_EDGE('',*,*,#6144,.T.);
#3803=ORIENTED_EDGE('',*,*,#6309,.F.);
#3804=ORIENTED_EDGE('',*,*,#6137,.T.);
#3805=ORIENTED_EDGE('',*,*,#6318,.T.);
#3806=ORIENTED_EDGE('',*,*,#6110,.T.);
#3807=ORIENTED_EDGE('',*,*,#6311,.F.);
#3808=ORIENTED_EDGE('',*,*,#6103,.T.);
#3809=ORIENTED_EDGE('',*,*,#6319,.T.);
#3810=ORIENTED_EDGE('',*,*,#6076,.T.);
#3811=ORIENTED_EDGE('',*,*,#6313,.F.);
#3812=ORIENTED_EDGE('',*,*,#6069,.T.);
#3813=ORIENTED_EDGE('',*,*,#6219,.F.);
#3814=ORIENTED_EDGE('',*,*,#6320,.T.);
#3815=ORIENTED_EDGE('',*,*,#5827,.F.);
#3816=ORIENTED_EDGE('',*,*,#6314,.F.);
#3817=ORIENTED_EDGE('',*,*,#6231,.F.);
#3818=ORIENTED_EDGE('',*,*,#6315,.F.);
#3819=ORIENTED_EDGE('',*,*,#6204,.F.);
#3820=ORIENTED_EDGE('',*,*,#6321,.T.);
#3821=ORIENTED_EDGE('',*,*,#6179,.F.);
#3822=ORIENTED_EDGE('',*,*,#6316,.F.);
#3823=ORIENTED_EDGE('',*,*,#6170,.F.);
#3824=ORIENTED_EDGE('',*,*,#6322,.T.);
#3825=ORIENTED_EDGE('',*,*,#6145,.F.);
#3826=ORIENTED_EDGE('',*,*,#6317,.F.);
#3827=ORIENTED_EDGE('',*,*,#6136,.F.);
#3828=ORIENTED_EDGE('',*,*,#6323,.T.);
#3829=ORIENTED_EDGE('',*,*,#6111,.F.);
#3830=ORIENTED_EDGE('',*,*,#6318,.F.);
#3831=ORIENTED_EDGE('',*,*,#6102,.F.);
#3832=ORIENTED_EDGE('',*,*,#6324,.T.);
#3833=ORIENTED_EDGE('',*,*,#6077,.F.);
#3834=ORIENTED_EDGE('',*,*,#6319,.F.);
#3835=ORIENTED_EDGE('',*,*,#6068,.F.);
#3836=ORIENTED_EDGE('',*,*,#6325,.T.);
#3837=ORIENTED_EDGE('',*,*,#6320,.F.);
#3838=ORIENTED_EDGE('',*,*,#6218,.T.);
#3839=ORIENTED_EDGE('',*,*,#6326,.T.);
#3840=ORIENTED_EDGE('',*,*,#5828,.T.);
#3841=ORIENTED_EDGE('',*,*,#6327,.T.);
#3842=ORIENTED_EDGE('',*,*,#6232,.T.);
#3843=ORIENTED_EDGE('',*,*,#6321,.F.);
#3844=ORIENTED_EDGE('',*,*,#6203,.T.);
#3845=ORIENTED_EDGE('',*,*,#6328,.T.);
#3846=ORIENTED_EDGE('',*,*,#6180,.T.);
#3847=ORIENTED_EDGE('',*,*,#6322,.F.);
#3848=ORIENTED_EDGE('',*,*,#6169,.T.);
#3849=ORIENTED_EDGE('',*,*,#6329,.T.);
#3850=ORIENTED_EDGE('',*,*,#6146,.T.);
#3851=ORIENTED_EDGE('',*,*,#6323,.F.);
#3852=ORIENTED_EDGE('',*,*,#6135,.T.);
#3853=ORIENTED_EDGE('',*,*,#6330,.T.);
#3854=ORIENTED_EDGE('',*,*,#6112,.T.);
#3855=ORIENTED_EDGE('',*,*,#6324,.F.);
#3856=ORIENTED_EDGE('',*,*,#6101,.T.);
#3857=ORIENTED_EDGE('',*,*,#6331,.T.);
#3858=ORIENTED_EDGE('',*,*,#6078,.T.);
#3859=ORIENTED_EDGE('',*,*,#6325,.F.);
#3860=ORIENTED_EDGE('',*,*,#6067,.T.);
#3861=ORIENTED_EDGE('',*,*,#6326,.F.);
#3862=ORIENTED_EDGE('',*,*,#6217,.T.);
#3863=ORIENTED_EDGE('',*,*,#6332,.T.);
#3864=ORIENTED_EDGE('',*,*,#5829,.T.);
#3865=ORIENTED_EDGE('',*,*,#6333,.T.);
#3866=ORIENTED_EDGE('',*,*,#6233,.T.);
#3867=ORIENTED_EDGE('',*,*,#6327,.F.);
#3868=ORIENTED_EDGE('',*,*,#6202,.T.);
#3869=ORIENTED_EDGE('',*,*,#6334,.T.);
#3870=ORIENTED_EDGE('',*,*,#6181,.T.);
#3871=ORIENTED_EDGE('',*,*,#6328,.F.);
#3872=ORIENTED_EDGE('',*,*,#6168,.T.);
#3873=ORIENTED_EDGE('',*,*,#6335,.T.);
#3874=ORIENTED_EDGE('',*,*,#6147,.T.);
#3875=ORIENTED_EDGE('',*,*,#6329,.F.);
#3876=ORIENTED_EDGE('',*,*,#6134,.T.);
#3877=ORIENTED_EDGE('',*,*,#6336,.T.);
#3878=ORIENTED_EDGE('',*,*,#6113,.T.);
#3879=ORIENTED_EDGE('',*,*,#6330,.F.);
#3880=ORIENTED_EDGE('',*,*,#6100,.T.);
#3881=ORIENTED_EDGE('',*,*,#6337,.T.);
#3882=ORIENTED_EDGE('',*,*,#6079,.T.);
#3883=ORIENTED_EDGE('',*,*,#6331,.F.);
#3884=ORIENTED_EDGE('',*,*,#6066,.T.);
#3885=ORIENTED_EDGE('',*,*,#6332,.F.);
#3886=ORIENTED_EDGE('',*,*,#6216,.T.);
#3887=ORIENTED_EDGE('',*,*,#6338,.T.);
#3888=ORIENTED_EDGE('',*,*,#5830,.T.);
#3889=ORIENTED_EDGE('',*,*,#6339,.T.);
#3890=ORIENTED_EDGE('',*,*,#6234,.T.);
#3891=ORIENTED_EDGE('',*,*,#6333,.F.);
#3892=ORIENTED_EDGE('',*,*,#6201,.T.);
#3893=ORIENTED_EDGE('',*,*,#6340,.T.);
#3894=ORIENTED_EDGE('',*,*,#6182,.T.);
#3895=ORIENTED_EDGE('',*,*,#6334,.F.);
#3896=ORIENTED_EDGE('',*,*,#6167,.T.);
#3897=ORIENTED_EDGE('',*,*,#6341,.T.);
#3898=ORIENTED_EDGE('',*,*,#6148,.T.);
#3899=ORIENTED_EDGE('',*,*,#6335,.F.);
#3900=ORIENTED_EDGE('',*,*,#6133,.T.);
#3901=ORIENTED_EDGE('',*,*,#6342,.T.);
#3902=ORIENTED_EDGE('',*,*,#6114,.T.);
#3903=ORIENTED_EDGE('',*,*,#6336,.F.);
#3904=ORIENTED_EDGE('',*,*,#6099,.T.);
#3905=ORIENTED_EDGE('',*,*,#6343,.T.);
#3906=ORIENTED_EDGE('',*,*,#6080,.T.);
#3907=ORIENTED_EDGE('',*,*,#6337,.F.);
#3908=ORIENTED_EDGE('',*,*,#6065,.T.);
#3909=ORIENTED_EDGE('',*,*,#6338,.F.);
#3910=ORIENTED_EDGE('',*,*,#6215,.T.);
#3911=ORIENTED_EDGE('',*,*,#6344,.T.);
#3912=ORIENTED_EDGE('',*,*,#5831,.T.);
#3913=ORIENTED_EDGE('',*,*,#6345,.T.);
#3914=ORIENTED_EDGE('',*,*,#6235,.T.);
#3915=ORIENTED_EDGE('',*,*,#6339,.F.);
#3916=ORIENTED_EDGE('',*,*,#6200,.T.);
#3917=ORIENTED_EDGE('',*,*,#6346,.T.);
#3918=ORIENTED_EDGE('',*,*,#6183,.T.);
#3919=ORIENTED_EDGE('',*,*,#6340,.F.);
#3920=ORIENTED_EDGE('',*,*,#6166,.T.);
#3921=ORIENTED_EDGE('',*,*,#6347,.T.);
#3922=ORIENTED_EDGE('',*,*,#6149,.T.);
#3923=ORIENTED_EDGE('',*,*,#6341,.F.);
#3924=ORIENTED_EDGE('',*,*,#6132,.T.);
#3925=ORIENTED_EDGE('',*,*,#6348,.T.);
#3926=ORIENTED_EDGE('',*,*,#6115,.T.);
#3927=ORIENTED_EDGE('',*,*,#6342,.F.);
#3928=ORIENTED_EDGE('',*,*,#6098,.T.);
#3929=ORIENTED_EDGE('',*,*,#6349,.T.);
#3930=ORIENTED_EDGE('',*,*,#6081,.T.);
#3931=ORIENTED_EDGE('',*,*,#6343,.F.);
#3932=ORIENTED_EDGE('',*,*,#6064,.T.);
#3933=ORIENTED_EDGE('',*,*,#6344,.F.);
#3934=ORIENTED_EDGE('',*,*,#6214,.T.);
#3935=ORIENTED_EDGE('',*,*,#6350,.T.);
#3936=ORIENTED_EDGE('',*,*,#5832,.T.);
#3937=ORIENTED_EDGE('',*,*,#6351,.T.);
#3938=ORIENTED_EDGE('',*,*,#6236,.T.);
#3939=ORIENTED_EDGE('',*,*,#6345,.F.);
#3940=ORIENTED_EDGE('',*,*,#6199,.T.);
#3941=ORIENTED_EDGE('',*,*,#6352,.T.);
#3942=ORIENTED_EDGE('',*,*,#6184,.T.);
#3943=ORIENTED_EDGE('',*,*,#6346,.F.);
#3944=ORIENTED_EDGE('',*,*,#6165,.T.);
#3945=ORIENTED_EDGE('',*,*,#6353,.T.);
#3946=ORIENTED_EDGE('',*,*,#6150,.T.);
#3947=ORIENTED_EDGE('',*,*,#6347,.F.);
#3948=ORIENTED_EDGE('',*,*,#6131,.T.);
#3949=ORIENTED_EDGE('',*,*,#6354,.T.);
#3950=ORIENTED_EDGE('',*,*,#6116,.T.);
#3951=ORIENTED_EDGE('',*,*,#6348,.F.);
#3952=ORIENTED_EDGE('',*,*,#6097,.T.);
#3953=ORIENTED_EDGE('',*,*,#6355,.T.);
#3954=ORIENTED_EDGE('',*,*,#6082,.T.);
#3955=ORIENTED_EDGE('',*,*,#6349,.F.);
#3956=ORIENTED_EDGE('',*,*,#6063,.T.);
#3957=ORIENTED_EDGE('',*,*,#6350,.F.);
#3958=ORIENTED_EDGE('',*,*,#6213,.T.);
#3959=ORIENTED_EDGE('',*,*,#6356,.T.);
#3960=ORIENTED_EDGE('',*,*,#5833,.T.);
#3961=ORIENTED_EDGE('',*,*,#6357,.T.);
#3962=ORIENTED_EDGE('',*,*,#6237,.T.);
#3963=ORIENTED_EDGE('',*,*,#6351,.F.);
#3964=ORIENTED_EDGE('',*,*,#6198,.T.);
#3965=ORIENTED_EDGE('',*,*,#6358,.T.);
#3966=ORIENTED_EDGE('',*,*,#6185,.T.);
#3967=ORIENTED_EDGE('',*,*,#6352,.F.);
#3968=ORIENTED_EDGE('',*,*,#6164,.T.);
#3969=ORIENTED_EDGE('',*,*,#6359,.T.);
#3970=ORIENTED_EDGE('',*,*,#6151,.T.);
#3971=ORIENTED_EDGE('',*,*,#6353,.F.);
#3972=ORIENTED_EDGE('',*,*,#6130,.T.);
#3973=ORIENTED_EDGE('',*,*,#6360,.T.);
#3974=ORIENTED_EDGE('',*,*,#6117,.T.);
#3975=ORIENTED_EDGE('',*,*,#6354,.F.);
#3976=ORIENTED_EDGE('',*,*,#6096,.T.);
#3977=ORIENTED_EDGE('',*,*,#6361,.T.);
#3978=ORIENTED_EDGE('',*,*,#6083,.T.);
#3979=ORIENTED_EDGE('',*,*,#6355,.F.);
#3980=ORIENTED_EDGE('',*,*,#6062,.T.);
#3981=ORIENTED_EDGE('',*,*,#6356,.F.);
#3982=ORIENTED_EDGE('',*,*,#6212,.T.);
#3983=ORIENTED_EDGE('',*,*,#6362,.T.);
#3984=ORIENTED_EDGE('',*,*,#5834,.T.);
#3985=ORIENTED_EDGE('',*,*,#6363,.T.);
#3986=ORIENTED_EDGE('',*,*,#6238,.T.);
#3987=ORIENTED_EDGE('',*,*,#6357,.F.);
#3988=ORIENTED_EDGE('',*,*,#6197,.T.);
#3989=ORIENTED_EDGE('',*,*,#6364,.T.);
#3990=ORIENTED_EDGE('',*,*,#6186,.T.);
#3991=ORIENTED_EDGE('',*,*,#6358,.F.);
#3992=ORIENTED_EDGE('',*,*,#6163,.T.);
#3993=ORIENTED_EDGE('',*,*,#6365,.T.);
#3994=ORIENTED_EDGE('',*,*,#6152,.T.);
#3995=ORIENTED_EDGE('',*,*,#6359,.F.);
#3996=ORIENTED_EDGE('',*,*,#6129,.T.);
#3997=ORIENTED_EDGE('',*,*,#6366,.T.);
#3998=ORIENTED_EDGE('',*,*,#6118,.T.);
#3999=ORIENTED_EDGE('',*,*,#6360,.F.);
#4000=ORIENTED_EDGE('',*,*,#6095,.T.);
#4001=ORIENTED_EDGE('',*,*,#6367,.T.);
#4002=ORIENTED_EDGE('',*,*,#6084,.T.);
#4003=ORIENTED_EDGE('',*,*,#6361,.F.);
#4004=ORIENTED_EDGE('',*,*,#6061,.T.);
#4005=ORIENTED_EDGE('',*,*,#6362,.F.);
#4006=ORIENTED_EDGE('',*,*,#6211,.T.);
#4007=ORIENTED_EDGE('',*,*,#6368,.T.);
#4008=ORIENTED_EDGE('',*,*,#5835,.T.);
#4009=ORIENTED_EDGE('',*,*,#6369,.T.);
#4010=ORIENTED_EDGE('',*,*,#6239,.T.);
#4011=ORIENTED_EDGE('',*,*,#6363,.F.);
#4012=ORIENTED_EDGE('',*,*,#6196,.T.);
#4013=ORIENTED_EDGE('',*,*,#6370,.T.);
#4014=ORIENTED_EDGE('',*,*,#6187,.T.);
#4015=ORIENTED_EDGE('',*,*,#6364,.F.);
#4016=ORIENTED_EDGE('',*,*,#6162,.T.);
#4017=ORIENTED_EDGE('',*,*,#6371,.T.);
#4018=ORIENTED_EDGE('',*,*,#6153,.T.);
#4019=ORIENTED_EDGE('',*,*,#6365,.F.);
#4020=ORIENTED_EDGE('',*,*,#6128,.T.);
#4021=ORIENTED_EDGE('',*,*,#6372,.T.);
#4022=ORIENTED_EDGE('',*,*,#6119,.T.);
#4023=ORIENTED_EDGE('',*,*,#6366,.F.);
#4024=ORIENTED_EDGE('',*,*,#6094,.T.);
#4025=ORIENTED_EDGE('',*,*,#6373,.T.);
#4026=ORIENTED_EDGE('',*,*,#6085,.T.);
#4027=ORIENTED_EDGE('',*,*,#6367,.F.);
#4028=ORIENTED_EDGE('',*,*,#6060,.T.);
#4029=ORIENTED_EDGE('',*,*,#6368,.F.);
#4030=ORIENTED_EDGE('',*,*,#6210,.T.);
#4031=ORIENTED_EDGE('',*,*,#6374,.T.);
#4032=ORIENTED_EDGE('',*,*,#5836,.T.);
#4033=ORIENTED_EDGE('',*,*,#6375,.T.);
#4034=ORIENTED_EDGE('',*,*,#6240,.T.);
#4035=ORIENTED_EDGE('',*,*,#6369,.F.);
#4036=ORIENTED_EDGE('',*,*,#6195,.T.);
#4037=ORIENTED_EDGE('',*,*,#6376,.T.);
#4038=ORIENTED_EDGE('',*,*,#6188,.T.);
#4039=ORIENTED_EDGE('',*,*,#6370,.F.);
#4040=ORIENTED_EDGE('',*,*,#6161,.T.);
#4041=ORIENTED_EDGE('',*,*,#6377,.T.);
#4042=ORIENTED_EDGE('',*,*,#6154,.T.);
#4043=ORIENTED_EDGE('',*,*,#6371,.F.);
#4044=ORIENTED_EDGE('',*,*,#6127,.T.);
#4045=ORIENTED_EDGE('',*,*,#6378,.T.);
#4046=ORIENTED_EDGE('',*,*,#6120,.T.);
#4047=ORIENTED_EDGE('',*,*,#6372,.F.);
#4048=ORIENTED_EDGE('',*,*,#6093,.T.);
#4049=ORIENTED_EDGE('',*,*,#6379,.T.);
#4050=ORIENTED_EDGE('',*,*,#6086,.T.);
#4051=ORIENTED_EDGE('',*,*,#6373,.F.);
#4052=ORIENTED_EDGE('',*,*,#6059,.T.);
#4053=ORIENTED_EDGE('',*,*,#6374,.F.);
#4054=ORIENTED_EDGE('',*,*,#6209,.T.);
#4055=ORIENTED_EDGE('',*,*,#5790,.T.);
#4056=ORIENTED_EDGE('',*,*,#5837,.T.);
#4057=ORIENTED_EDGE('',*,*,#5794,.T.);
#4058=ORIENTED_EDGE('',*,*,#6241,.T.);
#4059=ORIENTED_EDGE('',*,*,#6375,.F.);
#4060=ORIENTED_EDGE('',*,*,#6194,.T.);
#4061=ORIENTED_EDGE('',*,*,#5798,.T.);
#4062=ORIENTED_EDGE('',*,*,#6189,.T.);
#4063=ORIENTED_EDGE('',*,*,#6376,.F.);
#4064=ORIENTED_EDGE('',*,*,#6160,.T.);
#4065=ORIENTED_EDGE('',*,*,#5802,.T.);
#4066=ORIENTED_EDGE('',*,*,#6155,.T.);
#4067=ORIENTED_EDGE('',*,*,#6377,.F.);
#4068=ORIENTED_EDGE('',*,*,#6126,.T.);
#4069=ORIENTED_EDGE('',*,*,#5806,.T.);
#4070=ORIENTED_EDGE('',*,*,#6121,.T.);
#4071=ORIENTED_EDGE('',*,*,#6378,.F.);
#4072=ORIENTED_EDGE('',*,*,#6092,.T.);
#4073=ORIENTED_EDGE('',*,*,#5810,.T.);
#4074=ORIENTED_EDGE('',*,*,#6087,.T.);
#4075=ORIENTED_EDGE('',*,*,#6379,.F.);
#4076=ORIENTED_EDGE('',*,*,#6058,.T.);
#4077=ORIENTED_EDGE('',*,*,#5840,.F.);
#4078=ORIENTED_EDGE('',*,*,#5895,.T.);
#4079=ORIENTED_EDGE('',*,*,#6380,.T.);
#4080=ORIENTED_EDGE('',*,*,#5814,.T.);
#4081=ORIENTED_EDGE('',*,*,#5894,.F.);
#4082=ORIENTED_EDGE('',*,*,#6381,.T.);
#4083=ORIENTED_EDGE('',*,*,#5815,.F.);
#4084=ORIENTED_EDGE('',*,*,#6380,.F.);
#4085=ORIENTED_EDGE('',*,*,#6381,.F.);
#4086=ORIENTED_EDGE('',*,*,#5893,.T.);
#4087=ORIENTED_EDGE('',*,*,#6382,.T.);
#4088=ORIENTED_EDGE('',*,*,#5816,.T.);
#4089=ORIENTED_EDGE('',*,*,#6382,.F.);
#4090=ORIENTED_EDGE('',*,*,#5892,.T.);
#4091=ORIENTED_EDGE('',*,*,#6383,.T.);
#4092=ORIENTED_EDGE('',*,*,#5817,.T.);
#4093=ORIENTED_EDGE('',*,*,#6383,.F.);
#4094=ORIENTED_EDGE('',*,*,#5891,.T.);
#4095=ORIENTED_EDGE('',*,*,#6384,.T.);
#4096=ORIENTED_EDGE('',*,*,#5818,.T.);
#4097=ORIENTED_EDGE('',*,*,#6384,.F.);
#4098=ORIENTED_EDGE('',*,*,#5890,.T.);
#4099=ORIENTED_EDGE('',*,*,#6385,.T.);
#4100=ORIENTED_EDGE('',*,*,#5819,.T.);
#4101=ORIENTED_EDGE('',*,*,#6385,.F.);
#4102=ORIENTED_EDGE('',*,*,#5889,.T.);
#4103=ORIENTED_EDGE('',*,*,#6386,.T.);
#4104=ORIENTED_EDGE('',*,*,#5820,.T.);
#4105=ORIENTED_EDGE('',*,*,#5888,.F.);
#4106=ORIENTED_EDGE('',*,*,#6387,.T.);
#4107=ORIENTED_EDGE('',*,*,#5821,.F.);
#4108=ORIENTED_EDGE('',*,*,#6386,.F.);
#4109=ORIENTED_EDGE('',*,*,#6387,.F.);
#4110=ORIENTED_EDGE('',*,*,#5887,.T.);
#4111=ORIENTED_EDGE('',*,*,#6388,.T.);
#4112=ORIENTED_EDGE('',*,*,#5822,.T.);
#4113=ORIENTED_EDGE('',*,*,#5886,.F.);
#4114=ORIENTED_EDGE('',*,*,#6389,.T.);
#4115=ORIENTED_EDGE('',*,*,#5823,.F.);
#4116=ORIENTED_EDGE('',*,*,#6388,.F.);
#4117=ORIENTED_EDGE('',*,*,#6225,.T.);
#4118=ORIENTED_EDGE('',*,*,#6222,.T.);
#4119=ORIENTED_EDGE('',*,*,#6303,.T.);
#4120=ORIENTED_EDGE('',*,*,#5824,.T.);
#4121=ORIENTED_EDGE('',*,*,#6389,.F.);
#4122=ORIENTED_EDGE('',*,*,#5885,.T.);
#4123=ORIENTED_EDGE('',*,*,#5897,.T.);
#4124=ORIENTED_EDGE('',*,*,#5881,.T.);
#4125=ORIENTED_EDGE('',*,*,#6301,.F.);
#4126=ORIENTED_EDGE('',*,*,#5913,.T.);
#4127=ORIENTED_EDGE('',*,*,#5925,.T.);
#4128=ORIENTED_EDGE('',*,*,#5909,.T.);
#4129=ORIENTED_EDGE('',*,*,#6300,.F.);
#4130=ORIENTED_EDGE('',*,*,#5941,.T.);
#4131=ORIENTED_EDGE('',*,*,#5953,.T.);
#4132=ORIENTED_EDGE('',*,*,#5937,.T.);
#4133=ORIENTED_EDGE('',*,*,#6299,.F.);
#4134=ORIENTED_EDGE('',*,*,#5969,.T.);
#4135=ORIENTED_EDGE('',*,*,#5981,.T.);
#4136=ORIENTED_EDGE('',*,*,#5965,.T.);
#4137=ORIENTED_EDGE('',*,*,#6298,.F.);
#4138=ORIENTED_EDGE('',*,*,#5997,.T.);
#4139=ORIENTED_EDGE('',*,*,#6009,.T.);
#4140=ORIENTED_EDGE('',*,*,#5993,.T.);
#4141=ORIENTED_EDGE('',*,*,#6297,.F.);
#4142=ORIENTED_EDGE('',*,*,#6025,.T.);
#4143=ORIENTED_EDGE('',*,*,#6037,.T.);
#4144=ORIENTED_EDGE('',*,*,#6021,.T.);
#4145=ORIENTED_EDGE('',*,*,#6296,.F.);
#4146=ORIENTED_EDGE('',*,*,#5859,.F.);
#4147=ORIENTED_EDGE('',*,*,#6390,.T.);
#4148=ORIENTED_EDGE('',*,*,#6040,.T.);
#4149=ORIENTED_EDGE('',*,*,#6056,.T.);
#4150=ORIENTED_EDGE('',*,*,#6071,.T.);
#4151=ORIENTED_EDGE('',*,*,#6312,.T.);
#4152=ORIENTED_EDGE('',*,*,#6074,.T.);
#4153=ORIENTED_EDGE('',*,*,#6090,.T.);
#4154=ORIENTED_EDGE('',*,*,#6105,.T.);
#4155=ORIENTED_EDGE('',*,*,#6310,.T.);
#4156=ORIENTED_EDGE('',*,*,#6108,.T.);
#4157=ORIENTED_EDGE('',*,*,#6124,.T.);
#4158=ORIENTED_EDGE('',*,*,#6139,.T.);
#4159=ORIENTED_EDGE('',*,*,#6308,.T.);
#4160=ORIENTED_EDGE('',*,*,#6142,.T.);
#4161=ORIENTED_EDGE('',*,*,#6158,.T.);
#4162=ORIENTED_EDGE('',*,*,#6173,.T.);
#4163=ORIENTED_EDGE('',*,*,#6306,.T.);
#4164=ORIENTED_EDGE('',*,*,#6176,.T.);
#4165=ORIENTED_EDGE('',*,*,#6192,.T.);
#4166=ORIENTED_EDGE('',*,*,#6207,.T.);
#4167=ORIENTED_EDGE('',*,*,#6304,.T.);
#4168=ORIENTED_EDGE('',*,*,#6228,.T.);
#4169=ORIENTED_EDGE('',*,*,#6041,.F.);
#4170=ORIENTED_EDGE('',*,*,#6390,.F.);
#4171=ORIENTED_EDGE('',*,*,#5858,.T.);
#4172=ORIENTED_EDGE('',*,*,#6391,.T.);
#4173=ORIENTED_EDGE('',*,*,#6392,.T.);
#4174=ORIENTED_EDGE('',*,*,#6042,.T.);
#4175=ORIENTED_EDGE('',*,*,#6391,.F.);
#4176=ORIENTED_EDGE('',*,*,#5857,.F.);
#4177=ORIENTED_EDGE('',*,*,#6043,.F.);
#4178=ORIENTED_EDGE('',*,*,#6392,.F.);
#4179=ORIENTED_EDGE('',*,*,#5856,.T.);
#4180=ORIENTED_EDGE('',*,*,#6393,.T.);
#4181=ORIENTED_EDGE('',*,*,#6394,.T.);
#4182=ORIENTED_EDGE('',*,*,#6044,.T.);
#4183=ORIENTED_EDGE('',*,*,#6393,.F.);
#4184=ORIENTED_EDGE('',*,*,#5855,.F.);
#4185=ORIENTED_EDGE('',*,*,#6395,.T.);
#4186=ORIENTED_EDGE('',*,*,#6045,.T.);
#4187=ORIENTED_EDGE('',*,*,#6394,.F.);
#4188=ORIENTED_EDGE('',*,*,#5854,.F.);
#4189=ORIENTED_EDGE('',*,*,#6396,.T.);
#4190=ORIENTED_EDGE('',*,*,#6046,.T.);
#4191=ORIENTED_EDGE('',*,*,#6395,.F.);
#4192=ORIENTED_EDGE('',*,*,#5853,.F.);
#4193=ORIENTED_EDGE('',*,*,#6397,.T.);
#4194=ORIENTED_EDGE('',*,*,#6047,.T.);
#4195=ORIENTED_EDGE('',*,*,#6396,.F.);
#4196=ORIENTED_EDGE('',*,*,#5852,.F.);
#4197=ORIENTED_EDGE('',*,*,#6398,.T.);
#4198=ORIENTED_EDGE('',*,*,#6048,.T.);
#4199=ORIENTED_EDGE('',*,*,#6397,.F.);
#4200=ORIENTED_EDGE('',*,*,#5851,.F.);
#4201=ORIENTED_EDGE('',*,*,#6399,.T.);
#4202=ORIENTED_EDGE('',*,*,#6049,.T.);
#4203=ORIENTED_EDGE('',*,*,#6398,.F.);
#4204=ORIENTED_EDGE('',*,*,#5850,.F.);
#4205=ORIENTED_EDGE('',*,*,#6400,.T.);
#4206=ORIENTED_EDGE('',*,*,#6050,.T.);
#4207=ORIENTED_EDGE('',*,*,#6399,.F.);
#4208=ORIENTED_EDGE('',*,*,#5849,.F.);
#4209=ORIENTED_EDGE('',*,*,#6401,.T.);
#4210=ORIENTED_EDGE('',*,*,#6051,.T.);
#4211=ORIENTED_EDGE('',*,*,#6400,.F.);
#4212=ORIENTED_EDGE('',*,*,#5848,.F.);
#4213=ORIENTED_EDGE('',*,*,#6402,.T.);
#4214=ORIENTED_EDGE('',*,*,#6052,.T.);
#4215=ORIENTED_EDGE('',*,*,#6401,.F.);
#4216=ORIENTED_EDGE('',*,*,#5847,.F.);
#4217=ORIENTED_EDGE('',*,*,#5843,.T.);
#4218=ORIENTED_EDGE('',*,*,#6053,.T.);
#4219=ORIENTED_EDGE('',*,*,#6402,.F.);
#4220=ORIENTED_EDGE('',*,*,#5846,.F.);
#4221=ORIENTED_EDGE('',*,*,#5772,.T.);
#4222=ORIENTED_EDGE('',*,*,#5954,.T.);
#4223=ORIENTED_EDGE('',*,*,#5980,.T.);
#4224=ORIENTED_EDGE('',*,*,#5967,.T.);
#4225=ORIENTED_EDGE('',*,*,#5776,.T.);
#4226=ORIENTED_EDGE('',*,*,#5926,.T.);
#4227=ORIENTED_EDGE('',*,*,#5952,.T.);
#4228=ORIENTED_EDGE('',*,*,#5939,.T.);
#4229=ORIENTED_EDGE('',*,*,#5780,.T.);
#4230=ORIENTED_EDGE('',*,*,#5898,.T.);
#4231=ORIENTED_EDGE('',*,*,#5924,.T.);
#4232=ORIENTED_EDGE('',*,*,#5911,.T.);
#4233=ORIENTED_EDGE('',*,*,#5784,.T.);
#4234=ORIENTED_EDGE('',*,*,#5870,.T.);
#4235=ORIENTED_EDGE('',*,*,#5896,.T.);
#4236=ORIENTED_EDGE('',*,*,#5883,.T.);
#4237=ORIENTED_EDGE('',*,*,#5838,.T.);
#4238=ORIENTED_EDGE('',*,*,#5812,.T.);
#4239=ORIENTED_EDGE('',*,*,#5788,.T.);
#4240=ORIENTED_EDGE('',*,*,#6208,.T.);
#4241=ORIENTED_EDGE('',*,*,#6224,.T.);
#4242=ORIENTED_EDGE('',*,*,#6227,.T.);
#4243=ORIENTED_EDGE('',*,*,#5792,.T.);
#4244=ORIENTED_EDGE('',*,*,#6193,.T.);
#4245=ORIENTED_EDGE('',*,*,#6190,.T.);
#4246=ORIENTED_EDGE('',*,*,#6174,.T.);
#4247=ORIENTED_EDGE('',*,*,#5796,.T.);
#4248=ORIENTED_EDGE('',*,*,#6159,.T.);
#4249=ORIENTED_EDGE('',*,*,#6156,.T.);
#4250=ORIENTED_EDGE('',*,*,#6140,.T.);
#4251=ORIENTED_EDGE('',*,*,#5800,.T.);
#4252=ORIENTED_EDGE('',*,*,#6125,.T.);
#4253=ORIENTED_EDGE('',*,*,#6122,.T.);
#4254=ORIENTED_EDGE('',*,*,#6106,.T.);
#4255=ORIENTED_EDGE('',*,*,#5804,.T.);
#4256=ORIENTED_EDGE('',*,*,#6091,.T.);
#4257=ORIENTED_EDGE('',*,*,#6088,.T.);
#4258=ORIENTED_EDGE('',*,*,#6072,.T.);
#4259=ORIENTED_EDGE('',*,*,#5808,.T.);
#4260=ORIENTED_EDGE('',*,*,#6057,.T.);
#4261=ORIENTED_EDGE('',*,*,#6054,.T.);
#4262=ORIENTED_EDGE('',*,*,#6038,.T.);
#4263=ORIENTED_EDGE('',*,*,#5841,.T.);
#4264=ORIENTED_EDGE('',*,*,#5845,.F.);
#4265=ORIENTED_EDGE('',*,*,#5764,.T.);
#4266=ORIENTED_EDGE('',*,*,#6010,.T.);
#4267=ORIENTED_EDGE('',*,*,#6036,.T.);
#4268=ORIENTED_EDGE('',*,*,#6023,.T.);
#4269=ORIENTED_EDGE('',*,*,#5768,.T.);
#4270=ORIENTED_EDGE('',*,*,#5982,.T.);
#4271=ORIENTED_EDGE('',*,*,#6008,.T.);
#4272=ORIENTED_EDGE('',*,*,#5995,.T.);
#4273=ORIENTED_EDGE('',*,*,#6403,.T.);
#4274=ORIENTED_EDGE('',*,*,#6404,.F.);
#4275=ORIENTED_EDGE('',*,*,#6405,.F.);
#4276=ORIENTED_EDGE('',*,*,#6406,.T.);
#4277=ORIENTED_EDGE('',*,*,#6407,.T.);
#4278=ORIENTED_EDGE('',*,*,#6408,.F.);
#4279=ORIENTED_EDGE('',*,*,#6409,.F.);
#4280=ORIENTED_EDGE('',*,*,#6404,.T.);
#4281=ORIENTED_EDGE('',*,*,#6410,.T.);
#4282=ORIENTED_EDGE('',*,*,#6411,.F.);
#4283=ORIENTED_EDGE('',*,*,#6412,.F.);
#4284=ORIENTED_EDGE('',*,*,#6408,.T.);
#4285=ORIENTED_EDGE('',*,*,#6413,.T.);
#4286=ORIENTED_EDGE('',*,*,#6414,.F.);
#4287=ORIENTED_EDGE('',*,*,#6415,.F.);
#4288=ORIENTED_EDGE('',*,*,#6411,.T.);
#4289=ORIENTED_EDGE('',*,*,#6416,.F.);
#4290=ORIENTED_EDGE('',*,*,#6417,.F.);
#4291=ORIENTED_EDGE('',*,*,#6418,.T.);
#4292=ORIENTED_EDGE('',*,*,#6414,.T.);
#4293=ORIENTED_EDGE('',*,*,#6419,.T.);
#4294=ORIENTED_EDGE('',*,*,#6420,.F.);
#4295=ORIENTED_EDGE('',*,*,#6421,.F.);
#4296=ORIENTED_EDGE('',*,*,#6417,.T.);
#4297=ORIENTED_EDGE('',*,*,#6422,.F.);
#4298=ORIENTED_EDGE('',*,*,#6423,.F.);
#4299=ORIENTED_EDGE('',*,*,#6424,.T.);
#4300=ORIENTED_EDGE('',*,*,#6420,.T.);
#4301=ORIENTED_EDGE('',*,*,#6425,.T.);
#4302=ORIENTED_EDGE('',*,*,#6426,.F.);
#4303=ORIENTED_EDGE('',*,*,#6427,.F.);
#4304=ORIENTED_EDGE('',*,*,#6423,.T.);
#4305=ORIENTED_EDGE('',*,*,#6428,.T.);
#4306=ORIENTED_EDGE('',*,*,#6429,.F.);
#4307=ORIENTED_EDGE('',*,*,#6430,.F.);
#4308=ORIENTED_EDGE('',*,*,#6426,.T.);
#4309=ORIENTED_EDGE('',*,*,#6431,.T.);
#4310=ORIENTED_EDGE('',*,*,#6432,.F.);
#4311=ORIENTED_EDGE('',*,*,#6433,.F.);
#4312=ORIENTED_EDGE('',*,*,#6429,.T.);
#4313=ORIENTED_EDGE('',*,*,#6434,.T.);
#4314=ORIENTED_EDGE('',*,*,#6435,.F.);
#4315=ORIENTED_EDGE('',*,*,#6436,.F.);
#4316=ORIENTED_EDGE('',*,*,#6432,.T.);
#4317=ORIENTED_EDGE('',*,*,#6437,.T.);
#4318=ORIENTED_EDGE('',*,*,#6438,.F.);
#4319=ORIENTED_EDGE('',*,*,#6439,.F.);
#4320=ORIENTED_EDGE('',*,*,#6435,.T.);
#4321=ORIENTED_EDGE('',*,*,#6440,.F.);
#4322=ORIENTED_EDGE('',*,*,#6441,.F.);
#4323=ORIENTED_EDGE('',*,*,#6442,.T.);
#4324=ORIENTED_EDGE('',*,*,#6438,.T.);
#4325=ORIENTED_EDGE('',*,*,#6443,.T.);
#4326=ORIENTED_EDGE('',*,*,#6444,.F.);
#4327=ORIENTED_EDGE('',*,*,#6445,.F.);
#4328=ORIENTED_EDGE('',*,*,#6441,.T.);
#4329=ORIENTED_EDGE('',*,*,#6446,.F.);
#4330=ORIENTED_EDGE('',*,*,#6447,.F.);
#4331=ORIENTED_EDGE('',*,*,#6448,.T.);
#4332=ORIENTED_EDGE('',*,*,#6444,.T.);
#4333=ORIENTED_EDGE('',*,*,#6449,.T.);
#4334=ORIENTED_EDGE('',*,*,#6450,.F.);
#4335=ORIENTED_EDGE('',*,*,#6451,.F.);
#4336=ORIENTED_EDGE('',*,*,#6447,.T.);
#4337=ORIENTED_EDGE('',*,*,#6452,.F.);
#4338=ORIENTED_EDGE('',*,*,#6453,.F.);
#4339=ORIENTED_EDGE('',*,*,#6454,.T.);
#4340=ORIENTED_EDGE('',*,*,#6450,.T.);
#4341=ORIENTED_EDGE('',*,*,#6455,.T.);
#4342=ORIENTED_EDGE('',*,*,#6456,.F.);
#4343=ORIENTED_EDGE('',*,*,#6457,.F.);
#4344=ORIENTED_EDGE('',*,*,#6453,.T.);
#4345=ORIENTED_EDGE('',*,*,#6458,.T.);
#4346=ORIENTED_EDGE('',*,*,#6459,.F.);
#4347=ORIENTED_EDGE('',*,*,#6460,.F.);
#4348=ORIENTED_EDGE('',*,*,#6456,.T.);
#4349=ORIENTED_EDGE('',*,*,#6461,.T.);
#4350=ORIENTED_EDGE('',*,*,#6462,.F.);
#4351=ORIENTED_EDGE('',*,*,#6463,.F.);
#4352=ORIENTED_EDGE('',*,*,#6459,.T.);
#4353=ORIENTED_EDGE('',*,*,#6464,.T.);
#4354=ORIENTED_EDGE('',*,*,#6465,.F.);
#4355=ORIENTED_EDGE('',*,*,#6466,.F.);
#4356=ORIENTED_EDGE('',*,*,#6462,.T.);
#4357=ORIENTED_EDGE('',*,*,#6467,.T.);
#4358=ORIENTED_EDGE('',*,*,#6468,.F.);
#4359=ORIENTED_EDGE('',*,*,#6469,.F.);
#4360=ORIENTED_EDGE('',*,*,#6465,.T.);
#4361=ORIENTED_EDGE('',*,*,#6470,.T.);
#4362=ORIENTED_EDGE('',*,*,#6471,.F.);
#4363=ORIENTED_EDGE('',*,*,#6472,.F.);
#4364=ORIENTED_EDGE('',*,*,#6468,.T.);
#4365=ORIENTED_EDGE('',*,*,#6473,.T.);
#4366=ORIENTED_EDGE('',*,*,#6474,.F.);
#4367=ORIENTED_EDGE('',*,*,#6475,.F.);
#4368=ORIENTED_EDGE('',*,*,#6471,.T.);
#4369=ORIENTED_EDGE('',*,*,#6476,.T.);
#4370=ORIENTED_EDGE('',*,*,#6477,.F.);
#4371=ORIENTED_EDGE('',*,*,#6478,.F.);
#4372=ORIENTED_EDGE('',*,*,#6474,.T.);
#4373=ORIENTED_EDGE('',*,*,#6479,.F.);
#4374=ORIENTED_EDGE('',*,*,#6480,.F.);
#4375=ORIENTED_EDGE('',*,*,#6481,.T.);
#4376=ORIENTED_EDGE('',*,*,#6477,.T.);
#4377=ORIENTED_EDGE('',*,*,#6482,.T.);
#4378=ORIENTED_EDGE('',*,*,#6483,.F.);
#4379=ORIENTED_EDGE('',*,*,#6484,.F.);
#4380=ORIENTED_EDGE('',*,*,#6480,.T.);
#4381=ORIENTED_EDGE('',*,*,#6485,.F.);
#4382=ORIENTED_EDGE('',*,*,#6486,.F.);
#4383=ORIENTED_EDGE('',*,*,#6487,.T.);
#4384=ORIENTED_EDGE('',*,*,#6483,.T.);
#4385=ORIENTED_EDGE('',*,*,#6488,.T.);
#4386=ORIENTED_EDGE('',*,*,#6489,.F.);
#4387=ORIENTED_EDGE('',*,*,#6490,.F.);
#4388=ORIENTED_EDGE('',*,*,#6486,.T.);
#4389=ORIENTED_EDGE('',*,*,#6491,.T.);
#4390=ORIENTED_EDGE('',*,*,#6406,.F.);
#4391=ORIENTED_EDGE('',*,*,#6492,.F.);
#4392=ORIENTED_EDGE('',*,*,#6489,.T.);
#4393=ORIENTED_EDGE('',*,*,#6405,.T.);
#4394=ORIENTED_EDGE('',*,*,#6409,.T.);
#4395=ORIENTED_EDGE('',*,*,#6412,.T.);
#4396=ORIENTED_EDGE('',*,*,#6415,.T.);
#4397=ORIENTED_EDGE('',*,*,#6418,.F.);
#4398=ORIENTED_EDGE('',*,*,#6421,.T.);
#4399=ORIENTED_EDGE('',*,*,#6424,.F.);
#4400=ORIENTED_EDGE('',*,*,#6427,.T.);
#4401=ORIENTED_EDGE('',*,*,#6430,.T.);
#4402=ORIENTED_EDGE('',*,*,#6433,.T.);
#4403=ORIENTED_EDGE('',*,*,#6436,.T.);
#4404=ORIENTED_EDGE('',*,*,#6439,.T.);
#4405=ORIENTED_EDGE('',*,*,#6442,.F.);
#4406=ORIENTED_EDGE('',*,*,#6445,.T.);
#4407=ORIENTED_EDGE('',*,*,#6448,.F.);
#4408=ORIENTED_EDGE('',*,*,#6451,.T.);
#4409=ORIENTED_EDGE('',*,*,#6454,.F.);
#4410=ORIENTED_EDGE('',*,*,#6457,.T.);
#4411=ORIENTED_EDGE('',*,*,#6460,.T.);
#4412=ORIENTED_EDGE('',*,*,#6463,.T.);
#4413=ORIENTED_EDGE('',*,*,#6466,.T.);
#4414=ORIENTED_EDGE('',*,*,#6469,.T.);
#4415=ORIENTED_EDGE('',*,*,#6472,.T.);
#4416=ORIENTED_EDGE('',*,*,#6475,.T.);
#4417=ORIENTED_EDGE('',*,*,#6478,.T.);
#4418=ORIENTED_EDGE('',*,*,#6481,.F.);
#4419=ORIENTED_EDGE('',*,*,#6484,.T.);
#4420=ORIENTED_EDGE('',*,*,#6487,.F.);
#4421=ORIENTED_EDGE('',*,*,#6490,.T.);
#4422=ORIENTED_EDGE('',*,*,#6492,.T.);
#4423=ORIENTED_EDGE('',*,*,#6403,.F.);
#4424=ORIENTED_EDGE('',*,*,#6491,.F.);
#4425=ORIENTED_EDGE('',*,*,#6488,.F.);
#4426=ORIENTED_EDGE('',*,*,#6485,.T.);
#4427=ORIENTED_EDGE('',*,*,#6482,.F.);
#4428=ORIENTED_EDGE('',*,*,#6479,.T.);
#4429=ORIENTED_EDGE('',*,*,#6476,.F.);
#4430=ORIENTED_EDGE('',*,*,#6473,.F.);
#4431=ORIENTED_EDGE('',*,*,#6470,.F.);
#4432=ORIENTED_EDGE('',*,*,#6467,.F.);
#4433=ORIENTED_EDGE('',*,*,#6464,.F.);
#4434=ORIENTED_EDGE('',*,*,#6461,.F.);
#4435=ORIENTED_EDGE('',*,*,#6458,.F.);
#4436=ORIENTED_EDGE('',*,*,#6455,.F.);
#4437=ORIENTED_EDGE('',*,*,#6452,.T.);
#4438=ORIENTED_EDGE('',*,*,#6449,.F.);
#4439=ORIENTED_EDGE('',*,*,#6446,.T.);
#4440=ORIENTED_EDGE('',*,*,#6443,.F.);
#4441=ORIENTED_EDGE('',*,*,#6440,.T.);
#4442=ORIENTED_EDGE('',*,*,#6437,.F.);
#4443=ORIENTED_EDGE('',*,*,#6434,.F.);
#4444=ORIENTED_EDGE('',*,*,#6431,.F.);
#4445=ORIENTED_EDGE('',*,*,#6428,.F.);
#4446=ORIENTED_EDGE('',*,*,#6425,.F.);
#4447=ORIENTED_EDGE('',*,*,#6422,.T.);
#4448=ORIENTED_EDGE('',*,*,#6419,.F.);
#4449=ORIENTED_EDGE('',*,*,#6416,.T.);
#4450=ORIENTED_EDGE('',*,*,#6413,.F.);
#4451=ORIENTED_EDGE('',*,*,#6410,.F.);
#4452=ORIENTED_EDGE('',*,*,#6407,.F.);
#4453=EDGE_CURVE('',#6493,#6494,#7853,.T.);
#4454=EDGE_CURVE('',#6493,#6495,#7854,.T.);
#4455=EDGE_CURVE('',#6495,#6496,#7855,.T.);
#4456=EDGE_CURVE('',#6496,#6494,#7856,.T.);
#4457=EDGE_CURVE('',#6497,#6498,#7857,.T.);
#4458=EDGE_CURVE('',#6497,#6499,#7858,.T.);
#4459=EDGE_CURVE('',#6499,#6500,#7859,.T.);
#4460=EDGE_CURVE('',#6500,#6498,#7860,.T.);
#4461=EDGE_CURVE('',#6501,#6502,#7861,.T.);
#4462=EDGE_CURVE('',#6497,#6501,#7862,.T.);
#4463=EDGE_CURVE('',#6498,#6502,#7863,.T.);
#4464=EDGE_CURVE('',#6495,#6501,#46,.T.);
#4465=EDGE_CURVE('',#6502,#6496,#47,.T.);
#4466=EDGE_CURVE('',#6503,#6504,#7864,.T.);
#4467=EDGE_CURVE('',#6504,#6505,#7865,.T.);
#4468=EDGE_CURVE('',#6506,#6505,#7866,.T.);
#4469=EDGE_CURVE('',#6506,#6507,#7867,.T.);
#4470=EDGE_CURVE('',#6508,#6507,#7868,.T.);
#4471=EDGE_CURVE('',#6503,#6508,#7869,.T.);
#4472=EDGE_CURVE('',#6509,#6510,#7870,.T.);
#4473=EDGE_CURVE('',#6511,#6509,#7871,.T.);
#4474=EDGE_CURVE('',#6511,#6512,#7872,.T.);
#4475=EDGE_CURVE('',#6512,#6513,#7873,.T.);
#4476=EDGE_CURVE('',#6514,#6513,#7874,.T.);
#4477=EDGE_CURVE('',#6510,#6514,#7875,.T.);
#4478=EDGE_CURVE('',#6515,#6516,#7876,.T.);
#4479=EDGE_CURVE('',#6517,#6515,#7877,.T.);
#4480=EDGE_CURVE('',#6518,#6517,#7878,.T.);
#4481=EDGE_CURVE('',#6518,#6519,#7879,.T.);
#4482=EDGE_CURVE('',#6519,#6520,#7880,.T.);
#4483=EDGE_CURVE('',#6516,#6520,#7881,.T.);
#4484=EDGE_CURVE('',#6521,#6522,#7882,.T.);
#4485=EDGE_CURVE('',#6521,#6523,#7883,.T.);
#4486=EDGE_CURVE('',#6523,#6524,#7884,.T.);
#4487=EDGE_CURVE('',#6525,#6524,#7885,.T.);
#4488=EDGE_CURVE('',#6526,#6525,#7886,.T.);
#4489=EDGE_CURVE('',#6522,#6526,#7887,.T.);
#4490=EDGE_CURVE('',#6527,#6528,#7888,.T.);
#4491=EDGE_CURVE('',#6529,#6527,#7889,.T.);
#4492=EDGE_CURVE('',#6529,#6530,#7890,.T.);
#4493=EDGE_CURVE('',#6530,#6531,#7891,.T.);
#4494=EDGE_CURVE('',#6531,#6532,#7892,.T.);
#4495=EDGE_CURVE('',#6528,#6532,#7893,.T.);
#4496=EDGE_CURVE('',#6533,#6534,#7894,.T.);
#4497=EDGE_CURVE('',#6533,#6535,#7895,.T.);
#4498=EDGE_CURVE('',#6535,#6536,#7896,.T.);
#4499=EDGE_CURVE('',#6537,#6536,#7897,.T.);
#4500=EDGE_CURVE('',#6538,#6537,#7898,.T.);
#4501=EDGE_CURVE('',#6538,#6534,#7899,.T.);
#4502=EDGE_CURVE('',#6539,#6540,#7900,.T.);
#4503=EDGE_CURVE('',#6540,#6541,#7901,.T.);
#4504=EDGE_CURVE('',#6541,#6542,#7902,.T.);
#4505=EDGE_CURVE('',#6543,#6542,#7903,.T.);
#4506=EDGE_CURVE('',#6544,#6543,#7904,.T.);
#4507=EDGE_CURVE('',#6544,#6545,#7905,.T.);
#4508=EDGE_CURVE('',#6546,#6545,#7906,.T.);
#4509=EDGE_CURVE('',#6539,#6546,#7907,.T.);
#4510=EDGE_CURVE('',#6547,#6548,#7908,.T.);
#4511=EDGE_CURVE('',#6547,#6549,#7909,.T.);
#4512=EDGE_CURVE('',#6549,#6550,#7910,.T.);
#4513=EDGE_CURVE('',#6548,#6550,#7911,.T.);
#4514=EDGE_CURVE('',#6551,#6552,#7912,.T.);
#4515=EDGE_CURVE('',#6553,#6551,#7913,.T.);
#4516=EDGE_CURVE('',#6553,#6554,#7914,.T.);
#4517=EDGE_CURVE('',#6554,#6552,#7915,.T.);
#4518=EDGE_CURVE('',#6555,#6556,#7916,.T.);
#4519=EDGE_CURVE('',#6555,#6557,#7917,.T.);
#4520=EDGE_CURVE('',#6557,#6558,#7918,.T.);
#4521=EDGE_CURVE('',#6556,#6558,#7919,.T.);
#4522=EDGE_CURVE('',#6559,#6560,#7920,.T.);
#4523=EDGE_CURVE('',#6561,#6559,#7921,.T.);
#4524=EDGE_CURVE('',#6561,#6562,#7922,.T.);
#4525=EDGE_CURVE('',#6562,#6560,#7923,.T.);
#4526=EDGE_CURVE('',#6563,#6564,#7924,.T.);
#4527=EDGE_CURVE('',#6563,#6565,#7925,.T.);
#4528=EDGE_CURVE('',#6565,#6566,#7926,.T.);
#4529=EDGE_CURVE('',#6564,#6566,#7927,.T.);
#4530=EDGE_CURVE('',#6567,#6568,#7928,.T.);
#4531=EDGE_CURVE('',#6569,#6567,#7929,.T.);
#4532=EDGE_CURVE('',#6569,#6570,#7930,.T.);
#4533=EDGE_CURVE('',#6570,#6568,#7931,.T.);
#4534=EDGE_CURVE('',#6571,#6572,#7932,.T.);
#4535=EDGE_CURVE('',#6571,#6573,#7933,.T.);
#4536=EDGE_CURVE('',#6573,#6574,#7934,.T.);
#4537=EDGE_CURVE('',#6572,#6574,#7935,.T.);
#4538=EDGE_CURVE('',#6575,#6576,#7936,.T.);
#4539=EDGE_CURVE('',#6577,#6575,#7937,.T.);
#4540=EDGE_CURVE('',#6577,#6578,#7938,.T.);
#4541=EDGE_CURVE('',#6578,#6576,#7939,.T.);
#4542=EDGE_CURVE('',#6579,#6580,#7940,.T.);
#4543=EDGE_CURVE('',#6579,#6581,#7941,.T.);
#4544=EDGE_CURVE('',#6581,#6582,#7942,.T.);
#4545=EDGE_CURVE('',#6580,#6582,#7943,.T.);
#4546=EDGE_CURVE('',#6583,#6584,#7944,.T.);
#4547=EDGE_CURVE('',#6585,#6583,#7945,.T.);
#4548=EDGE_CURVE('',#6585,#6586,#7946,.T.);
#4549=EDGE_CURVE('',#6586,#6584,#7947,.T.);
#4550=EDGE_CURVE('',#6587,#6588,#7948,.T.);
#4551=EDGE_CURVE('',#6587,#6589,#7949,.T.);
#4552=EDGE_CURVE('',#6589,#6590,#7950,.T.);
#4553=EDGE_CURVE('',#6588,#6590,#7951,.T.);
#4554=EDGE_CURVE('',#6591,#6592,#7952,.T.);
#4555=EDGE_CURVE('',#6593,#6591,#7953,.T.);
#4556=EDGE_CURVE('',#6593,#6594,#7954,.T.);
#4557=EDGE_CURVE('',#6594,#6592,#7955,.T.);
#4558=EDGE_CURVE('',#6595,#6596,#7956,.T.);
#4559=EDGE_CURVE('',#6595,#6597,#7957,.T.);
#4560=EDGE_CURVE('',#6597,#6598,#7958,.T.);
#4561=EDGE_CURVE('',#6596,#6598,#7959,.T.);
#4562=EDGE_CURVE('',#6599,#6600,#7960,.T.);
#4563=EDGE_CURVE('',#6599,#6601,#7961,.T.);
#4564=EDGE_CURVE('',#6601,#6602,#7962,.T.);
#4565=EDGE_CURVE('',#6602,#6603,#7963,.T.);
#4566=EDGE_CURVE('',#6604,#6603,#7964,.T.);
#4567=EDGE_CURVE('',#6604,#6605,#7965,.T.);
#4568=EDGE_CURVE('',#6606,#6605,#7966,.T.);
#4569=EDGE_CURVE('',#6607,#6606,#7967,.T.);
#4570=EDGE_CURVE('',#6608,#6607,#7968,.T.);
#4571=EDGE_CURVE('',#6608,#6609,#7969,.T.);
#4572=EDGE_CURVE('',#6609,#6610,#7970,.T.);
#4573=EDGE_CURVE('',#6610,#6611,#7971,.T.);
#4574=EDGE_CURVE('',#6612,#6611,#7972,.T.);
#4575=EDGE_CURVE('',#6613,#6612,#7973,.T.);
#4576=EDGE_CURVE('',#6512,#6613,#7974,.T.);
#4577=EDGE_CURVE('',#6511,#6614,#7975,.T.);
#4578=EDGE_CURVE('',#6615,#6614,#7976,.T.);
#4579=EDGE_CURVE('',#6503,#6615,#7977,.T.);
#4580=EDGE_CURVE('',#6616,#6508,#7978,.T.);
#4581=EDGE_CURVE('',#6617,#6616,#7979,.T.);
#4582=EDGE_CURVE('',#6617,#6618,#7980,.T.);
#4583=EDGE_CURVE('',#6618,#6619,#7981,.T.);
#4584=EDGE_CURVE('',#6619,#6620,#7982,.T.);
#4585=EDGE_CURVE('',#6620,#6621,#7983,.T.);
#4586=EDGE_CURVE('',#6621,#6622,#7984,.T.);
#4587=EDGE_CURVE('',#6623,#6622,#7985,.T.);
#4588=EDGE_CURVE('',#6623,#6624,#7986,.T.);
#4589=EDGE_CURVE('',#6624,#6625,#7987,.T.);
#4590=EDGE_CURVE('',#6625,#6626,#7988,.T.);
#4591=EDGE_CURVE('',#6626,#6627,#7989,.T.);
#4592=EDGE_CURVE('',#6628,#6627,#7990,.T.);
#4593=EDGE_CURVE('',#6628,#6629,#7991,.T.);
#4594=EDGE_CURVE('',#6629,#6630,#7992,.T.);
#4595=EDGE_CURVE('',#6630,#6631,#7993,.T.);
#4596=EDGE_CURVE('',#6632,#6631,#7994,.T.);
#4597=EDGE_CURVE('',#6632,#6633,#7995,.T.);
#4598=EDGE_CURVE('',#6633,#6634,#7996,.T.);
#4599=EDGE_CURVE('',#6634,#6635,#7997,.T.);
#4600=EDGE_CURVE('',#6636,#6635,#7998,.T.);
#4601=EDGE_CURVE('',#6636,#6637,#7999,.T.);
#4602=EDGE_CURVE('',#6637,#6638,#8000,.T.);
#4603=EDGE_CURVE('',#6638,#6639,#8001,.T.);
#4604=EDGE_CURVE('',#6640,#6639,#8002,.T.);
#4605=EDGE_CURVE('',#6640,#6641,#8003,.T.);
#4606=EDGE_CURVE('',#6641,#6642,#8004,.T.);
#4607=EDGE_CURVE('',#6642,#6643,#8005,.T.);
#4608=EDGE_CURVE('',#6644,#6643,#8006,.T.);
#4609=EDGE_CURVE('',#6644,#6645,#8007,.T.);
#4610=EDGE_CURVE('',#6645,#6646,#8008,.T.);
#4611=EDGE_CURVE('',#6646,#6600,#8009,.T.);
#4612=EDGE_CURVE('',#6647,#6648,#8010,.T.);
#4613=EDGE_CURVE('',#6648,#6649,#8011,.T.);
#4614=EDGE_CURVE('',#6650,#6649,#8012,.T.);
#4615=EDGE_CURVE('',#6650,#6647,#8013,.T.);
#4616=EDGE_CURVE('',#6651,#6652,#8014,.T.);
#4617=EDGE_CURVE('',#6652,#6648,#8015,.T.);
#4618=EDGE_CURVE('',#6647,#6653,#8016,.T.);
#4619=EDGE_CURVE('',#6653,#6654,#8017,.T.);
#4620=EDGE_CURVE('',#6654,#6655,#8018,.T.);
#4621=EDGE_CURVE('',#6656,#6655,#8019,.T.);
#4622=EDGE_CURVE('',#6657,#6656,#8020,.T.);
#4623=EDGE_CURVE('',#6657,#6658,#8021,.T.);
#4624=EDGE_CURVE('',#6658,#6659,#8022,.T.);
#4625=EDGE_CURVE('',#6660,#6659,#8023,.T.);
#4626=EDGE_CURVE('',#6661,#6660,#8024,.T.);
#4627=EDGE_CURVE('',#6661,#6662,#8025,.T.);
#4628=EDGE_CURVE('',#6662,#6663,#8026,.T.);
#4629=EDGE_CURVE('',#6664,#6663,#8027,.T.);
#4630=EDGE_CURVE('',#6664,#6651,#8028,.T.);
#4631=EDGE_CURVE('',#6665,#6666,#8029,.T.);
#4632=EDGE_CURVE('',#6666,#6667,#8030,.T.);
#4633=EDGE_CURVE('',#6668,#6667,#8031,.T.);
#4634=EDGE_CURVE('',#6669,#6668,#8032,.T.);
#4635=EDGE_CURVE('',#6669,#6670,#8033,.T.);
#4636=EDGE_CURVE('',#6670,#6671,#8034,.T.);
#4637=EDGE_CURVE('',#6672,#6671,#8035,.T.);
#4638=EDGE_CURVE('',#6673,#6672,#8036,.T.);
#4639=EDGE_CURVE('',#6673,#6674,#8037,.T.);
#4640=EDGE_CURVE('',#6674,#6675,#8038,.T.);
#4641=EDGE_CURVE('',#6676,#6675,#8039,.T.);
#4642=EDGE_CURVE('',#6677,#6676,#8040,.T.);
#4643=EDGE_CURVE('',#6678,#6677,#8041,.T.);
#4644=EDGE_CURVE('',#6678,#6679,#8042,.T.);
#4645=EDGE_CURVE('',#6680,#6679,#8043,.T.);
#4646=EDGE_CURVE('',#6680,#6681,#8044,.T.);
#4647=EDGE_CURVE('',#6681,#6682,#8045,.T.);
#4648=EDGE_CURVE('',#6682,#6683,#8046,.T.);
#4649=EDGE_CURVE('',#6684,#6683,#8047,.T.);
#4650=EDGE_CURVE('',#6684,#6665,#8048,.T.);
#4651=EDGE_CURVE('',#6683,#6685,#8049,.T.);
#4652=EDGE_CURVE('',#6686,#6685,#8050,.T.);
#4653=EDGE_CURVE('',#6686,#6684,#8051,.T.);
#4654=EDGE_CURVE('',#6687,#6688,#8052,.T.);
#4655=EDGE_CURVE('',#6688,#6689,#8053,.T.);
#4656=EDGE_CURVE('',#6690,#6689,#8054,.T.);
#4657=EDGE_CURVE('',#6691,#6690,#8055,.T.);
#4658=EDGE_CURVE('',#6691,#6692,#8056,.T.);
#4659=EDGE_CURVE('',#6692,#6693,#8057,.T.);
#4660=EDGE_CURVE('',#6694,#6693,#8058,.T.);
#4661=EDGE_CURVE('',#6695,#6694,#8059,.T.);
#4662=EDGE_CURVE('',#6695,#6696,#8060,.T.);
#4663=EDGE_CURVE('',#6696,#6697,#8061,.T.);
#4664=EDGE_CURVE('',#6698,#6697,#8062,.T.);
#4665=EDGE_CURVE('',#6699,#6698,#8063,.T.);
#4666=EDGE_CURVE('',#6700,#6699,#8064,.T.);
#4667=EDGE_CURVE('',#6700,#6701,#8065,.T.);
#4668=EDGE_CURVE('',#6702,#6701,#8066,.T.);
#4669=EDGE_CURVE('',#6702,#6703,#8067,.T.);
#4670=EDGE_CURVE('',#6703,#6704,#8068,.T.);
#4671=EDGE_CURVE('',#6704,#6705,#8069,.T.);
#4672=EDGE_CURVE('',#6706,#6705,#8070,.T.);
#4673=EDGE_CURVE('',#6706,#6687,#8071,.T.);
#4674=EDGE_CURVE('',#6705,#6707,#8072,.T.);
#4675=EDGE_CURVE('',#6708,#6707,#8073,.T.);
#4676=EDGE_CURVE('',#6708,#6706,#8074,.T.);
#4677=EDGE_CURVE('',#6709,#6710,#8075,.T.);
#4678=EDGE_CURVE('',#6710,#6711,#8076,.T.);
#4679=EDGE_CURVE('',#6712,#6711,#8077,.T.);
#4680=EDGE_CURVE('',#6713,#6712,#8078,.T.);
#4681=EDGE_CURVE('',#6713,#6714,#8079,.T.);
#4682=EDGE_CURVE('',#6714,#6715,#8080,.T.);
#4683=EDGE_CURVE('',#6716,#6715,#8081,.T.);
#4684=EDGE_CURVE('',#6717,#6716,#8082,.T.);
#4685=EDGE_CURVE('',#6717,#6718,#8083,.T.);
#4686=EDGE_CURVE('',#6718,#6719,#8084,.T.);
#4687=EDGE_CURVE('',#6720,#6719,#8085,.T.);
#4688=EDGE_CURVE('',#6721,#6720,#8086,.T.);
#4689=EDGE_CURVE('',#6722,#6721,#8087,.T.);
#4690=EDGE_CURVE('',#6722,#6723,#8088,.T.);
#4691=EDGE_CURVE('',#6724,#6723,#8089,.T.);
#4692=EDGE_CURVE('',#6724,#6725,#8090,.T.);
#4693=EDGE_CURVE('',#6725,#6726,#8091,.T.);
#4694=EDGE_CURVE('',#6726,#6727,#8092,.T.);
#4695=EDGE_CURVE('',#6728,#6727,#8093,.T.);
#4696=EDGE_CURVE('',#6728,#6709,#8094,.T.);
#4697=EDGE_CURVE('',#6727,#6729,#8095,.T.);
#4698=EDGE_CURVE('',#6730,#6729,#8096,.T.);
#4699=EDGE_CURVE('',#6730,#6728,#8097,.T.);
#4700=EDGE_CURVE('',#6731,#6732,#8098,.T.);
#4701=EDGE_CURVE('',#6732,#6733,#8099,.T.);
#4702=EDGE_CURVE('',#6734,#6733,#8100,.T.);
#4703=EDGE_CURVE('',#6735,#6734,#8101,.T.);
#4704=EDGE_CURVE('',#6735,#6736,#8102,.T.);
#4705=EDGE_CURVE('',#6736,#6737,#8103,.T.);
#4706=EDGE_CURVE('',#6738,#6737,#8104,.T.);
#4707=EDGE_CURVE('',#6739,#6738,#8105,.T.);
#4708=EDGE_CURVE('',#6739,#6740,#8106,.T.);
#4709=EDGE_CURVE('',#6740,#6741,#8107,.T.);
#4710=EDGE_CURVE('',#6742,#6741,#8108,.T.);
#4711=EDGE_CURVE('',#6743,#6742,#8109,.T.);
#4712=EDGE_CURVE('',#6744,#6743,#8110,.T.);
#4713=EDGE_CURVE('',#6744,#6745,#8111,.T.);
#4714=EDGE_CURVE('',#6746,#6745,#8112,.T.);
#4715=EDGE_CURVE('',#6746,#6747,#8113,.T.);
#4716=EDGE_CURVE('',#6747,#6748,#8114,.T.);
#4717=EDGE_CURVE('',#6748,#6749,#8115,.T.);
#4718=EDGE_CURVE('',#6750,#6749,#8116,.T.);
#4719=EDGE_CURVE('',#6750,#6731,#8117,.T.);
#4720=EDGE_CURVE('',#6749,#6751,#8118,.T.);
#4721=EDGE_CURVE('',#6752,#6751,#8119,.T.);
#4722=EDGE_CURVE('',#6752,#6750,#8120,.T.);
#4723=EDGE_CURVE('',#6753,#6754,#8121,.T.);
#4724=EDGE_CURVE('',#6754,#6755,#8122,.T.);
#4725=EDGE_CURVE('',#6756,#6755,#8123,.T.);
#4726=EDGE_CURVE('',#6757,#6756,#8124,.T.);
#4727=EDGE_CURVE('',#6757,#6758,#8125,.T.);
#4728=EDGE_CURVE('',#6758,#6759,#8126,.T.);
#4729=EDGE_CURVE('',#6760,#6759,#8127,.T.);
#4730=EDGE_CURVE('',#6761,#6760,#8128,.T.);
#4731=EDGE_CURVE('',#6761,#6762,#8129,.T.);
#4732=EDGE_CURVE('',#6762,#6763,#8130,.T.);
#4733=EDGE_CURVE('',#6764,#6763,#8131,.T.);
#4734=EDGE_CURVE('',#6765,#6764,#8132,.T.);
#4735=EDGE_CURVE('',#6766,#6765,#8133,.T.);
#4736=EDGE_CURVE('',#6766,#6767,#8134,.T.);
#4737=EDGE_CURVE('',#6768,#6767,#8135,.T.);
#4738=EDGE_CURVE('',#6768,#6769,#8136,.T.);
#4739=EDGE_CURVE('',#6769,#6770,#8137,.T.);
#4740=EDGE_CURVE('',#6770,#6771,#8138,.T.);
#4741=EDGE_CURVE('',#6772,#6771,#8139,.T.);
#4742=EDGE_CURVE('',#6772,#6753,#8140,.T.);
#4743=EDGE_CURVE('',#6771,#6773,#8141,.T.);
#4744=EDGE_CURVE('',#6774,#6773,#8142,.T.);
#4745=EDGE_CURVE('',#6774,#6772,#8143,.T.);
#4746=EDGE_CURVE('',#6775,#6776,#8144,.T.);
#4747=EDGE_CURVE('',#6776,#6777,#8145,.T.);
#4748=EDGE_CURVE('',#6778,#6777,#8146,.T.);
#4749=EDGE_CURVE('',#6778,#6775,#8147,.T.);
#4750=EDGE_CURVE('',#6779,#6780,#8148,.T.);
#4751=EDGE_CURVE('',#6780,#6776,#8149,.T.);
#4752=EDGE_CURVE('',#6775,#6781,#8150,.T.);
#4753=EDGE_CURVE('',#6781,#6782,#8151,.T.);
#4754=EDGE_CURVE('',#6782,#6783,#8152,.T.);
#4755=EDGE_CURVE('',#6784,#6783,#8153,.T.);
#4756=EDGE_CURVE('',#6785,#6784,#8154,.T.);
#4757=EDGE_CURVE('',#6785,#6786,#8155,.T.);
#4758=EDGE_CURVE('',#6786,#6787,#8156,.T.);
#4759=EDGE_CURVE('',#6788,#6787,#8157,.T.);
#4760=EDGE_CURVE('',#6789,#6788,#8158,.T.);
#4761=EDGE_CURVE('',#6789,#6790,#8159,.T.);
#4762=EDGE_CURVE('',#6790,#6791,#8160,.T.);
#4763=EDGE_CURVE('',#6792,#6791,#8161,.T.);
#4764=EDGE_CURVE('',#6792,#6779,#8162,.T.);
#4765=EDGE_CURVE('',#6793,#6794,#8163,.T.);
#4766=EDGE_CURVE('',#6795,#6793,#8164,.T.);
#4767=EDGE_CURVE('',#6795,#6650,#8165,.T.);
#4768=EDGE_CURVE('',#6796,#6649,#8166,.T.);
#4769=EDGE_CURVE('',#6797,#6796,#8167,.T.);
#4770=EDGE_CURVE('',#6797,#6798,#8168,.T.);
#4771=EDGE_CURVE('',#6798,#6799,#8169,.T.);
#4772=EDGE_CURVE('',#6799,#6800,#8170,.T.);
#4773=EDGE_CURVE('',#6800,#6801,#8171,.T.);
#4774=EDGE_CURVE('',#6801,#6802,#8172,.T.);
#4775=EDGE_CURVE('',#6803,#6802,#8173,.T.);
#4776=EDGE_CURVE('',#6803,#6804,#8174,.T.);
#4777=EDGE_CURVE('',#6804,#6805,#8175,.T.);
#4778=EDGE_CURVE('',#6805,#6806,#8176,.T.);
#4779=EDGE_CURVE('',#6794,#6806,#8177,.T.);
#4780=EDGE_CURVE('',#6807,#6808,#8178,.T.);
#4781=EDGE_CURVE('',#6809,#6807,#8179,.T.);
#4782=EDGE_CURVE('',#6809,#6686,#8180,.T.);
#4783=EDGE_CURVE('',#6810,#6685,#8181,.T.);
#4784=EDGE_CURVE('',#6811,#6810,#8182,.T.);
#4785=EDGE_CURVE('',#6811,#6812,#8183,.T.);
#4786=EDGE_CURVE('',#6812,#6813,#8184,.T.);
#4787=EDGE_CURVE('',#6814,#6813,#8185,.T.);
#4788=EDGE_CURVE('',#6815,#6814,#8186,.T.);
#4789=EDGE_CURVE('',#6815,#6816,#8187,.T.);
#4790=EDGE_CURVE('',#6817,#6816,#8188,.T.);
#4791=EDGE_CURVE('',#6817,#6818,#8189,.T.);
#4792=EDGE_CURVE('',#6818,#6819,#8190,.T.);
#4793=EDGE_CURVE('',#6819,#6820,#8191,.T.);
#4794=EDGE_CURVE('',#6821,#6820,#8192,.T.);
#4795=EDGE_CURVE('',#6821,#6822,#8193,.T.);
#4796=EDGE_CURVE('',#6822,#6823,#8194,.T.);
#4797=EDGE_CURVE('',#6823,#6824,#8195,.T.);
#4798=EDGE_CURVE('',#6808,#6824,#8196,.T.);
#4799=EDGE_CURVE('',#6825,#6826,#8197,.T.);
#4800=EDGE_CURVE('',#6827,#6825,#8198,.T.);
#4801=EDGE_CURVE('',#6827,#6708,#8199,.T.);
#4802=EDGE_CURVE('',#6828,#6707,#8200,.T.);
#4803=EDGE_CURVE('',#6829,#6828,#8201,.T.);
#4804=EDGE_CURVE('',#6829,#6830,#8202,.T.);
#4805=EDGE_CURVE('',#6830,#6831,#8203,.T.);
#4806=EDGE_CURVE('',#6832,#6831,#8204,.T.);
#4807=EDGE_CURVE('',#6833,#6832,#8205,.T.);
#4808=EDGE_CURVE('',#6833,#6834,#8206,.T.);
#4809=EDGE_CURVE('',#6835,#6834,#8207,.T.);
#4810=EDGE_CURVE('',#6835,#6836,#8208,.T.);
#4811=EDGE_CURVE('',#6836,#6837,#8209,.T.);
#4812=EDGE_CURVE('',#6837,#6838,#8210,.T.);
#4813=EDGE_CURVE('',#6839,#6838,#8211,.T.);
#4814=EDGE_CURVE('',#6839,#6840,#8212,.T.);
#4815=EDGE_CURVE('',#6840,#6841,#8213,.T.);
#4816=EDGE_CURVE('',#6841,#6842,#8214,.T.);
#4817=EDGE_CURVE('',#6826,#6842,#8215,.T.);
#4818=EDGE_CURVE('',#6843,#6844,#8216,.T.);
#4819=EDGE_CURVE('',#6845,#6843,#8217,.T.);
#4820=EDGE_CURVE('',#6845,#6730,#8218,.T.);
#4821=EDGE_CURVE('',#6846,#6729,#8219,.T.);
#4822=EDGE_CURVE('',#6847,#6846,#8220,.T.);
#4823=EDGE_CURVE('',#6847,#6848,#8221,.T.);
#4824=EDGE_CURVE('',#6848,#6849,#8222,.T.);
#4825=EDGE_CURVE('',#6850,#6849,#8223,.T.);
#4826=EDGE_CURVE('',#6851,#6850,#8224,.T.);
#4827=EDGE_CURVE('',#6851,#6852,#8225,.T.);
#4828=EDGE_CURVE('',#6853,#6852,#8226,.T.);
#4829=EDGE_CURVE('',#6853,#6854,#8227,.T.);
#4830=EDGE_CURVE('',#6854,#6855,#8228,.T.);
#4831=EDGE_CURVE('',#6855,#6856,#8229,.T.);
#4832=EDGE_CURVE('',#6857,#6856,#8230,.T.);
#4833=EDGE_CURVE('',#6857,#6858,#8231,.T.);
#4834=EDGE_CURVE('',#6858,#6859,#8232,.T.);
#4835=EDGE_CURVE('',#6859,#6860,#8233,.T.);
#4836=EDGE_CURVE('',#6844,#6860,#8234,.T.);
#4837=EDGE_CURVE('',#6861,#6862,#8235,.T.);
#4838=EDGE_CURVE('',#6863,#6861,#8236,.T.);
#4839=EDGE_CURVE('',#6863,#6752,#8237,.T.);
#4840=EDGE_CURVE('',#6864,#6751,#8238,.T.);
#4841=EDGE_CURVE('',#6865,#6864,#8239,.T.);
#4842=EDGE_CURVE('',#6865,#6866,#8240,.T.);
#4843=EDGE_CURVE('',#6866,#6867,#8241,.T.);
#4844=EDGE_CURVE('',#6868,#6867,#8242,.T.);
#4845=EDGE_CURVE('',#6869,#6868,#8243,.T.);
#4846=EDGE_CURVE('',#6869,#6870,#8244,.T.);
#4847=EDGE_CURVE('',#6871,#6870,#8245,.T.);
#4848=EDGE_CURVE('',#6871,#6872,#8246,.T.);
#4849=EDGE_CURVE('',#6872,#6873,#8247,.T.);
#4850=EDGE_CURVE('',#6873,#6874,#8248,.T.);
#4851=EDGE_CURVE('',#6875,#6874,#8249,.T.);
#4852=EDGE_CURVE('',#6875,#6876,#8250,.T.);
#4853=EDGE_CURVE('',#6876,#6877,#8251,.T.);
#4854=EDGE_CURVE('',#6877,#6878,#8252,.T.);
#4855=EDGE_CURVE('',#6862,#6878,#8253,.T.);
#4856=EDGE_CURVE('',#6879,#6880,#8254,.T.);
#4857=EDGE_CURVE('',#6881,#6879,#8255,.T.);
#4858=EDGE_CURVE('',#6881,#6774,#8256,.T.);
#4859=EDGE_CURVE('',#6882,#6773,#8257,.T.);
#4860=EDGE_CURVE('',#6883,#6882,#8258,.T.);
#4861=EDGE_CURVE('',#6883,#6884,#8259,.T.);
#4862=EDGE_CURVE('',#6884,#6885,#8260,.T.);
#4863=EDGE_CURVE('',#6886,#6885,#8261,.T.);
#4864=EDGE_CURVE('',#6887,#6886,#8262,.T.);
#4865=EDGE_CURVE('',#6887,#6888,#8263,.T.);
#4866=EDGE_CURVE('',#6889,#6888,#8264,.T.);
#4867=EDGE_CURVE('',#6889,#6890,#8265,.T.);
#4868=EDGE_CURVE('',#6890,#6891,#8266,.T.);
#4869=EDGE_CURVE('',#6891,#6892,#8267,.T.);
#4870=EDGE_CURVE('',#6893,#6892,#8268,.T.);
#4871=EDGE_CURVE('',#6893,#6894,#8269,.T.);
#4872=EDGE_CURVE('',#6894,#6895,#8270,.T.);
#4873=EDGE_CURVE('',#6895,#6896,#8271,.T.);
#4874=EDGE_CURVE('',#6880,#6896,#8272,.T.);
#4875=EDGE_CURVE('',#6897,#6777,#8273,.T.);
#4876=EDGE_CURVE('',#6898,#6897,#8274,.T.);
#4877=EDGE_CURVE('',#6898,#6899,#8275,.T.);
#4878=EDGE_CURVE('',#6899,#6900,#8276,.T.);
#4879=EDGE_CURVE('',#6900,#6901,#8277,.T.);
#4880=EDGE_CURVE('',#6901,#6902,#8278,.T.);
#4881=EDGE_CURVE('',#6902,#6903,#8279,.T.);
#4882=EDGE_CURVE('',#6904,#6903,#8280,.T.);
#4883=EDGE_CURVE('',#6904,#6905,#8281,.T.);
#4884=EDGE_CURVE('',#6905,#6906,#8282,.T.);
#4885=EDGE_CURVE('',#6906,#6907,#8283,.T.);
#4886=EDGE_CURVE('',#6908,#6907,#8284,.T.);
#4887=EDGE_CURVE('',#6909,#6908,#8285,.T.);
#4888=EDGE_CURVE('',#6910,#6909,#8286,.T.);
#4889=EDGE_CURVE('',#6910,#6778,#8287,.T.);
#4890=EDGE_CURVE('',#6911,#6912,#8288,.T.);
#4891=EDGE_CURVE('',#6912,#6617,#8289,.T.);
#4892=EDGE_CURVE('',#6616,#6525,#8290,.T.);
#4893=EDGE_CURVE('',#6524,#6913,#8291,.T.);
#4894=EDGE_CURVE('',#6913,#6914,#8292,.T.);
#4895=EDGE_CURVE('',#6914,#6915,#8293,.T.);
#4896=EDGE_CURVE('',#6915,#6916,#8294,.T.);
#4897=EDGE_CURVE('',#6916,#6917,#8295,.T.);
#4898=EDGE_CURVE('',#6917,#6918,#8296,.T.);
#4899=EDGE_CURVE('',#6532,#6918,#8297,.T.);
#4900=EDGE_CURVE('',#6531,#6613,#8298,.T.);
#4901=EDGE_CURVE('',#6612,#6919,#8299,.T.);
#4902=EDGE_CURVE('',#6919,#6920,#8300,.T.);
#4903=EDGE_CURVE('',#6920,#6921,#8301,.T.);
#4904=EDGE_CURVE('',#6921,#6922,#8302,.T.);
#4905=EDGE_CURVE('',#6922,#6593,#8303,.T.);
#4906=EDGE_CURVE('',#6591,#6887,#8304,.T.);
#4907=EDGE_CURVE('',#6886,#6766,#8305,.T.);
#4908=EDGE_CURVE('',#6765,#6585,#8306,.T.);
#4909=EDGE_CURVE('',#6583,#6869,#8307,.T.);
#4910=EDGE_CURVE('',#6868,#6744,#8308,.T.);
#4911=EDGE_CURVE('',#6743,#6577,#8309,.T.);
#4912=EDGE_CURVE('',#6575,#6851,#8310,.T.);
#4913=EDGE_CURVE('',#6850,#6722,#8311,.T.);
#4914=EDGE_CURVE('',#6721,#6569,#8312,.T.);
#4915=EDGE_CURVE('',#6567,#6833,#8313,.T.);
#4916=EDGE_CURVE('',#6832,#6700,#8314,.T.);
#4917=EDGE_CURVE('',#6699,#6561,#8315,.T.);
#4918=EDGE_CURVE('',#6559,#6815,#8316,.T.);
#4919=EDGE_CURVE('',#6814,#6678,#8317,.T.);
#4920=EDGE_CURVE('',#6677,#6553,#8318,.T.);
#4921=EDGE_CURVE('',#6551,#6923,#8319,.T.);
#4922=EDGE_CURVE('',#6923,#6924,#8320,.T.);
#4923=EDGE_CURVE('',#6924,#6911,#8321,.T.);
#4924=EDGE_CURVE('',#6793,#6654,#8322,.T.);
#4925=EDGE_CURVE('',#6653,#6795,#8323,.T.);
#4926=EDGE_CURVE('',#6796,#6652,#8324,.T.);
#4927=EDGE_CURVE('',#6651,#6797,#8325,.T.);
#4928=EDGE_CURVE('',#6810,#6682,#8326,.T.);
#4929=EDGE_CURVE('',#6681,#6811,#8327,.T.);
#4930=EDGE_CURVE('',#6807,#6666,#8328,.T.);
#4931=EDGE_CURVE('',#6665,#6809,#8329,.T.);
#4932=EDGE_CURVE('',#6828,#6704,#8330,.T.);
#4933=EDGE_CURVE('',#6703,#6829,#8331,.T.);
#4934=EDGE_CURVE('',#6825,#6688,#8332,.T.);
#4935=EDGE_CURVE('',#6687,#6827,#8333,.T.);
#4936=EDGE_CURVE('',#6846,#6726,#8334,.T.);
#4937=EDGE_CURVE('',#6725,#6847,#8335,.T.);
#4938=EDGE_CURVE('',#6843,#6710,#8336,.T.);
#4939=EDGE_CURVE('',#6709,#6845,#8337,.T.);
#4940=EDGE_CURVE('',#6864,#6748,#8338,.T.);
#4941=EDGE_CURVE('',#6747,#6865,#8339,.T.);
#4942=EDGE_CURVE('',#6861,#6732,#8340,.T.);
#4943=EDGE_CURVE('',#6731,#6863,#8341,.T.);
#4944=EDGE_CURVE('',#6882,#6770,#8342,.T.);
#4945=EDGE_CURVE('',#6769,#6883,#8343,.T.);
#4946=EDGE_CURVE('',#6879,#6754,#8344,.T.);
#4947=EDGE_CURVE('',#6753,#6881,#8345,.T.);
#4948=EDGE_CURVE('',#6909,#6782,#8346,.T.);
#4949=EDGE_CURVE('',#6781,#6910,#8347,.T.);
#4950=EDGE_CURVE('',#6897,#6780,#8348,.T.);
#4951=EDGE_CURVE('',#6779,#6898,#8349,.T.);
#4952=EDGE_CURVE('',#6499,#6493,#8350,.T.);
#4953=EDGE_CURVE('',#6494,#6500,#8351,.T.);
#4954=EDGE_CURVE('',#6925,#6926,#8352,.T.);
#4955=EDGE_CURVE('',#6927,#6926,#8353,.T.);
#4956=EDGE_CURVE('',#6928,#6927,#8354,.T.);
#4957=EDGE_CURVE('',#6928,#6619,#8355,.T.);
#4958=EDGE_CURVE('',#6618,#6929,#8356,.T.);
#4959=EDGE_CURVE('',#6929,#6930,#8357,.T.);
#4960=EDGE_CURVE('',#6930,#6931,#8358,.T.);
#4961=EDGE_CURVE('',#6931,#6932,#8359,.T.);
#4962=EDGE_CURVE('',#6932,#6552,#8360,.T.);
#4963=EDGE_CURVE('',#6554,#6676,#8361,.T.);
#4964=EDGE_CURVE('',#6933,#6675,#8362,.T.);
#4965=EDGE_CURVE('',#6934,#6933,#8363,.T.);
#4966=EDGE_CURVE('',#6680,#6934,#8364,.T.);
#4967=EDGE_CURVE('',#6679,#6813,#8365,.T.);
#4968=EDGE_CURVE('',#6702,#6812,#8366,.T.);
#4969=EDGE_CURVE('',#6701,#6831,#8367,.T.);
#4970=EDGE_CURVE('',#6724,#6830,#8368,.T.);
#4971=EDGE_CURVE('',#6723,#6849,#8369,.T.);
#4972=EDGE_CURVE('',#6746,#6848,#8370,.T.);
#4973=EDGE_CURVE('',#6745,#6867,#8371,.T.);
#4974=EDGE_CURVE('',#6768,#6866,#8372,.T.);
#4975=EDGE_CURVE('',#6767,#6885,#8373,.T.);
#4976=EDGE_CURVE('',#6935,#6884,#8374,.T.);
#4977=EDGE_CURVE('',#6935,#6936,#8375,.T.);
#4978=EDGE_CURVE('',#6889,#6936,#8376,.T.);
#4979=EDGE_CURVE('',#6888,#6592,#8377,.T.);
#4980=EDGE_CURVE('',#6594,#6937,#8378,.T.);
#4981=EDGE_CURVE('',#6937,#6938,#8379,.T.);
#4982=EDGE_CURVE('',#6938,#6939,#8380,.T.);
#4983=EDGE_CURVE('',#6939,#6940,#8381,.T.);
#4984=EDGE_CURVE('',#6940,#6611,#8382,.T.);
#4985=EDGE_CURVE('',#6941,#6610,#8383,.T.);
#4986=EDGE_CURVE('',#6942,#6941,#8384,.T.);
#4987=EDGE_CURVE('',#6942,#6925,#8385,.T.);
#4988=EDGE_CURVE('',#6943,#6944,#8386,.T.);
#4989=EDGE_CURVE('',#6945,#6944,#8387,.T.);
#4990=EDGE_CURVE('',#6946,#6945,#8388,.T.);
#4991=EDGE_CURVE('',#6943,#6946,#8389,.T.);
#4992=EDGE_CURVE('',#6817,#6697,#8390,.T.);
#4993=EDGE_CURVE('',#6816,#6560,#8391,.T.);
#4994=EDGE_CURVE('',#6562,#6698,#8392,.T.);
#4995=EDGE_CURVE('',#6835,#6719,#8393,.T.);
#4996=EDGE_CURVE('',#6834,#6568,#8394,.T.);
#4997=EDGE_CURVE('',#6570,#6720,#8395,.T.);
#4998=EDGE_CURVE('',#6853,#6741,#8396,.T.);
#4999=EDGE_CURVE('',#6852,#6576,#8397,.T.);
#5000=EDGE_CURVE('',#6578,#6742,#8398,.T.);
#5001=EDGE_CURVE('',#6871,#6763,#8399,.T.);
#5002=EDGE_CURVE('',#6870,#6584,#8400,.T.);
#5003=EDGE_CURVE('',#6586,#6764,#8401,.T.);
#5004=EDGE_CURVE('',#6947,#6659,#8402,.T.);
#5005=EDGE_CURVE('',#6948,#6658,#8403,.T.);
#5006=EDGE_CURVE('',#6948,#6947,#8404,.T.);
#5007=EDGE_CURVE('',#6803,#6671,#8405,.T.);
#5008=EDGE_CURVE('',#6804,#6670,#8406,.T.);
#5009=EDGE_CURVE('',#6821,#6693,#8407,.T.);
#5010=EDGE_CURVE('',#6822,#6692,#8408,.T.);
#5011=EDGE_CURVE('',#6839,#6715,#8409,.T.);
#5012=EDGE_CURVE('',#6840,#6714,#8410,.T.);
#5013=EDGE_CURVE('',#6857,#6737,#8411,.T.);
#5014=EDGE_CURVE('',#6858,#6736,#8412,.T.);
#5015=EDGE_CURVE('',#6875,#6759,#8413,.T.);
#5016=EDGE_CURVE('',#6876,#6758,#8414,.T.);
#5017=EDGE_CURVE('',#6893,#6787,#8415,.T.);
#5018=EDGE_CURVE('',#6894,#6786,#8416,.T.);
#5019=EDGE_CURVE('',#6904,#6949,#8417,.T.);
#5020=EDGE_CURVE('',#6950,#6949,#8418,.T.);
#5021=EDGE_CURVE('',#6905,#6950,#8419,.T.);
#5022=EDGE_CURVE('',#6604,#6906,#8420,.T.);
#5023=EDGE_CURVE('',#6605,#6950,#8421,.T.);
#5024=EDGE_CURVE('',#6599,#6895,#8422,.T.);
#5025=EDGE_CURVE('',#6785,#6601,#8423,.T.);
#5026=EDGE_CURVE('',#6644,#6877,#8424,.T.);
#5027=EDGE_CURVE('',#6757,#6645,#8425,.T.);
#5028=EDGE_CURVE('',#6640,#6859,#8426,.T.);
#5029=EDGE_CURVE('',#6735,#6641,#8427,.T.);
#5030=EDGE_CURVE('',#6636,#6841,#8428,.T.);
#5031=EDGE_CURVE('',#6713,#6637,#8429,.T.);
#5032=EDGE_CURVE('',#6632,#6823,#8430,.T.);
#5033=EDGE_CURVE('',#6691,#6633,#8431,.T.);
#5034=EDGE_CURVE('',#6628,#6805,#8432,.T.);
#5035=EDGE_CURVE('',#6669,#6629,#8433,.T.);
#5036=EDGE_CURVE('',#6657,#6625,#8434,.T.);
#5037=EDGE_CURVE('',#6624,#6948,#8435,.T.);
#5038=EDGE_CURVE('',#6622,#6660,#8436,.T.);
#5039=EDGE_CURVE('',#6947,#6623,#8437,.T.);
#5040=EDGE_CURVE('',#6802,#6556,#8438,.T.);
#5041=EDGE_CURVE('',#6558,#6672,#8439,.T.);
#5042=EDGE_CURVE('',#6820,#6564,#8440,.T.);
#5043=EDGE_CURVE('',#6566,#6694,#8441,.T.);
#5044=EDGE_CURVE('',#6838,#6572,#8442,.T.);
#5045=EDGE_CURVE('',#6574,#6716,#8443,.T.);
#5046=EDGE_CURVE('',#6856,#6580,#8444,.T.);
#5047=EDGE_CURVE('',#6582,#6738,#8445,.T.);
#5048=EDGE_CURVE('',#6874,#6588,#8446,.T.);
#5049=EDGE_CURVE('',#6590,#6760,#8447,.T.);
#5050=EDGE_CURVE('',#6892,#6596,#8448,.T.);
#5051=EDGE_CURVE('',#6598,#6788,#8449,.T.);
#5052=EDGE_CURVE('',#6903,#6607,#8450,.T.);
#5053=EDGE_CURVE('',#6949,#6606,#8451,.T.);
#5054=EDGE_CURVE('',#6595,#6891,#8452,.T.);
#5055=EDGE_CURVE('',#6890,#6790,#8453,.T.);
#5056=EDGE_CURVE('',#6789,#6597,#8454,.T.);
#5057=EDGE_CURVE('',#6587,#6873,#8455,.T.);
#5058=EDGE_CURVE('',#6872,#6762,#8456,.T.);
#5059=EDGE_CURVE('',#6761,#6589,#8457,.T.);
#5060=EDGE_CURVE('',#6579,#6855,#8458,.T.);
#5061=EDGE_CURVE('',#6854,#6740,#8459,.T.);
#5062=EDGE_CURVE('',#6739,#6581,#8460,.T.);
#5063=EDGE_CURVE('',#6571,#6837,#8461,.T.);
#5064=EDGE_CURVE('',#6836,#6718,#8462,.T.);
#5065=EDGE_CURVE('',#6717,#6573,#8463,.T.);
#5066=EDGE_CURVE('',#6563,#6819,#8464,.T.);
#5067=EDGE_CURVE('',#6818,#6696,#8465,.T.);
#5068=EDGE_CURVE('',#6695,#6565,#8466,.T.);
#5069=EDGE_CURVE('',#6555,#6801,#8467,.T.);
#5070=EDGE_CURVE('',#6800,#6674,#8468,.T.);
#5071=EDGE_CURVE('',#6673,#6557,#8469,.T.);
#5072=EDGE_CURVE('',#6608,#6902,#8470,.T.);
#5073=EDGE_CURVE('',#6901,#6951,#8471,.T.);
#5074=EDGE_CURVE('',#6609,#6951,#8472,.T.);
#5075=EDGE_CURVE('',#6661,#6621,#8473,.T.);
#5076=EDGE_CURVE('',#6620,#6952,#8474,.T.);
#5077=EDGE_CURVE('',#6952,#6662,#8475,.T.);
#5078=EDGE_CURVE('',#6953,#6504,#8476,.T.);
#5079=EDGE_CURVE('',#6615,#6954,#8477,.T.);
#5080=EDGE_CURVE('',#6954,#6539,#8478,.T.);
#5081=EDGE_CURVE('',#6955,#6546,#8479,.T.);
#5082=EDGE_CURVE('',#6955,#6956,#8480,.T.);
#5083=EDGE_CURVE('',#6956,#6957,#8481,.T.);
#5084=EDGE_CURVE('',#6958,#6957,#8482,.T.);
#5085=EDGE_CURVE('',#6959,#6958,#8483,.T.);
#5086=EDGE_CURVE('',#6959,#6953,#8484,.T.);
#5087=EDGE_CURVE('',#6960,#6540,#8485,.T.);
#5088=EDGE_CURVE('',#6614,#6960,#8486,.T.);
#5089=EDGE_CURVE('',#6961,#6509,#8487,.T.);
#5090=EDGE_CURVE('',#6962,#6961,#8488,.T.);
#5091=EDGE_CURVE('',#6962,#6518,#8489,.T.);
#5092=EDGE_CURVE('',#6963,#6517,#8490,.T.);
#5093=EDGE_CURVE('',#6964,#6963,#8491,.T.);
#5094=EDGE_CURVE('',#6964,#6541,#8492,.T.);
#5095=EDGE_CURVE('',#6965,#6966,#8493,.T.);
#5096=EDGE_CURVE('',#6966,#6799,#8494,.T.);
#5097=EDGE_CURVE('',#6798,#6965,#8495,.T.);
#5098=EDGE_CURVE('',#6663,#6967,#8496,.T.);
#5099=EDGE_CURVE('',#6968,#6967,#8497,.T.);
#5100=EDGE_CURVE('',#6968,#6664,#8498,.T.);
#5101=EDGE_CURVE('',#6969,#6970,#8499,.T.);
#5102=EDGE_CURVE('',#6970,#6900,#8500,.T.);
#5103=EDGE_CURVE('',#6899,#6969,#8501,.T.);
#5104=EDGE_CURVE('',#6791,#6971,#8502,.T.);
#5105=EDGE_CURVE('',#6972,#6971,#8503,.T.);
#5106=EDGE_CURVE('',#6972,#6792,#8504,.T.);
#5107=EDGE_CURVE('',#6971,#6936,#8505,.T.);
#5108=EDGE_CURVE('',#6935,#6972,#8506,.T.);
#5109=EDGE_CURVE('',#6933,#6966,#8507,.T.);
#5110=EDGE_CURVE('',#6965,#6934,#8508,.T.);
#5111=EDGE_CURVE('',#6973,#6974,#8509,.T.);
#5112=EDGE_CURVE('',#6973,#6975,#8510,.T.);
#5113=EDGE_CURVE('',#6976,#6975,#8511,.T.);
#5114=EDGE_CURVE('',#6976,#6977,#8512,.T.);
#5115=EDGE_CURVE('',#6977,#6978,#8513,.T.);
#5116=EDGE_CURVE('',#6978,#6526,#8514,.T.);
#5117=EDGE_CURVE('',#6507,#6979,#8515,.T.);
#5118=EDGE_CURVE('',#6979,#6980,#8516,.T.);
#5119=EDGE_CURVE('',#6980,#6545,#8517,.T.);
#5120=EDGE_CURVE('',#6981,#6544,#8518,.T.);
#5121=EDGE_CURVE('',#6974,#6981,#8519,.T.);
#5122=EDGE_CURVE('',#6982,#6975,#8520,.T.);
#5123=EDGE_CURVE('',#6983,#6982,#8521,.T.);
#5124=EDGE_CURVE('',#6981,#6983,#8522,.T.);
#5125=EDGE_CURVE('',#6543,#6984,#8523,.T.);
#5126=EDGE_CURVE('',#6985,#6984,#8524,.T.);
#5127=EDGE_CURVE('',#6918,#6985,#8525,.T.);
#5128=EDGE_CURVE('',#6917,#6986,#8526,.T.);
#5129=EDGE_CURVE('',#6986,#6987,#8527,.T.);
#5130=EDGE_CURVE('',#6914,#6987,#8528,.T.);
#5131=EDGE_CURVE('',#6913,#6988,#8529,.T.);
#5132=EDGE_CURVE('',#6988,#6976,#8530,.T.);
#5133=EDGE_CURVE('',#6989,#6925,#8531,.T.);
#5134=EDGE_CURVE('',#6990,#6989,#8532,.T.);
#5135=EDGE_CURVE('',#6991,#6990,#8533,.T.);
#5136=EDGE_CURVE('',#6992,#6991,#8534,.T.);
#5137=EDGE_CURVE('',#6993,#6992,#8535,.T.);
#5138=EDGE_CURVE('',#6994,#6993,#8536,.T.);
#5139=EDGE_CURVE('',#6995,#6994,#8537,.T.);
#5140=EDGE_CURVE('',#6996,#6995,#8538,.T.);
#5141=EDGE_CURVE('',#6997,#6996,#8539,.T.);
#5142=EDGE_CURVE('',#6998,#6997,#8540,.T.);
#5143=EDGE_CURVE('',#6926,#6998,#8541,.T.);
#5144=EDGE_CURVE('',#6536,#6530,#8542,.T.);
#5145=EDGE_CURVE('',#6984,#6535,#8543,.T.);
#5146=EDGE_CURVE('',#6520,#6542,#8544,.T.);
#5147=EDGE_CURVE('',#6513,#6519,#8545,.T.);
#5148=EDGE_CURVE('',#6928,#6968,#8546,.T.);
#5149=EDGE_CURVE('',#6952,#6967,#8547,.T.);
#5150=EDGE_CURVE('',#6951,#6970,#8548,.T.);
#5151=EDGE_CURVE('',#6969,#6941,#8549,.T.);
#5152=EDGE_CURVE('',#6999,#7000,#8550,.T.);
#5153=EDGE_CURVE('',#6987,#6999,#8551,.T.);
#5154=EDGE_CURVE('',#7000,#6986,#8552,.T.);
#5155=EDGE_CURVE('',#7001,#7002,#8553,.T.);
#5156=EDGE_CURVE('',#7001,#6989,#8554,.T.);
#5157=EDGE_CURVE('',#7003,#6942,#8555,.T.);
#5158=EDGE_CURVE('',#7003,#6993,#8556,.T.);
#5159=EDGE_CURVE('',#6992,#7002,#8557,.T.);
#5160=EDGE_CURVE('',#6998,#7004,#8558,.T.);
#5161=EDGE_CURVE('',#7005,#7004,#8559,.T.);
#5162=EDGE_CURVE('',#7005,#6995,#8560,.T.);
#5163=EDGE_CURVE('',#7006,#6994,#8561,.T.);
#5164=EDGE_CURVE('',#6927,#7006,#8562,.T.);
#5165=EDGE_CURVE('',#7006,#7003,#8563,.T.);
#5166=EDGE_CURVE('',#7004,#7007,#8564,.T.);
#5167=EDGE_CURVE('',#7007,#7008,#8565,.T.);
#5168=EDGE_CURVE('',#7008,#7005,#8566,.T.);
#5169=EDGE_CURVE('',#7008,#6996,#8567,.T.);
#5170=EDGE_CURVE('',#7007,#6997,#8568,.T.);
#5171=EDGE_CURVE('',#7009,#7001,#8569,.T.);
#5172=EDGE_CURVE('',#7009,#6990,#8570,.T.);
#5173=EDGE_CURVE('',#7010,#6991,#8571,.T.);
#5174=EDGE_CURVE('',#7002,#7010,#8572,.T.);
#5175=EDGE_CURVE('',#7010,#7009,#8573,.T.);
#5176=EDGE_CURVE('',#6915,#6999,#8574,.T.);
#5177=EDGE_CURVE('',#6916,#7000,#8575,.T.);
#5178=EDGE_CURVE('',#6988,#7011,#8576,.T.);
#5179=EDGE_CURVE('',#6523,#7012,#8577,.T.);
#5180=EDGE_CURVE('',#7012,#7013,#8578,.T.);
#5181=EDGE_CURVE('',#7014,#7013,#8579,.T.);
#5182=EDGE_CURVE('',#7015,#7014,#8580,.T.);
#5183=EDGE_CURVE('',#7015,#7016,#8581,.T.);
#5184=EDGE_CURVE('',#7016,#7011,#8582,.T.);
#5185=EDGE_CURVE('',#7017,#7011,#8583,.T.);
#5186=EDGE_CURVE('',#7017,#7018,#8584,.T.);
#5187=EDGE_CURVE('',#7018,#6977,#8585,.T.);
#5188=EDGE_CURVE('',#7019,#7018,#8586,.T.);
#5189=EDGE_CURVE('',#7019,#7015,#8587,.T.);
#5190=EDGE_CURVE('',#7014,#6978,#8588,.T.);
#5191=EDGE_CURVE('',#7020,#7013,#8589,.T.);
#5192=EDGE_CURVE('',#7020,#6522,#8590,.T.);
#5193=EDGE_CURVE('',#7021,#6980,#8591,.T.);
#5194=EDGE_CURVE('',#7021,#7022,#8592,.T.);
#5195=EDGE_CURVE('',#7022,#6955,#8593,.T.);
#5196=EDGE_CURVE('',#7021,#7023,#8594,.T.);
#5197=EDGE_CURVE('',#6958,#6979,#8595,.T.);
#5198=EDGE_CURVE('',#7023,#6957,#8596,.T.);
#5199=EDGE_CURVE('',#6506,#7024,#8597,.T.);
#5200=EDGE_CURVE('',#7024,#6959,#8598,.T.);
#5201=EDGE_CURVE('',#6962,#7025,#8599,.T.);
#5202=EDGE_CURVE('',#6514,#7025,#8600,.T.);
#5203=EDGE_CURVE('',#6964,#7026,#8601,.T.);
#5204=EDGE_CURVE('',#6516,#7026,#8602,.T.);
#5205=EDGE_CURVE('',#7027,#6529,#8603,.T.);
#5206=EDGE_CURVE('',#7028,#7027,#8604,.T.);
#5207=EDGE_CURVE('',#6537,#7028,#8605,.T.);
#5208=EDGE_CURVE('',#7029,#6533,#8606,.T.);
#5209=EDGE_CURVE('',#7030,#7029,#8607,.T.);
#5210=EDGE_CURVE('',#6985,#7030,#8608,.T.);
#5211=EDGE_CURVE('',#7031,#7028,#8609,.T.);
#5212=EDGE_CURVE('',#6528,#7031,#8610,.T.);
#5213=EDGE_CURVE('',#7032,#7030,#8611,.T.);
#5214=EDGE_CURVE('',#6538,#7032,#8612,.T.);
#5215=EDGE_CURVE('',#6954,#6960,#8613,.T.);
#5216=EDGE_CURVE('',#6626,#6656,#8614,.T.);
#5217=EDGE_CURVE('',#6806,#6627,#8615,.T.);
#5218=EDGE_CURVE('',#6655,#6794,#8616,.T.);
#5219=EDGE_CURVE('',#6630,#6668,#8617,.T.);
#5220=EDGE_CURVE('',#6824,#6631,#8618,.T.);
#5221=EDGE_CURVE('',#6667,#6808,#8619,.T.);
#5222=EDGE_CURVE('',#6634,#6690,#8620,.T.);
#5223=EDGE_CURVE('',#6842,#6635,#8621,.T.);
#5224=EDGE_CURVE('',#6689,#6826,#8622,.T.);
#5225=EDGE_CURVE('',#6638,#6712,#8623,.T.);
#5226=EDGE_CURVE('',#6860,#6639,#8624,.T.);
#5227=EDGE_CURVE('',#6711,#6844,#8625,.T.);
#5228=EDGE_CURVE('',#6642,#6734,#8626,.T.);
#5229=EDGE_CURVE('',#6878,#6643,#8627,.T.);
#5230=EDGE_CURVE('',#6733,#6862,#8628,.T.);
#5231=EDGE_CURVE('',#6646,#6756,#8629,.T.);
#5232=EDGE_CURVE('',#6896,#6600,#8630,.T.);
#5233=EDGE_CURVE('',#6755,#6880,#8631,.T.);
#5234=EDGE_CURVE('',#6602,#6784,#8632,.T.);
#5235=EDGE_CURVE('',#6907,#6603,#8633,.T.);
#5236=EDGE_CURVE('',#6783,#6908,#8634,.T.);
#5237=EDGE_CURVE('',#6919,#6940,#8635,.T.);
#5238=EDGE_CURVE('',#6920,#6939,#8636,.T.);
#5239=EDGE_CURVE('',#6921,#6938,#8637,.T.);
#5240=EDGE_CURVE('',#6922,#6937,#8638,.T.);
#5241=EDGE_CURVE('',#6923,#6932,#8639,.T.);
#5242=EDGE_CURVE('',#6924,#6931,#8640,.T.);
#5243=EDGE_CURVE('',#6912,#6929,#8641,.T.);
#5244=EDGE_CURVE('',#6911,#6930,#8642,.T.);
#5245=EDGE_CURVE('',#7033,#6549,#8643,.T.);
#5246=EDGE_CURVE('',#7034,#6547,#8644,.T.);
#5247=EDGE_CURVE('',#7034,#7033,#8645,.T.);
#5248=EDGE_CURVE('',#6550,#7035,#8646,.T.);
#5249=EDGE_CURVE('',#7036,#7035,#8647,.T.);
#5250=EDGE_CURVE('',#6548,#7036,#8648,.T.);
#5251=EDGE_CURVE('',#7035,#7033,#8649,.T.);
#5252=EDGE_CURVE('',#7036,#7034,#8650,.T.);
#5253=EDGE_CURVE('',#7037,#7029,#8651,.T.);
#5254=EDGE_CURVE('',#7032,#7037,#8652,.T.);
#5255=EDGE_CURVE('',#6534,#7037,#8653,.T.);
#5256=EDGE_CURVE('',#6527,#7038,#8654,.T.);
#5257=EDGE_CURVE('',#7038,#7027,#8655,.T.);
#5258=EDGE_CURVE('',#7031,#7038,#8656,.T.);
#5259=EDGE_CURVE('',#7039,#7016,#8657,.T.);
#5260=EDGE_CURVE('',#7039,#7017,#8658,.T.);
#5261=EDGE_CURVE('',#7019,#7039,#8659,.T.);
#5262=EDGE_CURVE('',#7040,#7020,#8660,.T.);
#5263=EDGE_CURVE('',#6521,#7040,#8661,.T.);
#5264=EDGE_CURVE('',#7040,#7012,#8662,.T.);
#5265=EDGE_CURVE('',#7026,#7041,#8663,.T.);
#5266=EDGE_CURVE('',#6963,#7041,#8664,.T.);
#5267=EDGE_CURVE('',#7041,#6515,#8665,.T.);
#5268=EDGE_CURVE('',#7042,#6510,#8666,.T.);
#5269=EDGE_CURVE('',#6961,#7042,#8667,.T.);
#5270=EDGE_CURVE('',#7025,#7042,#8668,.T.);
#5271=EDGE_CURVE('',#7024,#7043,#8669,.T.);
#5272=EDGE_CURVE('',#7043,#6953,#8670,.T.);
#5273=EDGE_CURVE('',#7043,#6505,#8671,.T.);
#5274=EDGE_CURVE('',#7044,#7023,#8672,.T.);
#5275=EDGE_CURVE('',#7022,#7044,#8673,.T.);
#5276=EDGE_CURVE('',#7044,#6956,#8674,.T.);
#5277=EDGE_CURVE('',#7045,#6982,#8675,.T.);
#5278=EDGE_CURVE('',#7046,#7045,#8676,.T.);
#5279=EDGE_CURVE('',#7046,#6983,#8677,.T.);
#5280=EDGE_CURVE('',#7045,#6973,#8678,.T.);
#5281=EDGE_CURVE('',#6974,#7046,#8679,.T.);
#5282=EDGE_CURVE('',#7047,#7048,#8680,.T.);
#5283=EDGE_CURVE('',#7048,#6944,#8681,.T.);
#5284=EDGE_CURVE('',#7047,#6943,#8682,.T.);
#5285=EDGE_CURVE('',#6945,#7049,#8683,.T.);
#5286=EDGE_CURVE('',#7050,#7049,#8684,.T.);
#5287=EDGE_CURVE('',#6946,#7050,#8685,.T.);
#5288=EDGE_CURVE('',#7049,#7051,#8686,.T.);
#5289=EDGE_CURVE('',#7052,#7051,#8687,.T.);
#5290=EDGE_CURVE('',#7050,#7052,#8688,.T.);
#5291=EDGE_CURVE('',#7051,#7048,#48,.T.);
#5292=EDGE_CURVE('',#7052,#7047,#49,.T.);
#5293=EDGE_CURVE('',#7053,#7054,#8689,.T.);
#5294=EDGE_CURVE('',#7053,#7055,#8690,.T.);
#5295=EDGE_CURVE('',#7056,#7055,#8691,.T.);
#5296=EDGE_CURVE('',#7054,#7056,#8692,.T.);
#5297=EDGE_CURVE('',#7057,#7058,#8693,.T.);
#5298=EDGE_CURVE('',#7057,#7059,#8694,.T.);
#5299=EDGE_CURVE('',#7060,#7059,#8695,.T.);
#5300=EDGE_CURVE('',#7060,#7058,#8696,.T.);
#5301=EDGE_CURVE('',#7061,#7062,#8697,.T.);
#5302=EDGE_CURVE('',#7061,#7063,#8698,.T.);
#5303=EDGE_CURVE('',#7064,#7063,#8699,.T.);
#5304=EDGE_CURVE('',#7064,#7062,#8700,.T.);
#5305=EDGE_CURVE('',#7065,#7066,#8701,.T.);
#5306=EDGE_CURVE('',#7065,#7067,#8702,.T.);
#5307=EDGE_CURVE('',#7068,#7067,#8703,.T.);
#5308=EDGE_CURVE('',#7068,#7066,#8704,.T.);
#5309=EDGE_CURVE('',#7069,#7070,#8705,.T.);
#5310=EDGE_CURVE('',#7069,#7071,#8706,.T.);
#5311=EDGE_CURVE('',#7072,#7071,#8707,.T.);
#5312=EDGE_CURVE('',#7072,#7070,#8708,.T.);
#5313=EDGE_CURVE('',#7073,#7074,#8709,.T.);
#5314=EDGE_CURVE('',#7073,#7075,#8710,.T.);
#5315=EDGE_CURVE('',#7076,#7075,#8711,.T.);
#5316=EDGE_CURVE('',#7076,#7074,#8712,.T.);
#5317=EDGE_CURVE('',#7077,#7078,#8713,.T.);
#5318=EDGE_CURVE('',#7077,#7079,#8714,.T.);
#5319=EDGE_CURVE('',#7079,#7080,#8715,.T.);
#5320=EDGE_CURVE('',#7080,#7078,#8716,.T.);
#5321=EDGE_CURVE('',#7081,#7082,#8717,.T.);
#5322=EDGE_CURVE('',#7081,#7083,#8718,.T.);
#5323=EDGE_CURVE('',#7083,#7084,#8719,.T.);
#5324=EDGE_CURVE('',#7084,#7082,#8720,.T.);
#5325=EDGE_CURVE('',#7085,#7086,#8721,.T.);
#5326=EDGE_CURVE('',#7085,#7087,#8722,.T.);
#5327=EDGE_CURVE('',#7087,#7088,#8723,.T.);
#5328=EDGE_CURVE('',#7088,#7086,#8724,.T.);
#5329=EDGE_CURVE('',#7089,#7090,#8725,.T.);
#5330=EDGE_CURVE('',#7089,#7091,#8726,.T.);
#5331=EDGE_CURVE('',#7091,#7092,#8727,.T.);
#5332=EDGE_CURVE('',#7092,#7090,#8728,.T.);
#5333=EDGE_CURVE('',#7093,#7094,#8729,.T.);
#5334=EDGE_CURVE('',#7093,#7095,#8730,.T.);
#5335=EDGE_CURVE('',#7095,#7096,#8731,.T.);
#5336=EDGE_CURVE('',#7096,#7094,#8732,.T.);
#5337=EDGE_CURVE('',#7097,#7098,#8733,.T.);
#5338=EDGE_CURVE('',#7097,#7099,#8734,.T.);
#5339=EDGE_CURVE('',#7099,#7100,#8735,.T.);
#5340=EDGE_CURVE('',#7100,#7098,#8736,.T.);
#5341=EDGE_CURVE('',#7078,#7101,#8737,.T.);
#5342=EDGE_CURVE('',#7102,#7080,#8738,.T.);
#5343=EDGE_CURVE('',#7103,#7102,#8739,.T.);
#5344=EDGE_CURVE('',#7103,#7104,#50,.T.);
#5345=EDGE_CURVE('',#7105,#7104,#8740,.T.);
#5346=EDGE_CURVE('',#7105,#7106,#51,.T.);
#5347=EDGE_CURVE('',#7107,#7106,#8741,.T.);
#5348=EDGE_CURVE('',#7108,#7107,#8742,.T.);
#5349=EDGE_CURVE('',#7109,#7108,#8743,.T.);
#5350=EDGE_CURVE('',#7109,#7110,#52,.T.);
#5351=EDGE_CURVE('',#7111,#7110,#8744,.T.);
#5352=EDGE_CURVE('',#7111,#7112,#53,.T.);
#5353=EDGE_CURVE('',#7113,#7112,#8745,.T.);
#5354=EDGE_CURVE('',#7114,#7113,#8746,.T.);
#5355=EDGE_CURVE('',#7115,#7114,#8747,.T.);
#5356=EDGE_CURVE('',#7115,#7116,#54,.F.);
#5357=EDGE_CURVE('',#7117,#7116,#8748,.T.);
#5358=EDGE_CURVE('',#7101,#7117,#8749,.T.);
#5359=EDGE_CURVE('',#7101,#7118,#8750,.T.);
#5360=EDGE_CURVE('',#7119,#7117,#8751,.T.);
#5361=EDGE_CURVE('',#7119,#7118,#8752,.T.);
#5362=EDGE_CURVE('',#7120,#7121,#8753,.T.);
#5363=EDGE_CURVE('',#7122,#7120,#8754,.T.);
#5364=EDGE_CURVE('',#7122,#7123,#8755,.T.);
#5365=EDGE_CURVE('',#7123,#7121,#8756,.T.);
#5366=EDGE_CURVE('',#7120,#7054,#8757,.T.);
#5367=EDGE_CURVE('',#7056,#7124,#8758,.T.);
#5368=EDGE_CURVE('',#7124,#7125,#55,.T.);
#5369=EDGE_CURVE('',#7125,#7126,#8759,.T.);
#5370=EDGE_CURVE('',#7126,#7127,#8760,.T.);
#5371=EDGE_CURVE('',#7127,#7128,#8761,.T.);
#5372=EDGE_CURVE('',#7129,#7128,#56,.T.);
#5373=EDGE_CURVE('',#7129,#7130,#8762,.T.);
#5374=EDGE_CURVE('',#7131,#7130,#57,.T.);
#5375=EDGE_CURVE('',#7131,#7132,#8763,.T.);
#5376=EDGE_CURVE('',#7132,#7133,#8764,.T.);
#5377=EDGE_CURVE('',#7133,#7134,#8765,.T.);
#5378=EDGE_CURVE('',#7135,#7134,#58,.T.);
#5379=EDGE_CURVE('',#7135,#7136,#8766,.T.);
#5380=EDGE_CURVE('',#7137,#7136,#59,.T.);
#5381=EDGE_CURVE('',#7137,#7138,#8767,.T.);
#5382=EDGE_CURVE('',#7138,#7122,#8768,.T.);
#5383=EDGE_CURVE('',#7139,#7073,#8769,.T.);
#5384=EDGE_CURVE('',#7139,#7140,#8770,.T.);
#5385=EDGE_CURVE('',#7141,#7140,#8771,.T.);
#5386=EDGE_CURVE('',#7142,#7141,#8772,.T.);
#5387=EDGE_CURVE('',#7142,#7143,#60,.T.);
#5388=EDGE_CURVE('',#7144,#7143,#8773,.T.);
#5389=EDGE_CURVE('',#7144,#7145,#61,.T.);
#5390=EDGE_CURVE('',#7146,#7145,#8774,.T.);
#5391=EDGE_CURVE('',#7147,#7146,#8775,.T.);
#5392=EDGE_CURVE('',#7148,#7147,#8776,.T.);
#5393=EDGE_CURVE('',#7149,#7148,#62,.T.);
#5394=EDGE_CURVE('',#7075,#7149,#8777,.T.);
#5395=EDGE_CURVE('',#7118,#7150,#8778,.T.);
#5396=EDGE_CURVE('',#7151,#7119,#8779,.T.);
#5397=EDGE_CURVE('',#7152,#7151,#63,.T.);
#5398=EDGE_CURVE('',#7153,#7152,#8780,.T.);
#5399=EDGE_CURVE('',#7154,#7153,#8781,.T.);
#5400=EDGE_CURVE('',#7155,#7154,#8782,.T.);
#5401=EDGE_CURVE('',#7155,#7156,#64,.T.);
#5402=EDGE_CURVE('',#7157,#7156,#8783,.T.);
#5403=EDGE_CURVE('',#7157,#7158,#65,.T.);
#5404=EDGE_CURVE('',#7159,#7158,#8784,.T.);
#5405=EDGE_CURVE('',#7160,#7159,#8785,.T.);
#5406=EDGE_CURVE('',#7150,#7160,#8786,.T.);
#5407=EDGE_CURVE('',#7150,#7139,#8787,.T.);
#5408=EDGE_CURVE('',#7140,#7160,#8788,.T.);
#5409=EDGE_CURVE('',#7161,#7069,#8789,.T.);
#5410=EDGE_CURVE('',#7161,#7162,#8790,.T.);
#5411=EDGE_CURVE('',#7163,#7162,#8791,.T.);
#5412=EDGE_CURVE('',#7164,#7163,#8792,.T.);
#5413=EDGE_CURVE('',#7164,#7165,#66,.T.);
#5414=EDGE_CURVE('',#7166,#7165,#8793,.T.);
#5415=EDGE_CURVE('',#7166,#7167,#67,.T.);
#5416=EDGE_CURVE('',#7168,#7167,#8794,.T.);
#5417=EDGE_CURVE('',#7169,#7168,#8795,.T.);
#5418=EDGE_CURVE('',#7170,#7169,#8796,.T.);
#5419=EDGE_CURVE('',#7171,#7170,#68,.T.);
#5420=EDGE_CURVE('',#7071,#7171,#8797,.T.);
#5421=EDGE_CURVE('',#7074,#7172,#8798,.T.);
#5422=EDGE_CURVE('',#7173,#7076,#8799,.T.);
#5423=EDGE_CURVE('',#7174,#7173,#69,.T.);
#5424=EDGE_CURVE('',#7175,#7174,#8800,.T.);
#5425=EDGE_CURVE('',#7176,#7175,#8801,.T.);
#5426=EDGE_CURVE('',#7177,#7176,#8802,.T.);
#5427=EDGE_CURVE('',#7177,#7178,#70,.T.);
#5428=EDGE_CURVE('',#7179,#7178,#8803,.T.);
#5429=EDGE_CURVE('',#7179,#7180,#71,.T.);
#5430=EDGE_CURVE('',#7181,#7180,#8804,.T.);
#5431=EDGE_CURVE('',#7182,#7181,#8805,.T.);
#5432=EDGE_CURVE('',#7172,#7182,#8806,.T.);
#5433=EDGE_CURVE('',#7172,#7161,#8807,.T.);
#5434=EDGE_CURVE('',#7162,#7182,#8808,.T.);
#5435=EDGE_CURVE('',#7183,#7065,#8809,.T.);
#5436=EDGE_CURVE('',#7183,#7184,#8810,.T.);
#5437=EDGE_CURVE('',#7185,#7184,#8811,.T.);
#5438=EDGE_CURVE('',#7186,#7185,#8812,.T.);
#5439=EDGE_CURVE('',#7186,#7187,#72,.T.);
#5440=EDGE_CURVE('',#7188,#7187,#8813,.T.);
#5441=EDGE_CURVE('',#7188,#7189,#73,.T.);
#5442=EDGE_CURVE('',#7190,#7189,#8814,.T.);
#5443=EDGE_CURVE('',#7191,#7190,#8815,.T.);
#5444=EDGE_CURVE('',#7192,#7191,#8816,.T.);
#5445=EDGE_CURVE('',#7193,#7192,#74,.T.);
#5446=EDGE_CURVE('',#7067,#7193,#8817,.T.);
#5447=EDGE_CURVE('',#7070,#7194,#8818,.T.);
#5448=EDGE_CURVE('',#7195,#7072,#8819,.T.);
#5449=EDGE_CURVE('',#7196,#7195,#75,.T.);
#5450=EDGE_CURVE('',#7197,#7196,#8820,.T.);
#5451=EDGE_CURVE('',#7198,#7197,#8821,.T.);
#5452=EDGE_CURVE('',#7199,#7198,#8822,.T.);
#5453=EDGE_CURVE('',#7199,#7200,#76,.T.);
#5454=EDGE_CURVE('',#7201,#7200,#8823,.T.);
#5455=EDGE_CURVE('',#7201,#7202,#77,.T.);
#5456=EDGE_CURVE('',#7203,#7202,#8824,.T.);
#5457=EDGE_CURVE('',#7204,#7203,#8825,.T.);
#5458=EDGE_CURVE('',#7194,#7204,#8826,.T.);
#5459=EDGE_CURVE('',#7194,#7183,#8827,.T.);
#5460=EDGE_CURVE('',#7184,#7204,#8828,.T.);
#5461=EDGE_CURVE('',#7205,#7061,#8829,.T.);
#5462=EDGE_CURVE('',#7205,#7206,#8830,.T.);
#5463=EDGE_CURVE('',#7207,#7206,#8831,.T.);
#5464=EDGE_CURVE('',#7208,#7207,#8832,.T.);
#5465=EDGE_CURVE('',#7208,#7209,#78,.T.);
#5466=EDGE_CURVE('',#7210,#7209,#8833,.T.);
#5467=EDGE_CURVE('',#7210,#7211,#79,.T.);
#5468=EDGE_CURVE('',#7212,#7211,#8834,.T.);
#5469=EDGE_CURVE('',#7213,#7212,#8835,.T.);
#5470=EDGE_CURVE('',#7214,#7213,#8836,.T.);
#5471=EDGE_CURVE('',#7215,#7214,#80,.T.);
#5472=EDGE_CURVE('',#7063,#7215,#8837,.T.);
#5473=EDGE_CURVE('',#7066,#7216,#8838,.T.);
#5474=EDGE_CURVE('',#7217,#7068,#8839,.T.);
#5475=EDGE_CURVE('',#7218,#7217,#81,.T.);
#5476=EDGE_CURVE('',#7219,#7218,#8840,.T.);
#5477=EDGE_CURVE('',#7220,#7219,#8841,.T.);
#5478=EDGE_CURVE('',#7221,#7220,#8842,.T.);
#5479=EDGE_CURVE('',#7221,#7222,#82,.T.);
#5480=EDGE_CURVE('',#7223,#7222,#8843,.T.);
#5481=EDGE_CURVE('',#7223,#7224,#83,.T.);
#5482=EDGE_CURVE('',#7225,#7224,#8844,.T.);
#5483=EDGE_CURVE('',#7226,#7225,#8845,.T.);
#5484=EDGE_CURVE('',#7216,#7226,#8846,.T.);
#5485=EDGE_CURVE('',#7216,#7205,#8847,.T.);
#5486=EDGE_CURVE('',#7206,#7226,#8848,.T.);
#5487=EDGE_CURVE('',#7227,#7057,#8849,.T.);
#5488=EDGE_CURVE('',#7227,#7228,#8850,.T.);
#5489=EDGE_CURVE('',#7229,#7228,#8851,.T.);
#5490=EDGE_CURVE('',#7230,#7229,#8852,.T.);
#5491=EDGE_CURVE('',#7230,#7231,#84,.T.);
#5492=EDGE_CURVE('',#7232,#7231,#8853,.T.);
#5493=EDGE_CURVE('',#7232,#7233,#85,.T.);
#5494=EDGE_CURVE('',#7234,#7233,#8854,.T.);
#5495=EDGE_CURVE('',#7235,#7234,#8855,.T.);
#5496=EDGE_CURVE('',#7236,#7235,#8856,.T.);
#5497=EDGE_CURVE('',#7237,#7236,#86,.T.);
#5498=EDGE_CURVE('',#7059,#7237,#8857,.T.);
#5499=EDGE_CURVE('',#7062,#7238,#8858,.T.);
#5500=EDGE_CURVE('',#7239,#7064,#8859,.T.);
#5501=EDGE_CURVE('',#7240,#7239,#87,.T.);
#5502=EDGE_CURVE('',#7241,#7240,#8860,.T.);
#5503=EDGE_CURVE('',#7242,#7241,#8861,.T.);
#5504=EDGE_CURVE('',#7243,#7242,#8862,.T.);
#5505=EDGE_CURVE('',#7243,#7244,#88,.T.);
#5506=EDGE_CURVE('',#7245,#7244,#8863,.T.);
#5507=EDGE_CURVE('',#7245,#7246,#89,.T.);
#5508=EDGE_CURVE('',#7247,#7246,#8864,.T.);
#5509=EDGE_CURVE('',#7248,#7247,#8865,.T.);
#5510=EDGE_CURVE('',#7238,#7248,#8866,.T.);
#5511=EDGE_CURVE('',#7238,#7227,#8867,.T.);
#5512=EDGE_CURVE('',#7228,#7248,#8868,.T.);
#5513=EDGE_CURVE('',#7249,#7053,#8869,.T.);
#5514=EDGE_CURVE('',#7249,#7250,#8870,.T.);
#5515=EDGE_CURVE('',#7251,#7250,#8871,.T.);
#5516=EDGE_CURVE('',#7252,#7251,#8872,.T.);
#5517=EDGE_CURVE('',#7252,#7253,#90,.T.);
#5518=EDGE_CURVE('',#7254,#7253,#8873,.T.);
#5519=EDGE_CURVE('',#7254,#7255,#91,.T.);
#5520=EDGE_CURVE('',#7256,#7255,#8874,.T.);
#5521=EDGE_CURVE('',#7257,#7256,#8875,.T.);
#5522=EDGE_CURVE('',#7258,#7257,#8876,.T.);
#5523=EDGE_CURVE('',#7259,#7258,#92,.T.);
#5524=EDGE_CURVE('',#7055,#7259,#8877,.T.);
#5525=EDGE_CURVE('',#7058,#7260,#8878,.T.);
#5526=EDGE_CURVE('',#7261,#7060,#8879,.T.);
#5527=EDGE_CURVE('',#7262,#7261,#93,.T.);
#5528=EDGE_CURVE('',#7263,#7262,#8880,.T.);
#5529=EDGE_CURVE('',#7264,#7263,#8881,.T.);
#5530=EDGE_CURVE('',#7265,#7264,#8882,.T.);
#5531=EDGE_CURVE('',#7265,#7266,#94,.T.);
#5532=EDGE_CURVE('',#7267,#7266,#8883,.T.);
#5533=EDGE_CURVE('',#7267,#7268,#95,.T.);
#5534=EDGE_CURVE('',#7269,#7268,#8884,.T.);
#5535=EDGE_CURVE('',#7270,#7269,#8885,.T.);
#5536=EDGE_CURVE('',#7260,#7270,#8886,.T.);
#5537=EDGE_CURVE('',#7260,#7249,#8887,.T.);
#5538=EDGE_CURVE('',#7250,#7270,#8888,.T.);
#5539=EDGE_CURVE('',#7121,#7271,#8889,.T.);
#5540=EDGE_CURVE('',#7272,#7123,#8890,.T.);
#5541=EDGE_CURVE('',#7273,#7272,#8891,.T.);
#5542=EDGE_CURVE('',#7273,#7274,#96,.T.);
#5543=EDGE_CURVE('',#7275,#7274,#8892,.T.);
#5544=EDGE_CURVE('',#7275,#7276,#97,.T.);
#5545=EDGE_CURVE('',#7277,#7276,#8893,.T.);
#5546=EDGE_CURVE('',#7278,#7277,#8894,.T.);
#5547=EDGE_CURVE('',#7271,#7278,#8895,.T.);
#5548=EDGE_CURVE('',#7271,#7279,#8896,.T.);
#5549=EDGE_CURVE('',#7280,#7278,#8897,.T.);
#5550=EDGE_CURVE('',#7279,#7280,#8898,.T.);
#5551=EDGE_CURVE('',#7279,#7097,#8899,.T.);
#5552=EDGE_CURVE('',#7281,#7280,#8900,.T.);
#5553=EDGE_CURVE('',#7282,#7281,#8901,.T.);
#5554=EDGE_CURVE('',#7282,#7283,#98,.T.);
#5555=EDGE_CURVE('',#7284,#7283,#8902,.T.);
#5556=EDGE_CURVE('',#7284,#7285,#99,.T.);
#5557=EDGE_CURVE('',#7286,#7285,#8903,.T.);
#5558=EDGE_CURVE('',#7099,#7286,#8904,.T.);
#5559=EDGE_CURVE('',#7098,#7287,#8905,.T.);
#5560=EDGE_CURVE('',#7288,#7100,#8906,.T.);
#5561=EDGE_CURVE('',#7289,#7288,#8907,.T.);
#5562=EDGE_CURVE('',#7289,#7290,#100,.T.);
#5563=EDGE_CURVE('',#7291,#7290,#8908,.T.);
#5564=EDGE_CURVE('',#7291,#7292,#101,.T.);
#5565=EDGE_CURVE('',#7293,#7292,#8909,.T.);
#5566=EDGE_CURVE('',#7294,#7293,#8910,.T.);
#5567=EDGE_CURVE('',#7287,#7294,#8911,.T.);
#5568=EDGE_CURVE('',#7287,#7295,#8912,.T.);
#5569=EDGE_CURVE('',#7296,#7294,#8913,.T.);
#5570=EDGE_CURVE('',#7295,#7296,#8914,.T.);
#5571=EDGE_CURVE('',#7295,#7093,#8915,.T.);
#5572=EDGE_CURVE('',#7297,#7296,#8916,.T.);
#5573=EDGE_CURVE('',#7298,#7297,#8917,.T.);
#5574=EDGE_CURVE('',#7298,#7299,#102,.T.);
#5575=EDGE_CURVE('',#7300,#7299,#8918,.T.);
#5576=EDGE_CURVE('',#7300,#7301,#103,.T.);
#5577=EDGE_CURVE('',#7302,#7301,#8919,.T.);
#5578=EDGE_CURVE('',#7095,#7302,#8920,.T.);
#5579=EDGE_CURVE('',#7094,#7303,#8921,.T.);
#5580=EDGE_CURVE('',#7304,#7096,#8922,.T.);
#5581=EDGE_CURVE('',#7305,#7304,#8923,.T.);
#5582=EDGE_CURVE('',#7305,#7306,#104,.T.);
#5583=EDGE_CURVE('',#7307,#7306,#8924,.T.);
#5584=EDGE_CURVE('',#7307,#7308,#105,.T.);
#5585=EDGE_CURVE('',#7309,#7308,#8925,.T.);
#5586=EDGE_CURVE('',#7310,#7309,#8926,.T.);
#5587=EDGE_CURVE('',#7303,#7310,#8927,.T.);
#5588=EDGE_CURVE('',#7303,#7311,#8928,.T.);
#5589=EDGE_CURVE('',#7312,#7310,#8929,.T.);
#5590=EDGE_CURVE('',#7311,#7312,#8930,.T.);
#5591=EDGE_CURVE('',#7311,#7089,#8931,.T.);
#5592=EDGE_CURVE('',#7313,#7312,#8932,.T.);
#5593=EDGE_CURVE('',#7314,#7313,#8933,.T.);
#5594=EDGE_CURVE('',#7314,#7315,#106,.T.);
#5595=EDGE_CURVE('',#7316,#7315,#8934,.T.);
#5596=EDGE_CURVE('',#7316,#7317,#107,.T.);
#5597=EDGE_CURVE('',#7318,#7317,#8935,.T.);
#5598=EDGE_CURVE('',#7091,#7318,#8936,.T.);
#5599=EDGE_CURVE('',#7090,#7319,#8937,.T.);
#5600=EDGE_CURVE('',#7320,#7092,#8938,.T.);
#5601=EDGE_CURVE('',#7321,#7320,#8939,.T.);
#5602=EDGE_CURVE('',#7321,#7322,#108,.T.);
#5603=EDGE_CURVE('',#7323,#7322,#8940,.T.);
#5604=EDGE_CURVE('',#7323,#7324,#109,.T.);
#5605=EDGE_CURVE('',#7325,#7324,#8941,.T.);
#5606=EDGE_CURVE('',#7326,#7325,#8942,.T.);
#5607=EDGE_CURVE('',#7319,#7326,#8943,.T.);
#5608=EDGE_CURVE('',#7319,#7327,#8944,.T.);
#5609=EDGE_CURVE('',#7328,#7326,#8945,.T.);
#5610=EDGE_CURVE('',#7327,#7328,#8946,.T.);
#5611=EDGE_CURVE('',#7327,#7085,#8947,.T.);
#5612=EDGE_CURVE('',#7329,#7328,#8948,.T.);
#5613=EDGE_CURVE('',#7330,#7329,#8949,.T.);
#5614=EDGE_CURVE('',#7330,#7331,#110,.T.);
#5615=EDGE_CURVE('',#7332,#7331,#8950,.T.);
#5616=EDGE_CURVE('',#7332,#7333,#111,.T.);
#5617=EDGE_CURVE('',#7334,#7333,#8951,.T.);
#5618=EDGE_CURVE('',#7087,#7334,#8952,.T.);
#5619=EDGE_CURVE('',#7086,#7335,#8953,.T.);
#5620=EDGE_CURVE('',#7336,#7088,#8954,.T.);
#5621=EDGE_CURVE('',#7337,#7336,#8955,.T.);
#5622=EDGE_CURVE('',#7337,#7338,#112,.T.);
#5623=EDGE_CURVE('',#7339,#7338,#8956,.T.);
#5624=EDGE_CURVE('',#7339,#7340,#113,.T.);
#5625=EDGE_CURVE('',#7341,#7340,#8957,.T.);
#5626=EDGE_CURVE('',#7342,#7341,#8958,.T.);
#5627=EDGE_CURVE('',#7335,#7342,#8959,.T.);
#5628=EDGE_CURVE('',#7335,#7343,#8960,.T.);
#5629=EDGE_CURVE('',#7344,#7342,#8961,.T.);
#5630=EDGE_CURVE('',#7343,#7344,#8962,.T.);
#5631=EDGE_CURVE('',#7343,#7081,#8963,.T.);
#5632=EDGE_CURVE('',#7345,#7344,#8964,.T.);
#5633=EDGE_CURVE('',#7346,#7345,#8965,.T.);
#5634=EDGE_CURVE('',#7346,#7347,#114,.T.);
#5635=EDGE_CURVE('',#7348,#7347,#8966,.T.);
#5636=EDGE_CURVE('',#7348,#7349,#115,.T.);
#5637=EDGE_CURVE('',#7350,#7349,#8967,.T.);
#5638=EDGE_CURVE('',#7083,#7350,#8968,.T.);
#5639=EDGE_CURVE('',#7351,#7077,#8969,.T.);
#5640=EDGE_CURVE('',#7351,#7352,#8970,.T.);
#5641=EDGE_CURVE('',#7353,#7352,#8971,.T.);
#5642=EDGE_CURVE('',#7354,#7353,#8972,.T.);
#5643=EDGE_CURVE('',#7354,#7355,#116,.T.);
#5644=EDGE_CURVE('',#7356,#7355,#8973,.T.);
#5645=EDGE_CURVE('',#7356,#7357,#117,.T.);
#5646=EDGE_CURVE('',#7358,#7357,#8974,.T.);
#5647=EDGE_CURVE('',#7079,#7358,#8975,.T.);
#5648=EDGE_CURVE('',#7359,#7351,#8976,.T.);
#5649=EDGE_CURVE('',#7359,#7360,#8977,.T.);
#5650=EDGE_CURVE('',#7352,#7360,#8978,.T.);
#5651=EDGE_CURVE('',#7082,#7359,#8979,.T.);
#5652=EDGE_CURVE('',#7361,#7084,#8980,.T.);
#5653=EDGE_CURVE('',#7362,#7361,#8981,.T.);
#5654=EDGE_CURVE('',#7362,#7363,#118,.T.);
#5655=EDGE_CURVE('',#7364,#7363,#8982,.T.);
#5656=EDGE_CURVE('',#7364,#7365,#119,.T.);
#5657=EDGE_CURVE('',#7366,#7365,#8983,.T.);
#5658=EDGE_CURVE('',#7360,#7366,#8984,.T.);
#5659=EDGE_CURVE('',#7124,#7259,#8985,.T.);
#5660=EDGE_CURVE('',#7125,#7258,#8986,.T.);
#5661=EDGE_CURVE('',#7262,#7236,#8987,.T.);
#5662=EDGE_CURVE('',#7261,#7237,#8988,.T.);
#5663=EDGE_CURVE('',#7240,#7214,#8989,.T.);
#5664=EDGE_CURVE('',#7239,#7215,#8990,.T.);
#5665=EDGE_CURVE('',#7218,#7192,#8991,.T.);
#5666=EDGE_CURVE('',#7217,#7193,#8992,.T.);
#5667=EDGE_CURVE('',#7196,#7170,#8993,.T.);
#5668=EDGE_CURVE('',#7195,#7171,#8994,.T.);
#5669=EDGE_CURVE('',#7174,#7148,#8995,.T.);
#5670=EDGE_CURVE('',#7173,#7149,#8996,.T.);
#5671=EDGE_CURVE('',#7358,#7102,#8997,.T.);
#5672=EDGE_CURVE('',#7350,#7361,#8998,.T.);
#5673=EDGE_CURVE('',#7334,#7336,#8999,.T.);
#5674=EDGE_CURVE('',#7318,#7320,#9000,.T.);
#5675=EDGE_CURVE('',#7302,#7304,#9001,.T.);
#5676=EDGE_CURVE('',#7286,#7288,#9002,.T.);
#5677=EDGE_CURVE('',#7357,#7103,#9003,.T.);
#5678=EDGE_CURVE('',#7349,#7362,#9004,.T.);
#5679=EDGE_CURVE('',#7333,#7337,#9005,.T.);
#5680=EDGE_CURVE('',#7317,#7321,#9006,.T.);
#5681=EDGE_CURVE('',#7301,#7305,#9007,.T.);
#5682=EDGE_CURVE('',#7285,#7289,#9008,.T.);
#5683=EDGE_CURVE('',#7356,#7104,#9009,.T.);
#5684=EDGE_CURVE('',#7348,#7363,#9010,.T.);
#5685=EDGE_CURVE('',#7332,#7338,#9011,.T.);
#5686=EDGE_CURVE('',#7316,#7322,#9012,.T.);
#5687=EDGE_CURVE('',#7300,#7306,#9013,.T.);
#5688=EDGE_CURVE('',#7284,#7290,#9014,.T.);
#5689=EDGE_CURVE('',#7355,#7105,#9015,.T.);
#5690=EDGE_CURVE('',#7347,#7364,#9016,.T.);
#5691=EDGE_CURVE('',#7331,#7339,#9017,.T.);
#5692=EDGE_CURVE('',#7315,#7323,#9018,.T.);
#5693=EDGE_CURVE('',#7299,#7307,#9019,.T.);
#5694=EDGE_CURVE('',#7283,#7291,#9020,.T.);
#5695=EDGE_CURVE('',#7354,#7106,#9021,.T.);
#5696=EDGE_CURVE('',#7346,#7365,#9022,.T.);
#5697=EDGE_CURVE('',#7330,#7340,#9023,.T.);
#5698=EDGE_CURVE('',#7314,#7324,#9024,.T.);
#5699=EDGE_CURVE('',#7298,#7308,#9025,.T.);
#5700=EDGE_CURVE('',#7282,#7292,#9026,.T.);
#5701=EDGE_CURVE('',#7353,#7107,#9027,.T.);
#5702=EDGE_CURVE('',#7345,#7366,#9028,.T.);
#5703=EDGE_CURVE('',#7329,#7341,#9029,.T.);
#5704=EDGE_CURVE('',#7313,#7325,#9030,.T.);
#5705=EDGE_CURVE('',#7297,#7309,#9031,.T.);
#5706=EDGE_CURVE('',#7281,#7293,#9032,.T.);
#5707=EDGE_CURVE('',#7131,#7252,#9033,.T.);
#5708=EDGE_CURVE('',#7132,#7251,#9034,.T.);
#5709=EDGE_CURVE('',#7269,#7229,#9035,.T.);
#5710=EDGE_CURVE('',#7268,#7230,#9036,.T.);
#5711=EDGE_CURVE('',#7247,#7207,#9037,.T.);
#5712=EDGE_CURVE('',#7246,#7208,#9038,.T.);
#5713=EDGE_CURVE('',#7225,#7185,#9039,.T.);
#5714=EDGE_CURVE('',#7224,#7186,#9040,.T.);
#5715=EDGE_CURVE('',#7203,#7163,#9041,.T.);
#5716=EDGE_CURVE('',#7202,#7164,#9042,.T.);
#5717=EDGE_CURVE('',#7181,#7141,#9043,.T.);
#5718=EDGE_CURVE('',#7180,#7142,#9044,.T.);
#5719=EDGE_CURVE('',#7130,#7253,#9045,.T.);
#5720=EDGE_CURVE('',#7267,#7231,#9046,.T.);
#5721=EDGE_CURVE('',#7245,#7209,#9047,.T.);
#5722=EDGE_CURVE('',#7223,#7187,#9048,.T.);
#5723=EDGE_CURVE('',#7201,#7165,#9049,.T.);
#5724=EDGE_CURVE('',#7179,#7143,#9050,.T.);
#5725=EDGE_CURVE('',#7129,#7254,#9051,.T.);
#5726=EDGE_CURVE('',#7266,#7232,#9052,.T.);
#5727=EDGE_CURVE('',#7244,#7210,#9053,.T.);
#5728=EDGE_CURVE('',#7222,#7188,#9054,.T.);
#5729=EDGE_CURVE('',#7200,#7166,#9055,.T.);
#5730=EDGE_CURVE('',#7178,#7144,#9056,.T.);
#5731=EDGE_CURVE('',#7128,#7255,#9057,.T.);
#5732=EDGE_CURVE('',#7265,#7233,#9058,.T.);
#5733=EDGE_CURVE('',#7243,#7211,#9059,.T.);
#5734=EDGE_CURVE('',#7221,#7189,#9060,.T.);
#5735=EDGE_CURVE('',#7199,#7167,#9061,.T.);
#5736=EDGE_CURVE('',#7177,#7145,#9062,.T.);
#5737=EDGE_CURVE('',#7127,#7256,#9063,.T.);
#5738=EDGE_CURVE('',#7264,#7234,#9064,.T.);
#5739=EDGE_CURVE('',#7242,#7212,#9065,.T.);
#5740=EDGE_CURVE('',#7220,#7190,#9066,.T.);
#5741=EDGE_CURVE('',#7198,#7168,#9067,.T.);
#5742=EDGE_CURVE('',#7176,#7146,#9068,.T.);
#5743=EDGE_CURVE('',#7126,#7257,#9069,.T.);
#5744=EDGE_CURVE('',#7263,#7235,#9070,.T.);
#5745=EDGE_CURVE('',#7241,#7213,#9071,.T.);
#5746=EDGE_CURVE('',#7219,#7191,#9072,.T.);
#5747=EDGE_CURVE('',#7197,#7169,#9073,.T.);
#5748=EDGE_CURVE('',#7175,#7147,#9074,.T.);
#5749=EDGE_CURVE('',#7152,#7115,#9075,.T.);
#5750=EDGE_CURVE('',#7151,#7116,#9076,.T.);
#5751=EDGE_CURVE('',#7138,#7272,#9077,.T.);
#5752=EDGE_CURVE('',#7137,#7273,#9078,.T.);
#5753=EDGE_CURVE('',#7136,#7274,#9079,.T.);
#5754=EDGE_CURVE('',#7135,#7275,#9080,.T.);
#5755=EDGE_CURVE('',#7134,#7276,#9081,.T.);
#5756=EDGE_CURVE('',#7133,#7277,#9082,.T.);
#5757=EDGE_CURVE('',#7159,#7108,#9083,.T.);
#5758=EDGE_CURVE('',#7158,#7109,#9084,.T.);
#5759=EDGE_CURVE('',#7157,#7110,#9085,.T.);
#5760=EDGE_CURVE('',#7156,#7111,#9086,.T.);
#5761=EDGE_CURVE('',#7155,#7112,#9087,.T.);
#5762=EDGE_CURVE('',#7154,#7113,#9088,.T.);
#5763=EDGE_CURVE('',#7153,#7114,#9089,.T.);
#5764=EDGE_CURVE('',#7367,#7368,#9090,.T.);
#5765=EDGE_CURVE('',#7369,#7367,#9091,.T.);
#5766=EDGE_CURVE('',#7369,#7370,#9092,.T.);
#5767=EDGE_CURVE('',#7370,#7368,#9093,.T.);
#5768=EDGE_CURVE('',#7371,#7372,#9094,.T.);
#5769=EDGE_CURVE('',#7371,#7373,#9095,.T.);
#5770=EDGE_CURVE('',#7373,#7374,#9096,.T.);
#5771=EDGE_CURVE('',#7374,#7372,#9097,.T.);
#5772=EDGE_CURVE('',#7375,#7376,#9098,.T.);
#5773=EDGE_CURVE('',#7375,#7377,#9099,.T.);
#5774=EDGE_CURVE('',#7377,#7378,#9100,.T.);
#5775=EDGE_CURVE('',#7378,#7376,#9101,.T.);
#5776=EDGE_CURVE('',#7379,#7380,#9102,.T.);
#5777=EDGE_CURVE('',#7379,#7381,#9103,.T.);
#5778=EDGE_CURVE('',#7381,#7382,#9104,.T.);
#5779=EDGE_CURVE('',#7382,#7380,#9105,.T.);
#5780=EDGE_CURVE('',#7383,#7384,#9106,.T.);
#5781=EDGE_CURVE('',#7383,#7385,#9107,.T.);
#5782=EDGE_CURVE('',#7385,#7386,#9108,.T.);
#5783=EDGE_CURVE('',#7386,#7384,#9109,.T.);
#5784=EDGE_CURVE('',#7387,#7388,#9110,.T.);
#5785=EDGE_CURVE('',#7387,#7389,#9111,.T.);
#5786=EDGE_CURVE('',#7389,#7390,#9112,.T.);
#5787=EDGE_CURVE('',#7390,#7388,#9113,.T.);
#5788=EDGE_CURVE('',#7391,#7392,#9114,.T.);
#5789=EDGE_CURVE('',#7391,#7393,#9115,.T.);
#5790=EDGE_CURVE('',#7394,#7393,#9116,.T.);
#5791=EDGE_CURVE('',#7394,#7392,#9117,.T.);
#5792=EDGE_CURVE('',#7395,#7396,#9118,.T.);
#5793=EDGE_CURVE('',#7395,#7397,#9119,.T.);
#5794=EDGE_CURVE('',#7398,#7397,#9120,.T.);
#5795=EDGE_CURVE('',#7398,#7396,#9121,.T.);
#5796=EDGE_CURVE('',#7399,#7400,#9122,.T.);
#5797=EDGE_CURVE('',#7399,#7401,#9123,.T.);
#5798=EDGE_CURVE('',#7402,#7401,#9124,.T.);
#5799=EDGE_CURVE('',#7402,#7400,#9125,.T.);
#5800=EDGE_CURVE('',#7403,#7404,#9126,.T.);
#5801=EDGE_CURVE('',#7403,#7405,#9127,.T.);
#5802=EDGE_CURVE('',#7406,#7405,#9128,.T.);
#5803=EDGE_CURVE('',#7406,#7404,#9129,.T.);
#5804=EDGE_CURVE('',#7407,#7408,#9130,.T.);
#5805=EDGE_CURVE('',#7407,#7409,#9131,.T.);
#5806=EDGE_CURVE('',#7410,#7409,#9132,.T.);
#5807=EDGE_CURVE('',#7410,#7408,#9133,.T.);
#5808=EDGE_CURVE('',#7411,#7412,#9134,.T.);
#5809=EDGE_CURVE('',#7411,#7413,#9135,.T.);
#5810=EDGE_CURVE('',#7414,#7413,#9136,.T.);
#5811=EDGE_CURVE('',#7414,#7412,#9137,.T.);
#5812=EDGE_CURVE('',#7415,#7391,#9138,.T.);
#5813=EDGE_CURVE('',#7416,#7415,#9139,.T.);
#5814=EDGE_CURVE('',#7417,#7416,#9140,.T.);
#5815=EDGE_CURVE('',#7417,#7418,#120,.T.);
#5816=EDGE_CURVE('',#7419,#7418,#9141,.T.);
#5817=EDGE_CURVE('',#7420,#7419,#9142,.T.);
#5818=EDGE_CURVE('',#7421,#7420,#9143,.T.);
#5819=EDGE_CURVE('',#7422,#7421,#9144,.T.);
#5820=EDGE_CURVE('',#7423,#7422,#121,.T.);
#5821=EDGE_CURVE('',#7423,#7424,#122,.T.);
#5822=EDGE_CURVE('',#7425,#7424,#9145,.T.);
#5823=EDGE_CURVE('',#7425,#7426,#123,.T.);
#5824=EDGE_CURVE('',#7427,#7426,#9146,.T.);
#5825=EDGE_CURVE('',#7427,#7428,#124,.T.);
#5826=EDGE_CURVE('',#7429,#7428,#9147,.T.);
#5827=EDGE_CURVE('',#7429,#7430,#125,.T.);
#5828=EDGE_CURVE('',#7431,#7430,#126,.T.);
#5829=EDGE_CURVE('',#7432,#7431,#9148,.T.);
#5830=EDGE_CURVE('',#7433,#7432,#9149,.T.);
#5831=EDGE_CURVE('',#7434,#7433,#9150,.T.);
#5832=EDGE_CURVE('',#7435,#7434,#127,.T.);
#5833=EDGE_CURVE('',#7436,#7435,#9151,.T.);
#5834=EDGE_CURVE('',#7437,#7436,#128,.T.);
#5835=EDGE_CURVE('',#7438,#7437,#9152,.T.);
#5836=EDGE_CURVE('',#7439,#7438,#9153,.T.);
#5837=EDGE_CURVE('',#7393,#7439,#9154,.T.);
#5838=EDGE_CURVE('',#7440,#7415,#9155,.T.);
#5839=EDGE_CURVE('',#7440,#7441,#9156,.T.);
#5840=EDGE_CURVE('',#7441,#7416,#9157,.T.);
#5841=EDGE_CURVE('',#7442,#7443,#9158,.T.);
#5842=EDGE_CURVE('',#7442,#7444,#9159,.T.);
#5843=EDGE_CURVE('',#7445,#7444,#9160,.T.);
#5844=EDGE_CURVE('',#7443,#7445,#9161,.T.);
#5845=EDGE_CURVE('',#7367,#7443,#9162,.T.);
#5846=EDGE_CURVE('',#7445,#7446,#9163,.T.);
#5847=EDGE_CURVE('',#7446,#7447,#9164,.T.);
#5848=EDGE_CURVE('',#7447,#7448,#9165,.T.);
#5849=EDGE_CURVE('',#7448,#7449,#129,.T.);
#5850=EDGE_CURVE('',#7449,#7450,#9166,.T.);
#5851=EDGE_CURVE('',#7450,#7451,#130,.T.);
#5852=EDGE_CURVE('',#7451,#7452,#9167,.T.);
#5853=EDGE_CURVE('',#7452,#7453,#9168,.T.);
#5854=EDGE_CURVE('',#7453,#7454,#9169,.T.);
#5855=EDGE_CURVE('',#7454,#7455,#131,.T.);
#5856=EDGE_CURVE('',#7456,#7455,#132,.T.);
#5857=EDGE_CURVE('',#7456,#7457,#9170,.T.);
#5858=EDGE_CURVE('',#7458,#7457,#133,.T.);
#5859=EDGE_CURVE('',#7458,#7459,#9171,.T.);
#5860=EDGE_CURVE('',#7460,#7459,#134,.T.);
#5861=EDGE_CURVE('',#7460,#7461,#9172,.T.);
#5862=EDGE_CURVE('',#7462,#7461,#135,.T.);
#5863=EDGE_CURVE('',#7462,#7463,#136,.T.);
#5864=EDGE_CURVE('',#7463,#7464,#9173,.T.);
#5865=EDGE_CURVE('',#7464,#7465,#9174,.T.);
#5866=EDGE_CURVE('',#7465,#7466,#9175,.T.);
#5867=EDGE_CURVE('',#7466,#7467,#9176,.T.);
#5868=EDGE_CURVE('',#7468,#7467,#137,.T.);
#5869=EDGE_CURVE('',#7468,#7369,#9177,.T.);
#5870=EDGE_CURVE('',#7388,#7469,#9178,.T.);
#5871=EDGE_CURVE('',#7470,#7390,#9179,.T.);
#5872=EDGE_CURVE('',#7470,#7471,#138,.T.);
#5873=EDGE_CURVE('',#7472,#7471,#9180,.T.);
#5874=EDGE_CURVE('',#7473,#7472,#9181,.T.);
#5875=EDGE_CURVE('',#7474,#7473,#9182,.T.);
#5876=EDGE_CURVE('',#7475,#7474,#9183,.T.);
#5877=EDGE_CURVE('',#7476,#7475,#139,.T.);
#5878=EDGE_CURVE('',#7476,#7477,#140,.T.);
#5879=EDGE_CURVE('',#7478,#7477,#9184,.T.);
#5880=EDGE_CURVE('',#7478,#7479,#141,.T.);
#5881=EDGE_CURVE('',#7480,#7479,#9185,.T.);
#5882=EDGE_CURVE('',#7480,#7469,#9186,.T.);
#5883=EDGE_CURVE('',#7481,#7440,#9187,.T.);
#5884=EDGE_CURVE('',#7482,#7481,#9188,.T.);
#5885=EDGE_CURVE('',#7483,#7482,#9189,.T.);
#5886=EDGE_CURVE('',#7483,#7484,#142,.T.);
#5887=EDGE_CURVE('',#7485,#7484,#9190,.T.);
#5888=EDGE_CURVE('',#7485,#7486,#143,.T.);
#5889=EDGE_CURVE('',#7487,#7486,#144,.T.);
#5890=EDGE_CURVE('',#7488,#7487,#9191,.T.);
#5891=EDGE_CURVE('',#7489,#7488,#9192,.T.);
#5892=EDGE_CURVE('',#7490,#7489,#9193,.T.);
#5893=EDGE_CURVE('',#7491,#7490,#9194,.T.);
#5894=EDGE_CURVE('',#7491,#7492,#145,.T.);
#5895=EDGE_CURVE('',#7441,#7492,#9195,.T.);
#5896=EDGE_CURVE('',#7469,#7481,#9196,.T.);
#5897=EDGE_CURVE('',#7482,#7480,#9197,.T.);
#5898=EDGE_CURVE('',#7384,#7493,#9198,.T.);
#5899=EDGE_CURVE('',#7494,#7386,#9199,.T.);
#5900=EDGE_CURVE('',#7494,#7495,#146,.T.);
#5901=EDGE_CURVE('',#7496,#7495,#9200,.T.);
#5902=EDGE_CURVE('',#7497,#7496,#9201,.T.);
#5903=EDGE_CURVE('',#7498,#7497,#9202,.T.);
#5904=EDGE_CURVE('',#7499,#7498,#9203,.T.);
#5905=EDGE_CURVE('',#7500,#7499,#147,.T.);
#5906=EDGE_CURVE('',#7500,#7501,#148,.T.);
#5907=EDGE_CURVE('',#7502,#7501,#9204,.T.);
#5908=EDGE_CURVE('',#7502,#7503,#149,.T.);
#5909=EDGE_CURVE('',#7504,#7503,#9205,.T.);
#5910=EDGE_CURVE('',#7504,#7493,#9206,.T.);
#5911=EDGE_CURVE('',#7505,#7387,#9207,.T.);
#5912=EDGE_CURVE('',#7506,#7505,#9208,.T.);
#5913=EDGE_CURVE('',#7507,#7506,#9209,.T.);
#5914=EDGE_CURVE('',#7507,#7508,#150,.T.);
#5915=EDGE_CURVE('',#7509,#7508,#9210,.T.);
#5916=EDGE_CURVE('',#7509,#7510,#151,.T.);
#5917=EDGE_CURVE('',#7511,#7510,#152,.T.);
#5918=EDGE_CURVE('',#7512,#7511,#9211,.T.);
#5919=EDGE_CURVE('',#7513,#7512,#9212,.T.);
#5920=EDGE_CURVE('',#7514,#7513,#9213,.T.);
#5921=EDGE_CURVE('',#7515,#7514,#9214,.T.);
#5922=EDGE_CURVE('',#7515,#7516,#153,.T.);
#5923=EDGE_CURVE('',#7389,#7516,#9215,.T.);
#5924=EDGE_CURVE('',#7493,#7505,#9216,.T.);
#5925=EDGE_CURVE('',#7506,#7504,#9217,.T.);
#5926=EDGE_CURVE('',#7380,#7517,#9218,.T.);
#5927=EDGE_CURVE('',#7518,#7382,#9219,.T.);
#5928=EDGE_CURVE('',#7518,#7519,#154,.T.);
#5929=EDGE_CURVE('',#7520,#7519,#9220,.T.);
#5930=EDGE_CURVE('',#7521,#7520,#9221,.T.);
#5931=EDGE_CURVE('',#7522,#7521,#9222,.T.);
#5932=EDGE_CURVE('',#7523,#7522,#9223,.T.);
#5933=EDGE_CURVE('',#7524,#7523,#155,.T.);
#5934=EDGE_CURVE('',#7524,#7525,#156,.T.);
#5935=EDGE_CURVE('',#7526,#7525,#9224,.T.);
#5936=EDGE_CURVE('',#7526,#7527,#157,.T.);
#5937=EDGE_CURVE('',#7528,#7527,#9225,.T.);
#5938=EDGE_CURVE('',#7528,#7517,#9226,.T.);
#5939=EDGE_CURVE('',#7529,#7383,#9227,.T.);
#5940=EDGE_CURVE('',#7530,#7529,#9228,.T.);
#5941=EDGE_CURVE('',#7531,#7530,#9229,.T.);
#5942=EDGE_CURVE('',#7531,#7532,#158,.T.);
#5943=EDGE_CURVE('',#7533,#7532,#9230,.T.);
#5944=EDGE_CURVE('',#7533,#7534,#159,.T.);
#5945=EDGE_CURVE('',#7535,#7534,#160,.T.);
#5946=EDGE_CURVE('',#7536,#7535,#9231,.T.);
#5947=EDGE_CURVE('',#7537,#7536,#9232,.T.);
#5948=EDGE_CURVE('',#7538,#7537,#9233,.T.);
#5949=EDGE_CURVE('',#7539,#7538,#9234,.T.);
#5950=EDGE_CURVE('',#7539,#7540,#161,.T.);
#5951=EDGE_CURVE('',#7385,#7540,#9235,.T.);
#5952=EDGE_CURVE('',#7517,#7529,#9236,.T.);
#5953=EDGE_CURVE('',#7530,#7528,#9237,.T.);
#5954=EDGE_CURVE('',#7376,#7541,#9238,.T.);
#5955=EDGE_CURVE('',#7542,#7378,#9239,.T.);
#5956=EDGE_CURVE('',#7542,#7543,#162,.T.);
#5957=EDGE_CURVE('',#7544,#7543,#9240,.T.);
#5958=EDGE_CURVE('',#7545,#7544,#9241,.T.);
#5959=EDGE_CURVE('',#7546,#7545,#9242,.T.);
#5960=EDGE_CURVE('',#7547,#7546,#9243,.T.);
#5961=EDGE_CURVE('',#7548,#7547,#163,.T.);
#5962=EDGE_CURVE('',#7548,#7549,#164,.T.);
#5963=EDGE_CURVE('',#7550,#7549,#9244,.T.);
#5964=EDGE_CURVE('',#7550,#7551,#165,.T.);
#5965=EDGE_CURVE('',#7552,#7551,#9245,.T.);
#5966=EDGE_CURVE('',#7552,#7541,#9246,.T.);
#5967=EDGE_CURVE('',#7553,#7379,#9247,.T.);
#5968=EDGE_CURVE('',#7554,#7553,#9248,.T.);
#5969=EDGE_CURVE('',#7555,#7554,#9249,.T.);
#5970=EDGE_CURVE('',#7555,#7556,#166,.T.);
#5971=EDGE_CURVE('',#7557,#7556,#9250,.T.);
#5972=EDGE_CURVE('',#7557,#7558,#167,.T.);
#5973=EDGE_CURVE('',#7559,#7558,#168,.T.);
#5974=EDGE_CURVE('',#7560,#7559,#9251,.T.);
#5975=EDGE_CURVE('',#7561,#7560,#9252,.T.);
#5976=EDGE_CURVE('',#7562,#7561,#9253,.T.);
#5977=EDGE_CURVE('',#7563,#7562,#9254,.T.);
#5978=EDGE_CURVE('',#7563,#7564,#169,.T.);
#5979=EDGE_CURVE('',#7381,#7564,#9255,.T.);
#5980=EDGE_CURVE('',#7541,#7553,#9256,.T.);
#5981=EDGE_CURVE('',#7554,#7552,#9257,.T.);
#5982=EDGE_CURVE('',#7372,#7565,#9258,.T.);
#5983=EDGE_CURVE('',#7566,#7374,#9259,.T.);
#5984=EDGE_CURVE('',#7566,#7567,#170,.T.);
#5985=EDGE_CURVE('',#7568,#7567,#9260,.T.);
#5986=EDGE_CURVE('',#7569,#7568,#9261,.T.);
#5987=EDGE_CURVE('',#7570,#7569,#9262,.T.);
#5988=EDGE_CURVE('',#7571,#7570,#9263,.T.);
#5989=EDGE_CURVE('',#7572,#7571,#171,.T.);
#5990=EDGE_CURVE('',#7572,#7573,#172,.T.);
#5991=EDGE_CURVE('',#7574,#7573,#9264,.T.);
#5992=EDGE_CURVE('',#7574,#7575,#173,.T.);
#5993=EDGE_CURVE('',#7576,#7575,#9265,.T.);
#5994=EDGE_CURVE('',#7576,#7565,#9266,.T.);
#5995=EDGE_CURVE('',#7577,#7375,#9267,.T.);
#5996=EDGE_CURVE('',#7578,#7577,#9268,.T.);
#5997=EDGE_CURVE('',#7579,#7578,#9269,.T.);
#5998=EDGE_CURVE('',#7579,#7580,#174,.T.);
#5999=EDGE_CURVE('',#7581,#7580,#9270,.T.);
#6000=EDGE_CURVE('',#7581,#7582,#175,.T.);
#6001=EDGE_CURVE('',#7583,#7582,#176,.T.);
#6002=EDGE_CURVE('',#7584,#7583,#9271,.T.);
#6003=EDGE_CURVE('',#7585,#7584,#9272,.T.);
#6004=EDGE_CURVE('',#7586,#7585,#9273,.T.);
#6005=EDGE_CURVE('',#7587,#7586,#9274,.T.);
#6006=EDGE_CURVE('',#7587,#7588,#177,.T.);
#6007=EDGE_CURVE('',#7377,#7588,#9275,.T.);
#6008=EDGE_CURVE('',#7565,#7577,#9276,.T.);
#6009=EDGE_CURVE('',#7578,#7576,#9277,.T.);
#6010=EDGE_CURVE('',#7368,#7589,#9278,.T.);
#6011=EDGE_CURVE('',#7590,#7370,#9279,.T.);
#6012=EDGE_CURVE('',#7590,#7591,#178,.T.);
#6013=EDGE_CURVE('',#7592,#7591,#9280,.T.);
#6014=EDGE_CURVE('',#7593,#7592,#9281,.T.);
#6015=EDGE_CURVE('',#7594,#7593,#9282,.T.);
#6016=EDGE_CURVE('',#7595,#7594,#9283,.T.);
#6017=EDGE_CURVE('',#7596,#7595,#179,.T.);
#6018=EDGE_CURVE('',#7596,#7597,#180,.T.);
#6019=EDGE_CURVE('',#7598,#7597,#9284,.T.);
#6020=EDGE_CURVE('',#7598,#7599,#181,.T.);
#6021=EDGE_CURVE('',#7600,#7599,#9285,.T.);
#6022=EDGE_CURVE('',#7600,#7589,#9286,.T.);
#6023=EDGE_CURVE('',#7601,#7371,#9287,.T.);
#6024=EDGE_CURVE('',#7602,#7601,#9288,.T.);
#6025=EDGE_CURVE('',#7603,#7602,#9289,.T.);
#6026=EDGE_CURVE('',#7603,#7604,#182,.T.);
#6027=EDGE_CURVE('',#7605,#7604,#9290,.T.);
#6028=EDGE_CURVE('',#7605,#7606,#183,.T.);
#6029=EDGE_CURVE('',#7607,#7606,#184,.T.);
#6030=EDGE_CURVE('',#7608,#7607,#9291,.T.);
#6031=EDGE_CURVE('',#7609,#7608,#9292,.T.);
#6032=EDGE_CURVE('',#7610,#7609,#9293,.T.);
#6033=EDGE_CURVE('',#7611,#7610,#9294,.T.);
#6034=EDGE_CURVE('',#7611,#7612,#185,.T.);
#6035=EDGE_CURVE('',#7373,#7612,#9295,.T.);
#6036=EDGE_CURVE('',#7589,#7601,#9296,.T.);
#6037=EDGE_CURVE('',#7602,#7600,#9297,.T.);
#6038=EDGE_CURVE('',#7613,#7442,#9298,.T.);
#6039=EDGE_CURVE('',#7614,#7613,#9299,.T.);
#6040=EDGE_CURVE('',#7615,#7614,#9300,.T.);
#6041=EDGE_CURVE('',#7615,#7616,#186,.T.);
#6042=EDGE_CURVE('',#7617,#7616,#9301,.T.);
#6043=EDGE_CURVE('',#7617,#7618,#187,.T.);
#6044=EDGE_CURVE('',#7619,#7618,#188,.T.);
#6045=EDGE_CURVE('',#7620,#7619,#9302,.T.);
#6046=EDGE_CURVE('',#7621,#7620,#9303,.T.);
#6047=EDGE_CURVE('',#7622,#7621,#9304,.T.);
#6048=EDGE_CURVE('',#7623,#7622,#189,.T.);
#6049=EDGE_CURVE('',#7624,#7623,#9305,.T.);
#6050=EDGE_CURVE('',#7625,#7624,#190,.T.);
#6051=EDGE_CURVE('',#7626,#7625,#9306,.T.);
#6052=EDGE_CURVE('',#7627,#7626,#9307,.T.);
#6053=EDGE_CURVE('',#7444,#7627,#9308,.T.);
#6054=EDGE_CURVE('',#7628,#7613,#9309,.T.);
#6055=EDGE_CURVE('',#7629,#7628,#9310,.T.);
#6056=EDGE_CURVE('',#7614,#7629,#9311,.T.);
#6057=EDGE_CURVE('',#7412,#7628,#9312,.T.);
#6058=EDGE_CURVE('',#7630,#7414,#9313,.T.);
#6059=EDGE_CURVE('',#7631,#7630,#9314,.T.);
#6060=EDGE_CURVE('',#7632,#7631,#9315,.T.);
#6061=EDGE_CURVE('',#7633,#7632,#191,.T.);
#6062=EDGE_CURVE('',#7634,#7633,#9316,.T.);
#6063=EDGE_CURVE('',#7635,#7634,#192,.T.);
#6064=EDGE_CURVE('',#7636,#7635,#9317,.T.);
#6065=EDGE_CURVE('',#7637,#7636,#9318,.T.);
#6066=EDGE_CURVE('',#7638,#7637,#9319,.T.);
#6067=EDGE_CURVE('',#7639,#7638,#193,.T.);
#6068=EDGE_CURVE('',#7639,#7640,#194,.T.);
#6069=EDGE_CURVE('',#7641,#7640,#9320,.T.);
#6070=EDGE_CURVE('',#7641,#7642,#195,.T.);
#6071=EDGE_CURVE('',#7629,#7642,#9321,.T.);
#6072=EDGE_CURVE('',#7643,#7411,#9322,.T.);
#6073=EDGE_CURVE('',#7644,#7643,#9323,.T.);
#6074=EDGE_CURVE('',#7645,#7644,#9324,.T.);
#6075=EDGE_CURVE('',#7645,#7646,#196,.T.);
#6076=EDGE_CURVE('',#7647,#7646,#9325,.T.);
#6077=EDGE_CURVE('',#7647,#7648,#197,.T.);
#6078=EDGE_CURVE('',#7649,#7648,#198,.T.);
#6079=EDGE_CURVE('',#7650,#7649,#9326,.T.);
#6080=EDGE_CURVE('',#7651,#7650,#9327,.T.);
#6081=EDGE_CURVE('',#7652,#7651,#9328,.T.);
#6082=EDGE_CURVE('',#7653,#7652,#199,.T.);
#6083=EDGE_CURVE('',#7654,#7653,#9329,.T.);
#6084=EDGE_CURVE('',#7655,#7654,#200,.T.);
#6085=EDGE_CURVE('',#7656,#7655,#9330,.T.);
#6086=EDGE_CURVE('',#7657,#7656,#9331,.T.);
#6087=EDGE_CURVE('',#7413,#7657,#9332,.T.);
#6088=EDGE_CURVE('',#7658,#7643,#9333,.T.);
#6089=EDGE_CURVE('',#7659,#7658,#9334,.T.);
#6090=EDGE_CURVE('',#7644,#7659,#9335,.T.);
#6091=EDGE_CURVE('',#7408,#7658,#9336,.T.);
#6092=EDGE_CURVE('',#7660,#7410,#9337,.T.);
#6093=EDGE_CURVE('',#7661,#7660,#9338,.T.);
#6094=EDGE_CURVE('',#7662,#7661,#9339,.T.);
#6095=EDGE_CURVE('',#7663,#7662,#201,.T.);
#6096=EDGE_CURVE('',#7664,#7663,#9340,.T.);
#6097=EDGE_CURVE('',#7665,#7664,#202,.T.);
#6098=EDGE_CURVE('',#7666,#7665,#9341,.T.);
#6099=EDGE_CURVE('',#7667,#7666,#9342,.T.);
#6100=EDGE_CURVE('',#7668,#7667,#9343,.T.);
#6101=EDGE_CURVE('',#7669,#7668,#203,.T.);
#6102=EDGE_CURVE('',#7669,#7670,#204,.T.);
#6103=EDGE_CURVE('',#7671,#7670,#9344,.T.);
#6104=EDGE_CURVE('',#7671,#7672,#205,.T.);
#6105=EDGE_CURVE('',#7659,#7672,#9345,.T.);
#6106=EDGE_CURVE('',#7673,#7407,#9346,.T.);
#6107=EDGE_CURVE('',#7674,#7673,#9347,.T.);
#6108=EDGE_CURVE('',#7675,#7674,#9348,.T.);
#6109=EDGE_CURVE('',#7675,#7676,#206,.T.);
#6110=EDGE_CURVE('',#7677,#7676,#9349,.T.);
#6111=EDGE_CURVE('',#7677,#7678,#207,.T.);
#6112=EDGE_CURVE('',#7679,#7678,#208,.T.);
#6113=EDGE_CURVE('',#7680,#7679,#9350,.T.);
#6114=EDGE_CURVE('',#7681,#7680,#9351,.T.);
#6115=EDGE_CURVE('',#7682,#7681,#9352,.T.);
#6116=EDGE_CURVE('',#7683,#7682,#209,.T.);
#6117=EDGE_CURVE('',#7684,#7683,#9353,.T.);
#6118=EDGE_CURVE('',#7685,#7684,#210,.T.);
#6119=EDGE_CURVE('',#7686,#7685,#9354,.T.);
#6120=EDGE_CURVE('',#7687,#7686,#9355,.T.);
#6121=EDGE_CURVE('',#7409,#7687,#9356,.T.);
#6122=EDGE_CURVE('',#7688,#7673,#9357,.T.);
#6123=EDGE_CURVE('',#7689,#7688,#9358,.T.);
#6124=EDGE_CURVE('',#7674,#7689,#9359,.T.);
#6125=EDGE_CURVE('',#7404,#7688,#9360,.T.);
#6126=EDGE_CURVE('',#7690,#7406,#9361,.T.);
#6127=EDGE_CURVE('',#7691,#7690,#9362,.T.);
#6128=EDGE_CURVE('',#7692,#7691,#9363,.T.);
#6129=EDGE_CURVE('',#7693,#7692,#211,.T.);
#6130=EDGE_CURVE('',#7694,#7693,#9364,.T.);
#6131=EDGE_CURVE('',#7695,#7694,#212,.T.);
#6132=EDGE_CURVE('',#7696,#7695,#9365,.T.);
#6133=EDGE_CURVE('',#7697,#7696,#9366,.T.);
#6134=EDGE_CURVE('',#7698,#7697,#9367,.T.);
#6135=EDGE_CURVE('',#7699,#7698,#213,.T.);
#6136=EDGE_CURVE('',#7699,#7700,#214,.T.);
#6137=EDGE_CURVE('',#7701,#7700,#9368,.T.);
#6138=EDGE_CURVE('',#7701,#7702,#215,.T.);
#6139=EDGE_CURVE('',#7689,#7702,#9369,.T.);
#6140=EDGE_CURVE('',#7703,#7403,#9370,.T.);
#6141=EDGE_CURVE('',#7704,#7703,#9371,.T.);
#6142=EDGE_CURVE('',#7705,#7704,#9372,.T.);
#6143=EDGE_CURVE('',#7705,#7706,#216,.T.);
#6144=EDGE_CURVE('',#7707,#7706,#9373,.T.);
#6145=EDGE_CURVE('',#7707,#7708,#217,.T.);
#6146=EDGE_CURVE('',#7709,#7708,#218,.T.);
#6147=EDGE_CURVE('',#7710,#7709,#9374,.T.);
#6148=EDGE_CURVE('',#7711,#7710,#9375,.T.);
#6149=EDGE_CURVE('',#7712,#7711,#9376,.T.);
#6150=EDGE_CURVE('',#7713,#7712,#219,.T.);
#6151=EDGE_CURVE('',#7714,#7713,#9377,.T.);
#6152=EDGE_CURVE('',#7715,#7714,#220,.T.);
#6153=EDGE_CURVE('',#7716,#7715,#9378,.T.);
#6154=EDGE_CURVE('',#7717,#7716,#9379,.T.);
#6155=EDGE_CURVE('',#7405,#7717,#9380,.T.);
#6156=EDGE_CURVE('',#7718,#7703,#9381,.T.);
#6157=EDGE_CURVE('',#7719,#7718,#9382,.T.);
#6158=EDGE_CURVE('',#7704,#7719,#9383,.T.);
#6159=EDGE_CURVE('',#7400,#7718,#9384,.T.);
#6160=EDGE_CURVE('',#7720,#7402,#9385,.T.);
#6161=EDGE_CURVE('',#7721,#7720,#9386,.T.);
#6162=EDGE_CURVE('',#7722,#7721,#9387,.T.);
#6163=EDGE_CURVE('',#7723,#7722,#221,.T.);
#6164=EDGE_CURVE('',#7724,#7723,#9388,.T.);
#6165=EDGE_CURVE('',#7725,#7724,#222,.T.);
#6166=EDGE_CURVE('',#7726,#7725,#9389,.T.);
#6167=EDGE_CURVE('',#7727,#7726,#9390,.T.);
#6168=EDGE_CURVE('',#7728,#7727,#9391,.T.);
#6169=EDGE_CURVE('',#7729,#7728,#223,.T.);
#6170=EDGE_CURVE('',#7729,#7730,#224,.T.);
#6171=EDGE_CURVE('',#7731,#7730,#9392,.T.);
#6172=EDGE_CURVE('',#7731,#7732,#225,.T.);
#6173=EDGE_CURVE('',#7719,#7732,#9393,.T.);
#6174=EDGE_CURVE('',#7733,#7399,#9394,.T.);
#6175=EDGE_CURVE('',#7734,#7733,#9395,.T.);
#6176=EDGE_CURVE('',#7735,#7734,#9396,.T.);
#6177=EDGE_CURVE('',#7735,#7736,#226,.T.);
#6178=EDGE_CURVE('',#7737,#7736,#9397,.T.);
#6179=EDGE_CURVE('',#7737,#7738,#227,.T.);
#6180=EDGE_CURVE('',#7739,#7738,#228,.T.);
#6181=EDGE_CURVE('',#7740,#7739,#9398,.T.);
#6182=EDGE_CURVE('',#7741,#7740,#9399,.T.);
#6183=EDGE_CURVE('',#7742,#7741,#9400,.T.);
#6184=EDGE_CURVE('',#7743,#7742,#229,.T.);
#6185=EDGE_CURVE('',#7744,#7743,#9401,.T.);
#6186=EDGE_CURVE('',#7745,#7744,#230,.T.);
#6187=EDGE_CURVE('',#7746,#7745,#9402,.T.);
#6188=EDGE_CURVE('',#7747,#7746,#9403,.T.);
#6189=EDGE_CURVE('',#7401,#7747,#9404,.T.);
#6190=EDGE_CURVE('',#7748,#7733,#9405,.T.);
#6191=EDGE_CURVE('',#7749,#7748,#9406,.T.);
#6192=EDGE_CURVE('',#7734,#7749,#9407,.T.);
#6193=EDGE_CURVE('',#7396,#7748,#9408,.T.);
#6194=EDGE_CURVE('',#7750,#7398,#9409,.T.);
#6195=EDGE_CURVE('',#7751,#7750,#9410,.T.);
#6196=EDGE_CURVE('',#7752,#7751,#9411,.T.);
#6197=EDGE_CURVE('',#7753,#7752,#231,.T.);
#6198=EDGE_CURVE('',#7754,#7753,#9412,.T.);
#6199=EDGE_CURVE('',#7755,#7754,#232,.T.);
#6200=EDGE_CURVE('',#7756,#7755,#9413,.T.);
#6201=EDGE_CURVE('',#7757,#7756,#9414,.T.);
#6202=EDGE_CURVE('',#7758,#7757,#9415,.T.);
#6203=EDGE_CURVE('',#7759,#7758,#233,.T.);
#6204=EDGE_CURVE('',#7759,#7760,#234,.T.);
#6205=EDGE_CURVE('',#7761,#7760,#9416,.T.);
#6206=EDGE_CURVE('',#7761,#7762,#235,.T.);
#6207=EDGE_CURVE('',#7749,#7762,#9417,.T.);
#6208=EDGE_CURVE('',#7392,#7763,#9418,.T.);
#6209=EDGE_CURVE('',#7764,#7394,#9419,.T.);
#6210=EDGE_CURVE('',#7765,#7764,#9420,.T.);
#6211=EDGE_CURVE('',#7766,#7765,#9421,.T.);
#6212=EDGE_CURVE('',#7767,#7766,#236,.T.);
#6213=EDGE_CURVE('',#7768,#7767,#9422,.T.);
#6214=EDGE_CURVE('',#7769,#7768,#237,.T.);
#6215=EDGE_CURVE('',#7770,#7769,#9423,.T.);
#6216=EDGE_CURVE('',#7771,#7770,#9424,.T.);
#6217=EDGE_CURVE('',#7772,#7771,#9425,.T.);
#6218=EDGE_CURVE('',#7773,#7772,#238,.T.);
#6219=EDGE_CURVE('',#7773,#7774,#239,.T.);
#6220=EDGE_CURVE('',#7775,#7774,#9426,.T.);
#6221=EDGE_CURVE('',#7775,#7776,#240,.T.);
#6222=EDGE_CURVE('',#7777,#7776,#9427,.T.);
#6223=EDGE_CURVE('',#7777,#7763,#9428,.T.);
#6224=EDGE_CURVE('',#7763,#7778,#9429,.T.);
#6225=EDGE_CURVE('',#7779,#7777,#9430,.T.);
#6226=EDGE_CURVE('',#7779,#7778,#9431,.T.);
#6227=EDGE_CURVE('',#7778,#7395,#9432,.T.);
#6228=EDGE_CURVE('',#7780,#7779,#9433,.T.);
#6229=EDGE_CURVE('',#7780,#7781,#241,.T.);
#6230=EDGE_CURVE('',#7782,#7781,#9434,.T.);
#6231=EDGE_CURVE('',#7782,#7783,#242,.T.);
#6232=EDGE_CURVE('',#7784,#7783,#243,.T.);
#6233=EDGE_CURVE('',#7785,#7784,#9435,.T.);
#6234=EDGE_CURVE('',#7786,#7785,#9436,.T.);
#6235=EDGE_CURVE('',#7787,#7786,#9437,.T.);
#6236=EDGE_CURVE('',#7788,#7787,#244,.T.);
#6237=EDGE_CURVE('',#7789,#7788,#9438,.T.);
#6238=EDGE_CURVE('',#7790,#7789,#245,.T.);
#6239=EDGE_CURVE('',#7791,#7790,#9439,.T.);
#6240=EDGE_CURVE('',#7792,#7791,#9440,.T.);
#6241=EDGE_CURVE('',#7397,#7792,#9441,.T.);
#6242=EDGE_CURVE('',#7468,#7590,#9442,.T.);
#6243=EDGE_CURVE('',#7612,#7566,#9443,.T.);
#6244=EDGE_CURVE('',#7588,#7542,#9444,.T.);
#6245=EDGE_CURVE('',#7564,#7518,#9445,.T.);
#6246=EDGE_CURVE('',#7540,#7494,#9446,.T.);
#6247=EDGE_CURVE('',#7516,#7470,#9447,.T.);
#6248=EDGE_CURVE('',#7467,#7591,#9448,.T.);
#6249=EDGE_CURVE('',#7611,#7567,#9449,.T.);
#6250=EDGE_CURVE('',#7587,#7543,#9450,.T.);
#6251=EDGE_CURVE('',#7563,#7519,#9451,.T.);
#6252=EDGE_CURVE('',#7539,#7495,#9452,.T.);
#6253=EDGE_CURVE('',#7515,#7471,#9453,.T.);
#6254=EDGE_CURVE('',#7466,#7592,#9454,.T.);
#6255=EDGE_CURVE('',#7610,#7568,#9455,.T.);
#6256=EDGE_CURVE('',#7586,#7544,#9456,.T.);
#6257=EDGE_CURVE('',#7562,#7520,#9457,.T.);
#6258=EDGE_CURVE('',#7538,#7496,#9458,.T.);
#6259=EDGE_CURVE('',#7514,#7472,#9459,.T.);
#6260=EDGE_CURVE('',#7465,#7593,#9460,.T.);
#6261=EDGE_CURVE('',#7609,#7569,#9461,.T.);
#6262=EDGE_CURVE('',#7585,#7545,#9462,.T.);
#6263=EDGE_CURVE('',#7561,#7521,#9463,.T.);
#6264=EDGE_CURVE('',#7537,#7497,#9464,.T.);
#6265=EDGE_CURVE('',#7513,#7473,#9465,.T.);
#6266=EDGE_CURVE('',#7464,#7594,#9466,.T.);
#6267=EDGE_CURVE('',#7608,#7570,#9467,.T.);
#6268=EDGE_CURVE('',#7584,#7546,#9468,.T.);
#6269=EDGE_CURVE('',#7560,#7522,#9469,.T.);
#6270=EDGE_CURVE('',#7536,#7498,#9470,.T.);
#6271=EDGE_CURVE('',#7512,#7474,#9471,.T.);
#6272=EDGE_CURVE('',#7463,#7595,#9472,.T.);
#6273=EDGE_CURVE('',#7607,#7571,#9473,.T.);
#6274=EDGE_CURVE('',#7583,#7547,#9474,.T.);
#6275=EDGE_CURVE('',#7559,#7523,#9475,.T.);
#6276=EDGE_CURVE('',#7535,#7499,#9476,.T.);
#6277=EDGE_CURVE('',#7511,#7475,#9477,.T.);
#6278=EDGE_CURVE('',#7462,#7596,#9478,.T.);
#6279=EDGE_CURVE('',#7606,#7572,#9479,.T.);
#6280=EDGE_CURVE('',#7582,#7548,#9480,.T.);
#6281=EDGE_CURVE('',#7558,#7524,#9481,.T.);
#6282=EDGE_CURVE('',#7534,#7500,#9482,.T.);
#6283=EDGE_CURVE('',#7510,#7476,#9483,.T.);
#6284=EDGE_CURVE('',#7461,#7597,#9484,.T.);
#6285=EDGE_CURVE('',#7605,#7573,#9485,.T.);
#6286=EDGE_CURVE('',#7581,#7549,#9486,.T.);
#6287=EDGE_CURVE('',#7557,#7525,#9487,.T.);
#6288=EDGE_CURVE('',#7533,#7501,#9488,.T.);
#6289=EDGE_CURVE('',#7509,#7477,#9489,.T.);
#6290=EDGE_CURVE('',#7460,#7598,#9490,.T.);
#6291=EDGE_CURVE('',#7604,#7574,#9491,.T.);
#6292=EDGE_CURVE('',#7580,#7550,#9492,.T.);
#6293=EDGE_CURVE('',#7556,#7526,#9493,.T.);
#6294=EDGE_CURVE('',#7532,#7502,#9494,.T.);
#6295=EDGE_CURVE('',#7508,#7478,#9495,.T.);
#6296=EDGE_CURVE('',#7459,#7599,#9496,.T.);
#6297=EDGE_CURVE('',#7603,#7575,#9497,.T.);
#6298=EDGE_CURVE('',#7579,#7551,#9498,.T.);
#6299=EDGE_CURVE('',#7555,#7527,#9499,.T.);
#6300=EDGE_CURVE('',#7531,#7503,#9500,.T.);
#6301=EDGE_CURVE('',#7507,#7479,#9501,.T.);
#6302=EDGE_CURVE('',#7775,#7428,#9502,.T.);
#6303=EDGE_CURVE('',#7776,#7427,#9503,.T.);
#6304=EDGE_CURVE('',#7762,#7780,#9504,.T.);
#6305=EDGE_CURVE('',#7761,#7781,#9505,.T.);
#6306=EDGE_CURVE('',#7732,#7735,#9506,.T.);
#6307=EDGE_CURVE('',#7731,#7736,#9507,.T.);
#6308=EDGE_CURVE('',#7702,#7705,#9508,.T.);
#6309=EDGE_CURVE('',#7701,#7706,#9509,.T.);
#6310=EDGE_CURVE('',#7672,#7675,#9510,.T.);
#6311=EDGE_CURVE('',#7671,#7676,#9511,.T.);
#6312=EDGE_CURVE('',#7642,#7645,#9512,.T.);
#6313=EDGE_CURVE('',#7641,#7646,#9513,.T.);
#6314=EDGE_CURVE('',#7774,#7429,#9514,.T.);
#6315=EDGE_CURVE('',#7760,#7782,#9515,.T.);
#6316=EDGE_CURVE('',#7730,#7737,#9516,.T.);
#6317=EDGE_CURVE('',#7700,#7707,#9517,.T.);
#6318=EDGE_CURVE('',#7670,#7677,#9518,.T.);
#6319=EDGE_CURVE('',#7640,#7647,#9519,.T.);
#6320=EDGE_CURVE('',#7773,#7430,#9520,.T.);
#6321=EDGE_CURVE('',#7759,#7783,#9521,.T.);
#6322=EDGE_CURVE('',#7729,#7738,#9522,.T.);
#6323=EDGE_CURVE('',#7699,#7708,#9523,.T.);
#6324=EDGE_CURVE('',#7669,#7678,#9524,.T.);
#6325=EDGE_CURVE('',#7639,#7648,#9525,.T.);
#6326=EDGE_CURVE('',#7772,#7431,#9526,.T.);
#6327=EDGE_CURVE('',#7758,#7784,#9527,.T.);
#6328=EDGE_CURVE('',#7728,#7739,#9528,.T.);
#6329=EDGE_CURVE('',#7698,#7709,#9529,.T.);
#6330=EDGE_CURVE('',#7668,#7679,#9530,.T.);
#6331=EDGE_CURVE('',#7638,#7649,#9531,.T.);
#6332=EDGE_CURVE('',#7771,#7432,#9532,.T.);
#6333=EDGE_CURVE('',#7757,#7785,#9533,.T.);
#6334=EDGE_CURVE('',#7727,#7740,#9534,.T.);
#6335=EDGE_CURVE('',#7697,#7710,#9535,.T.);
#6336=EDGE_CURVE('',#7667,#7680,#9536,.T.);
#6337=EDGE_CURVE('',#7637,#7650,#9537,.T.);
#6338=EDGE_CURVE('',#7770,#7433,#9538,.T.);
#6339=EDGE_CURVE('',#7756,#7786,#9539,.T.);
#6340=EDGE_CURVE('',#7726,#7741,#9540,.T.);
#6341=EDGE_CURVE('',#7696,#7711,#9541,.T.);
#6342=EDGE_CURVE('',#7666,#7681,#9542,.T.);
#6343=EDGE_CURVE('',#7636,#7651,#9543,.T.);
#6344=EDGE_CURVE('',#7769,#7434,#9544,.T.);
#6345=EDGE_CURVE('',#7755,#7787,#9545,.T.);
#6346=EDGE_CURVE('',#7725,#7742,#9546,.T.);
#6347=EDGE_CURVE('',#7695,#7712,#9547,.T.);
#6348=EDGE_CURVE('',#7665,#7682,#9548,.T.);
#6349=EDGE_CURVE('',#7635,#7652,#9549,.T.);
#6350=EDGE_CURVE('',#7768,#7435,#9550,.T.);
#6351=EDGE_CURVE('',#7754,#7788,#9551,.T.);
#6352=EDGE_CURVE('',#7724,#7743,#9552,.T.);
#6353=EDGE_CURVE('',#7694,#7713,#9553,.T.);
#6354=EDGE_CURVE('',#7664,#7683,#9554,.T.);
#6355=EDGE_CURVE('',#7634,#7653,#9555,.T.);
#6356=EDGE_CURVE('',#7767,#7436,#9556,.T.);
#6357=EDGE_CURVE('',#7753,#7789,#9557,.T.);
#6358=EDGE_CURVE('',#7723,#7744,#9558,.T.);
#6359=EDGE_CURVE('',#7693,#7714,#9559,.T.);
#6360=EDGE_CURVE('',#7663,#7684,#9560,.T.);
#6361=EDGE_CURVE('',#7633,#7654,#9561,.T.);
#6362=EDGE_CURVE('',#7766,#7437,#9562,.T.);
#6363=EDGE_CURVE('',#7752,#7790,#9563,.T.);
#6364=EDGE_CURVE('',#7722,#7745,#9564,.T.);
#6365=EDGE_CURVE('',#7692,#7715,#9565,.T.);
#6366=EDGE_CURVE('',#7662,#7685,#9566,.T.);
#6367=EDGE_CURVE('',#7632,#7655,#9567,.T.);
#6368=EDGE_CURVE('',#7765,#7438,#9568,.T.);
#6369=EDGE_CURVE('',#7751,#7791,#9569,.T.);
#6370=EDGE_CURVE('',#7721,#7746,#9570,.T.);
#6371=EDGE_CURVE('',#7691,#7716,#9571,.T.);
#6372=EDGE_CURVE('',#7661,#7686,#9572,.T.);
#6373=EDGE_CURVE('',#7631,#7656,#9573,.T.);
#6374=EDGE_CURVE('',#7764,#7439,#9574,.T.);
#6375=EDGE_CURVE('',#7750,#7792,#9575,.T.);
#6376=EDGE_CURVE('',#7720,#7747,#9576,.T.);
#6377=EDGE_CURVE('',#7690,#7717,#9577,.T.);
#6378=EDGE_CURVE('',#7660,#7687,#9578,.T.);
#6379=EDGE_CURVE('',#7630,#7657,#9579,.T.);
#6380=EDGE_CURVE('',#7492,#7417,#9580,.T.);
#6381=EDGE_CURVE('',#7491,#7418,#9581,.T.);
#6382=EDGE_CURVE('',#7490,#7419,#9582,.T.);
#6383=EDGE_CURVE('',#7489,#7420,#9583,.T.);
#6384=EDGE_CURVE('',#7488,#7421,#9584,.T.);
#6385=EDGE_CURVE('',#7487,#7422,#9585,.T.);
#6386=EDGE_CURVE('',#7486,#7423,#9586,.T.);
#6387=EDGE_CURVE('',#7485,#7424,#9587,.T.);
#6388=EDGE_CURVE('',#7484,#7425,#9588,.T.);
#6389=EDGE_CURVE('',#7483,#7426,#9589,.T.);
#6390=EDGE_CURVE('',#7458,#7615,#9590,.T.);
#6391=EDGE_CURVE('',#7457,#7616,#9591,.T.);
#6392=EDGE_CURVE('',#7456,#7617,#9592,.T.);
#6393=EDGE_CURVE('',#7455,#7618,#9593,.T.);
#6394=EDGE_CURVE('',#7454,#7619,#9594,.T.);
#6395=EDGE_CURVE('',#7453,#7620,#9595,.T.);
#6396=EDGE_CURVE('',#7452,#7621,#9596,.T.);
#6397=EDGE_CURVE('',#7451,#7622,#9597,.T.);
#6398=EDGE_CURVE('',#7450,#7623,#9598,.T.);
#6399=EDGE_CURVE('',#7449,#7624,#9599,.T.);
#6400=EDGE_CURVE('',#7448,#7625,#9600,.T.);
#6401=EDGE_CURVE('',#7447,#7626,#9601,.T.);
#6402=EDGE_CURVE('',#7446,#7627,#9602,.T.);
#6403=EDGE_CURVE('',#7793,#7794,#9603,.T.);
#6404=EDGE_CURVE('',#7795,#7794,#9604,.T.);
#6405=EDGE_CURVE('',#7796,#7795,#9605,.T.);
#6406=EDGE_CURVE('',#7796,#7793,#9606,.T.);
#6407=EDGE_CURVE('',#7794,#7797,#9607,.T.);
#6408=EDGE_CURVE('',#7798,#7797,#9608,.T.);
#6409=EDGE_CURVE('',#7795,#7798,#9609,.T.);
#6410=EDGE_CURVE('',#7797,#7799,#9610,.T.);
#6411=EDGE_CURVE('',#7800,#7799,#9611,.T.);
#6412=EDGE_CURVE('',#7798,#7800,#9612,.T.);
#6413=EDGE_CURVE('',#7799,#7801,#9613,.T.);
#6414=EDGE_CURVE('',#7802,#7801,#9614,.T.);
#6415=EDGE_CURVE('',#7800,#7802,#9615,.T.);
#6416=EDGE_CURVE('',#7803,#7801,#246,.T.);
#6417=EDGE_CURVE('',#7804,#7803,#9616,.T.);
#6418=EDGE_CURVE('',#7804,#7802,#247,.T.);
#6419=EDGE_CURVE('',#7803,#7805,#9617,.T.);
#6420=EDGE_CURVE('',#7806,#7805,#9618,.T.);
#6421=EDGE_CURVE('',#7804,#7806,#9619,.T.);
#6422=EDGE_CURVE('',#7807,#7805,#248,.T.);
#6423=EDGE_CURVE('',#7808,#7807,#9620,.T.);
#6424=EDGE_CURVE('',#7808,#7806,#249,.T.);
#6425=EDGE_CURVE('',#7807,#7809,#9621,.T.);
#6426=EDGE_CURVE('',#7810,#7809,#9622,.T.);
#6427=EDGE_CURVE('',#7808,#7810,#9623,.T.);
#6428=EDGE_CURVE('',#7809,#7811,#250,.T.);
#6429=EDGE_CURVE('',#7812,#7811,#9624,.T.);
#6430=EDGE_CURVE('',#7810,#7812,#251,.T.);
#6431=EDGE_CURVE('',#7811,#7813,#9625,.T.);
#6432=EDGE_CURVE('',#7814,#7813,#9626,.T.);
#6433=EDGE_CURVE('',#7812,#7814,#9627,.T.);
#6434=EDGE_CURVE('',#7813,#7815,#9628,.T.);
#6435=EDGE_CURVE('',#7816,#7815,#9629,.T.);
#6436=EDGE_CURVE('',#7814,#7816,#9630,.T.);
#6437=EDGE_CURVE('',#7815,#7817,#9631,.T.);
#6438=EDGE_CURVE('',#7818,#7817,#9632,.T.);
#6439=EDGE_CURVE('',#7816,#7818,#9633,.T.);
#6440=EDGE_CURVE('',#7819,#7817,#252,.T.);
#6441=EDGE_CURVE('',#7820,#7819,#9634,.T.);
#6442=EDGE_CURVE('',#7820,#7818,#253,.T.);
#6443=EDGE_CURVE('',#7819,#7821,#9635,.T.);
#6444=EDGE_CURVE('',#7822,#7821,#9636,.T.);
#6445=EDGE_CURVE('',#7820,#7822,#9637,.T.);
#6446=EDGE_CURVE('',#7823,#7821,#254,.T.);
#6447=EDGE_CURVE('',#7824,#7823,#9638,.T.);
#6448=EDGE_CURVE('',#7824,#7822,#255,.T.);
#6449=EDGE_CURVE('',#7823,#7825,#9639,.T.);
#6450=EDGE_CURVE('',#7826,#7825,#9640,.T.);
#6451=EDGE_CURVE('',#7824,#7826,#9641,.T.);
#6452=EDGE_CURVE('',#7827,#7825,#256,.T.);
#6453=EDGE_CURVE('',#7828,#7827,#9642,.T.);
#6454=EDGE_CURVE('',#7828,#7826,#257,.T.);
#6455=EDGE_CURVE('',#7827,#7829,#9643,.T.);
#6456=EDGE_CURVE('',#7830,#7829,#9644,.T.);
#6457=EDGE_CURVE('',#7828,#7830,#9645,.T.);
#6458=EDGE_CURVE('',#7829,#7831,#258,.T.);
#6459=EDGE_CURVE('',#7832,#7831,#9646,.T.);
#6460=EDGE_CURVE('',#7830,#7832,#259,.T.);
#6461=EDGE_CURVE('',#7831,#7833,#9647,.T.);
#6462=EDGE_CURVE('',#7834,#7833,#9648,.T.);
#6463=EDGE_CURVE('',#7832,#7834,#9649,.T.);
#6464=EDGE_CURVE('',#7833,#7835,#9650,.T.);
#6465=EDGE_CURVE('',#7836,#7835,#9651,.T.);
#6466=EDGE_CURVE('',#7834,#7836,#9652,.T.);
#6467=EDGE_CURVE('',#7835,#7837,#9653,.T.);
#6468=EDGE_CURVE('',#7838,#7837,#9654,.T.);
#6469=EDGE_CURVE('',#7836,#7838,#9655,.T.);
#6470=EDGE_CURVE('',#7837,#7839,#9656,.T.);
#6471=EDGE_CURVE('',#7840,#7839,#9657,.T.);
#6472=EDGE_CURVE('',#7838,#7840,#9658,.T.);
#6473=EDGE_CURVE('',#7839,#7841,#9659,.T.);
#6474=EDGE_CURVE('',#7842,#7841,#9660,.T.);
#6475=EDGE_CURVE('',#7840,#7842,#9661,.T.);
#6476=EDGE_CURVE('',#7841,#7843,#9662,.T.);
#6477=EDGE_CURVE('',#7844,#7843,#9663,.T.);
#6478=EDGE_CURVE('',#7842,#7844,#9664,.T.);
#6479=EDGE_CURVE('',#7845,#7843,#260,.T.);
#6480=EDGE_CURVE('',#7846,#7845,#9665,.T.);
#6481=EDGE_CURVE('',#7846,#7844,#261,.T.);
#6482=EDGE_CURVE('',#7845,#7847,#9666,.T.);
#6483=EDGE_CURVE('',#7848,#7847,#9667,.T.);
#6484=EDGE_CURVE('',#7846,#7848,#9668,.T.);
#6485=EDGE_CURVE('',#7849,#7847,#262,.T.);
#6486=EDGE_CURVE('',#7850,#7849,#9669,.T.);
#6487=EDGE_CURVE('',#7850,#7848,#263,.T.);
#6488=EDGE_CURVE('',#7849,#7851,#9670,.T.);
#6489=EDGE_CURVE('',#7852,#7851,#9671,.T.);
#6490=EDGE_CURVE('',#7850,#7852,#9672,.T.);
#6491=EDGE_CURVE('',#7851,#7793,#9673,.T.);
#6492=EDGE_CURVE('',#7852,#7796,#9674,.T.);
#6493=VERTEX_POINT('',#18652);
#6494=VERTEX_POINT('',#18653);
#6495=VERTEX_POINT('',#18655);
#6496=VERTEX_POINT('',#18657);
#6497=VERTEX_POINT('',#18661);
#6498=VERTEX_POINT('',#18662);
#6499=VERTEX_POINT('',#18664);
#6500=VERTEX_POINT('',#18666);
#6501=VERTEX_POINT('',#18670);
#6502=VERTEX_POINT('',#18671);
#6503=VERTEX_POINT('',#18679);
#6504=VERTEX_POINT('',#18680);
#6505=VERTEX_POINT('',#18682);
#6506=VERTEX_POINT('',#18684);
#6507=VERTEX_POINT('',#18686);
#6508=VERTEX_POINT('',#18688);
#6509=VERTEX_POINT('',#18692);
#6510=VERTEX_POINT('',#18693);
#6511=VERTEX_POINT('',#18695);
#6512=VERTEX_POINT('',#18697);
#6513=VERTEX_POINT('',#18699);
#6514=VERTEX_POINT('',#18701);
#6515=VERTEX_POINT('',#18705);
#6516=VERTEX_POINT('',#18706);
#6517=VERTEX_POINT('',#18708);
#6518=VERTEX_POINT('',#18710);
#6519=VERTEX_POINT('',#18712);
#6520=VERTEX_POINT('',#18714);
#6521=VERTEX_POINT('',#18718);
#6522=VERTEX_POINT('',#18719);
#6523=VERTEX_POINT('',#18721);
#6524=VERTEX_POINT('',#18723);
#6525=VERTEX_POINT('',#18725);
#6526=VERTEX_POINT('',#18727);
#6527=VERTEX_POINT('',#18731);
#6528=VERTEX_POINT('',#18732);
#6529=VERTEX_POINT('',#18734);
#6530=VERTEX_POINT('',#18736);
#6531=VERTEX_POINT('',#18738);
#6532=VERTEX_POINT('',#18740);
#6533=VERTEX_POINT('',#18744);
#6534=VERTEX_POINT('',#18745);
#6535=VERTEX_POINT('',#18747);
#6536=VERTEX_POINT('',#18749);
#6537=VERTEX_POINT('',#18751);
#6538=VERTEX_POINT('',#18753);
#6539=VERTEX_POINT('',#18757);
#6540=VERTEX_POINT('',#18758);
#6541=VERTEX_POINT('',#18760);
#6542=VERTEX_POINT('',#18762);
#6543=VERTEX_POINT('',#18764);
#6544=VERTEX_POINT('',#18766);
#6545=VERTEX_POINT('',#18768);
#6546=VERTEX_POINT('',#18770);
#6547=VERTEX_POINT('',#18773);
#6548=VERTEX_POINT('',#18774);
#6549=VERTEX_POINT('',#18776);
#6550=VERTEX_POINT('',#18778);
#6551=VERTEX_POINT('',#18782);
#6552=VERTEX_POINT('',#18783);
#6553=VERTEX_POINT('',#18785);
#6554=VERTEX_POINT('',#18787);
#6555=VERTEX_POINT('',#18791);
#6556=VERTEX_POINT('',#18792);
#6557=VERTEX_POINT('',#18794);
#6558=VERTEX_POINT('',#18796);
#6559=VERTEX_POINT('',#18800);
#6560=VERTEX_POINT('',#18801);
#6561=VERTEX_POINT('',#18803);
#6562=VERTEX_POINT('',#18805);
#6563=VERTEX_POINT('',#18809);
#6564=VERTEX_POINT('',#18810);
#6565=VERTEX_POINT('',#18812);
#6566=VERTEX_POINT('',#18814);
#6567=VERTEX_POINT('',#18818);
#6568=VERTEX_POINT('',#18819);
#6569=VERTEX_POINT('',#18821);
#6570=VERTEX_POINT('',#18823);
#6571=VERTEX_POINT('',#18827);
#6572=VERTEX_POINT('',#18828);
#6573=VERTEX_POINT('',#18830);
#6574=VERTEX_POINT('',#18832);
#6575=VERTEX_POINT('',#18836);
#6576=VERTEX_POINT('',#18837);
#6577=VERTEX_POINT('',#18839);
#6578=VERTEX_POINT('',#18841);
#6579=VERTEX_POINT('',#18845);
#6580=VERTEX_POINT('',#18846);
#6581=VERTEX_POINT('',#18848);
#6582=VERTEX_POINT('',#18850);
#6583=VERTEX_POINT('',#18854);
#6584=VERTEX_POINT('',#18855);
#6585=VERTEX_POINT('',#18857);
#6586=VERTEX_POINT('',#18859);
#6587=VERTEX_POINT('',#18863);
#6588=VERTEX_POINT('',#18864);
#6589=VERTEX_POINT('',#18866);
#6590=VERTEX_POINT('',#18868);
#6591=VERTEX_POINT('',#18872);
#6592=VERTEX_POINT('',#18873);
#6593=VERTEX_POINT('',#18875);
#6594=VERTEX_POINT('',#18877);
#6595=VERTEX_POINT('',#18881);
#6596=VERTEX_POINT('',#18882);
#6597=VERTEX_POINT('',#18884);
#6598=VERTEX_POINT('',#18886);
#6599=VERTEX_POINT('',#18890);
#6600=VERTEX_POINT('',#18891);
#6601=VERTEX_POINT('',#18893);
#6602=VERTEX_POINT('',#18895);
#6603=VERTEX_POINT('',#18897);
#6604=VERTEX_POINT('',#18899);
#6605=VERTEX_POINT('',#18901);
#6606=VERTEX_POINT('',#18903);
#6607=VERTEX_POINT('',#18905);
#6608=VERTEX_POINT('',#18907);
#6609=VERTEX_POINT('',#18909);
#6610=VERTEX_POINT('',#18911);
#6611=VERTEX_POINT('',#18913);
#6612=VERTEX_POINT('',#18915);
#6613=VERTEX_POINT('',#18917);
#6614=VERTEX_POINT('',#18920);
#6615=VERTEX_POINT('',#18922);
#6616=VERTEX_POINT('',#18925);
#6617=VERTEX_POINT('',#18927);
#6618=VERTEX_POINT('',#18929);
#6619=VERTEX_POINT('',#18931);
#6620=VERTEX_POINT('',#18933);
#6621=VERTEX_POINT('',#18935);
#6622=VERTEX_POINT('',#18937);
#6623=VERTEX_POINT('',#18939);
#6624=VERTEX_POINT('',#18941);
#6625=VERTEX_POINT('',#18943);
#6626=VERTEX_POINT('',#18945);
#6627=VERTEX_POINT('',#18947);
#6628=VERTEX_POINT('',#18949);
#6629=VERTEX_POINT('',#18951);
#6630=VERTEX_POINT('',#18953);
#6631=VERTEX_POINT('',#18955);
#6632=VERTEX_POINT('',#18957);
#6633=VERTEX_POINT('',#18959);
#6634=VERTEX_POINT('',#18961);
#6635=VERTEX_POINT('',#18963);
#6636=VERTEX_POINT('',#18965);
#6637=VERTEX_POINT('',#18967);
#6638=VERTEX_POINT('',#18969);
#6639=VERTEX_POINT('',#18971);
#6640=VERTEX_POINT('',#18973);
#6641=VERTEX_POINT('',#18975);
#6642=VERTEX_POINT('',#18977);
#6643=VERTEX_POINT('',#18979);
#6644=VERTEX_POINT('',#18981);
#6645=VERTEX_POINT('',#18983);
#6646=VERTEX_POINT('',#18985);
#6647=VERTEX_POINT('',#18989);
#6648=VERTEX_POINT('',#18990);
#6649=VERTEX_POINT('',#18992);
#6650=VERTEX_POINT('',#18994);
#6651=VERTEX_POINT('',#18998);
#6652=VERTEX_POINT('',#18999);
#6653=VERTEX_POINT('',#19002);
#6654=VERTEX_POINT('',#19004);
#6655=VERTEX_POINT('',#19006);
#6656=VERTEX_POINT('',#19008);
#6657=VERTEX_POINT('',#19010);
#6658=VERTEX_POINT('',#19012);
#6659=VERTEX_POINT('',#19014);
#6660=VERTEX_POINT('',#19016);
#6661=VERTEX_POINT('',#19018);
#6662=VERTEX_POINT('',#19020);
#6663=VERTEX_POINT('',#19022);
#6664=VERTEX_POINT('',#19024);
#6665=VERTEX_POINT('',#19028);
#6666=VERTEX_POINT('',#19029);
#6667=VERTEX_POINT('',#19031);
#6668=VERTEX_POINT('',#19033);
#6669=VERTEX_POINT('',#19035);
#6670=VERTEX_POINT('',#19037);
#6671=VERTEX_POINT('',#19039);
#6672=VERTEX_POINT('',#19041);
#6673=VERTEX_POINT('',#19043);
#6674=VERTEX_POINT('',#19045);
#6675=VERTEX_POINT('',#19047);
#6676=VERTEX_POINT('',#19049);
#6677=VERTEX_POINT('',#19051);
#6678=VERTEX_POINT('',#19053);
#6679=VERTEX_POINT('',#19055);
#6680=VERTEX_POINT('',#19057);
#6681=VERTEX_POINT('',#19059);
#6682=VERTEX_POINT('',#19061);
#6683=VERTEX_POINT('',#19063);
#6684=VERTEX_POINT('',#19065);
#6685=VERTEX_POINT('',#19069);
#6686=VERTEX_POINT('',#19071);
#6687=VERTEX_POINT('',#19075);
#6688=VERTEX_POINT('',#19076);
#6689=VERTEX_POINT('',#19078);
#6690=VERTEX_POINT('',#19080);
#6691=VERTEX_POINT('',#19082);
#6692=VERTEX_POINT('',#19084);
#6693=VERTEX_POINT('',#19086);
#6694=VERTEX_POINT('',#19088);
#6695=VERTEX_POINT('',#19090);
#6696=VERTEX_POINT('',#19092);
#6697=VERTEX_POINT('',#19094);
#6698=VERTEX_POINT('',#19096);
#6699=VERTEX_POINT('',#19098);
#6700=VERTEX_POINT('',#19100);
#6701=VERTEX_POINT('',#19102);
#6702=VERTEX_POINT('',#19104);
#6703=VERTEX_POINT('',#19106);
#6704=VERTEX_POINT('',#19108);
#6705=VERTEX_POINT('',#19110);
#6706=VERTEX_POINT('',#19112);
#6707=VERTEX_POINT('',#19116);
#6708=VERTEX_POINT('',#19118);
#6709=VERTEX_POINT('',#19122);
#6710=VERTEX_POINT('',#19123);
#6711=VERTEX_POINT('',#19125);
#6712=VERTEX_POINT('',#19127);
#6713=VERTEX_POINT('',#19129);
#6714=VERTEX_POINT('',#19131);
#6715=VERTEX_POINT('',#19133);
#6716=VERTEX_POINT('',#19135);
#6717=VERTEX_POINT('',#19137);
#6718=VERTEX_POINT('',#19139);
#6719=VERTEX_POINT('',#19141);
#6720=VERTEX_POINT('',#19143);
#6721=VERTEX_POINT('',#19145);
#6722=VERTEX_POINT('',#19147);
#6723=VERTEX_POINT('',#19149);
#6724=VERTEX_POINT('',#19151);
#6725=VERTEX_POINT('',#19153);
#6726=VERTEX_POINT('',#19155);
#6727=VERTEX_POINT('',#19157);
#6728=VERTEX_POINT('',#19159);
#6729=VERTEX_POINT('',#19163);
#6730=VERTEX_POINT('',#19165);
#6731=VERTEX_POINT('',#19169);
#6732=VERTEX_POINT('',#19170);
#6733=VERTEX_POINT('',#19172);
#6734=VERTEX_POINT('',#19174);
#6735=VERTEX_POINT('',#19176);
#6736=VERTEX_POINT('',#19178);
#6737=VERTEX_POINT('',#19180);
#6738=VERTEX_POINT('',#19182);
#6739=VERTEX_POINT('',#19184);
#6740=VERTEX_POINT('',#19186);
#6741=VERTEX_POINT('',#19188);
#6742=VERTEX_POINT('',#19190);
#6743=VERTEX_POINT('',#19192);
#6744=VERTEX_POINT('',#19194);
#6745=VERTEX_POINT('',#19196);
#6746=VERTEX_POINT('',#19198);
#6747=VERTEX_POINT('',#19200);
#6748=VERTEX_POINT('',#19202);
#6749=VERTEX_POINT('',#19204);
#6750=VERTEX_POINT('',#19206);
#6751=VERTEX_POINT('',#19210);
#6752=VERTEX_POINT('',#19212);
#6753=VERTEX_POINT('',#19216);
#6754=VERTEX_POINT('',#19217);
#6755=VERTEX_POINT('',#19219);
#6756=VERTEX_POINT('',#19221);
#6757=VERTEX_POINT('',#19223);
#6758=VERTEX_POINT('',#19225);
#6759=VERTEX_POINT('',#19227);
#6760=VERTEX_POINT('',#19229);
#6761=VERTEX_POINT('',#19231);
#6762=VERTEX_POINT('',#19233);
#6763=VERTEX_POINT('',#19235);
#6764=VERTEX_POINT('',#19237);
#6765=VERTEX_POINT('',#19239);
#6766=VERTEX_POINT('',#19241);
#6767=VERTEX_POINT('',#19243);
#6768=VERTEX_POINT('',#19245);
#6769=VERTEX_POINT('',#19247);
#6770=VERTEX_POINT('',#19249);
#6771=VERTEX_POINT('',#19251);
#6772=VERTEX_POINT('',#19253);
#6773=VERTEX_POINT('',#19257);
#6774=VERTEX_POINT('',#19259);
#6775=VERTEX_POINT('',#19263);
#6776=VERTEX_POINT('',#19264);
#6777=VERTEX_POINT('',#19266);
#6778=VERTEX_POINT('',#19268);
#6779=VERTEX_POINT('',#19272);
#6780=VERTEX_POINT('',#19273);
#6781=VERTEX_POINT('',#19276);
#6782=VERTEX_POINT('',#19278);
#6783=VERTEX_POINT('',#19280);
#6784=VERTEX_POINT('',#19282);
#6785=VERTEX_POINT('',#19284);
#6786=VERTEX_POINT('',#19286);
#6787=VERTEX_POINT('',#19288);
#6788=VERTEX_POINT('',#19290);
#6789=VERTEX_POINT('',#19292);
#6790=VERTEX_POINT('',#19294);
#6791=VERTEX_POINT('',#19296);
#6792=VERTEX_POINT('',#19298);
#6793=VERTEX_POINT('',#19302);
#6794=VERTEX_POINT('',#19303);
#6795=VERTEX_POINT('',#19305);
#6796=VERTEX_POINT('',#19308);
#6797=VERTEX_POINT('',#19310);
#6798=VERTEX_POINT('',#19312);
#6799=VERTEX_POINT('',#19314);
#6800=VERTEX_POINT('',#19316);
#6801=VERTEX_POINT('',#19318);
#6802=VERTEX_POINT('',#19320);
#6803=VERTEX_POINT('',#19322);
#6804=VERTEX_POINT('',#19324);
#6805=VERTEX_POINT('',#19326);
#6806=VERTEX_POINT('',#19328);
#6807=VERTEX_POINT('',#19332);
#6808=VERTEX_POINT('',#19333);
#6809=VERTEX_POINT('',#19335);
#6810=VERTEX_POINT('',#19338);
#6811=VERTEX_POINT('',#19340);
#6812=VERTEX_POINT('',#19342);
#6813=VERTEX_POINT('',#19344);
#6814=VERTEX_POINT('',#19346);
#6815=VERTEX_POINT('',#19348);
#6816=VERTEX_POINT('',#19350);
#6817=VERTEX_POINT('',#19352);
#6818=VERTEX_POINT('',#19354);
#6819=VERTEX_POINT('',#19356);
#6820=VERTEX_POINT('',#19358);
#6821=VERTEX_POINT('',#19360);
#6822=VERTEX_POINT('',#19362);
#6823=VERTEX_POINT('',#19364);
#6824=VERTEX_POINT('',#19366);
#6825=VERTEX_POINT('',#19370);
#6826=VERTEX_POINT('',#19371);
#6827=VERTEX_POINT('',#19373);
#6828=VERTEX_POINT('',#19376);
#6829=VERTEX_POINT('',#19378);
#6830=VERTEX_POINT('',#19380);
#6831=VERTEX_POINT('',#19382);
#6832=VERTEX_POINT('',#19384);
#6833=VERTEX_POINT('',#19386);
#6834=VERTEX_POINT('',#19388);
#6835=VERTEX_POINT('',#19390);
#6836=VERTEX_POINT('',#19392);
#6837=VERTEX_POINT('',#19394);
#6838=VERTEX_POINT('',#19396);
#6839=VERTEX_POINT('',#19398);
#6840=VERTEX_POINT('',#19400);
#6841=VERTEX_POINT('',#19402);
#6842=VERTEX_POINT('',#19404);
#6843=VERTEX_POINT('',#19408);
#6844=VERTEX_POINT('',#19409);
#6845=VERTEX_POINT('',#19411);
#6846=VERTEX_POINT('',#19414);
#6847=VERTEX_POINT('',#19416);
#6848=VERTEX_POINT('',#19418);
#6849=VERTEX_POINT('',#19420);
#6850=VERTEX_POINT('',#19422);
#6851=VERTEX_POINT('',#19424);
#6852=VERTEX_POINT('',#19426);
#6853=VERTEX_POINT('',#19428);
#6854=VERTEX_POINT('',#19430);
#6855=VERTEX_POINT('',#19432);
#6856=VERTEX_POINT('',#19434);
#6857=VERTEX_POINT('',#19436);
#6858=VERTEX_POINT('',#19438);
#6859=VERTEX_POINT('',#19440);
#6860=VERTEX_POINT('',#19442);
#6861=VERTEX_POINT('',#19446);
#6862=VERTEX_POINT('',#19447);
#6863=VERTEX_POINT('',#19449);
#6864=VERTEX_POINT('',#19452);
#6865=VERTEX_POINT('',#19454);
#6866=VERTEX_POINT('',#19456);
#6867=VERTEX_POINT('',#19458);
#6868=VERTEX_POINT('',#19460);
#6869=VERTEX_POINT('',#19462);
#6870=VERTEX_POINT('',#19464);
#6871=VERTEX_POINT('',#19466);
#6872=VERTEX_POINT('',#19468);
#6873=VERTEX_POINT('',#19470);
#6874=VERTEX_POINT('',#19472);
#6875=VERTEX_POINT('',#19474);
#6876=VERTEX_POINT('',#19476);
#6877=VERTEX_POINT('',#19478);
#6878=VERTEX_POINT('',#19480);
#6879=VERTEX_POINT('',#19484);
#6880=VERTEX_POINT('',#19485);
#6881=VERTEX_POINT('',#19487);
#6882=VERTEX_POINT('',#19490);
#6883=VERTEX_POINT('',#19492);
#6884=VERTEX_POINT('',#19494);
#6885=VERTEX_POINT('',#19496);
#6886=VERTEX_POINT('',#19498);
#6887=VERTEX_POINT('',#19500);
#6888=VERTEX_POINT('',#19502);
#6889=VERTEX_POINT('',#19504);
#6890=VERTEX_POINT('',#19506);
#6891=VERTEX_POINT('',#19508);
#6892=VERTEX_POINT('',#19510);
#6893=VERTEX_POINT('',#19512);
#6894=VERTEX_POINT('',#19514);
#6895=VERTEX_POINT('',#19516);
#6896=VERTEX_POINT('',#19518);
#6897=VERTEX_POINT('',#19522);
#6898=VERTEX_POINT('',#19524);
#6899=VERTEX_POINT('',#19526);
#6900=VERTEX_POINT('',#19528);
#6901=VERTEX_POINT('',#19530);
#6902=VERTEX_POINT('',#19532);
#6903=VERTEX_POINT('',#19534);
#6904=VERTEX_POINT('',#19536);
#6905=VERTEX_POINT('',#19538);
#6906=VERTEX_POINT('',#19540);
#6907=VERTEX_POINT('',#19542);
#6908=VERTEX_POINT('',#19544);
#6909=VERTEX_POINT('',#19546);
#6910=VERTEX_POINT('',#19548);
#6911=VERTEX_POINT('',#19552);
#6912=VERTEX_POINT('',#19553);
#6913=VERTEX_POINT('',#19557);
#6914=VERTEX_POINT('',#19559);
#6915=VERTEX_POINT('',#19561);
#6916=VERTEX_POINT('',#19563);
#6917=VERTEX_POINT('',#19565);
#6918=VERTEX_POINT('',#19567);
#6919=VERTEX_POINT('',#19571);
#6920=VERTEX_POINT('',#19573);
#6921=VERTEX_POINT('',#19575);
#6922=VERTEX_POINT('',#19577);
#6923=VERTEX_POINT('',#19595);
#6924=VERTEX_POINT('',#19597);
#6925=VERTEX_POINT('',#19645);
#6926=VERTEX_POINT('',#19646);
#6927=VERTEX_POINT('',#19648);
#6928=VERTEX_POINT('',#19650);
#6929=VERTEX_POINT('',#19653);
#6930=VERTEX_POINT('',#19655);
#6931=VERTEX_POINT('',#19657);
#6932=VERTEX_POINT('',#19659);
#6933=VERTEX_POINT('',#19663);
#6934=VERTEX_POINT('',#19665);
#6935=VERTEX_POINT('',#19677);
#6936=VERTEX_POINT('',#19679);
#6937=VERTEX_POINT('',#19683);
#6938=VERTEX_POINT('',#19685);
#6939=VERTEX_POINT('',#19687);
#6940=VERTEX_POINT('',#19689);
#6941=VERTEX_POINT('',#19692);
#6942=VERTEX_POINT('',#19694);
#6943=VERTEX_POINT('',#19697);
#6944=VERTEX_POINT('',#19698);
#6945=VERTEX_POINT('',#19700);
#6946=VERTEX_POINT('',#19702);
#6947=VERTEX_POINT('',#19722);
#6948=VERTEX_POINT('',#19724);
#6949=VERTEX_POINT('',#19746);
#6950=VERTEX_POINT('',#19748);
#6951=VERTEX_POINT('',#19825);
#6952=VERTEX_POINT('',#19830);
#6953=VERTEX_POINT('',#19834);
#6954=VERTEX_POINT('',#19836);
#6955=VERTEX_POINT('',#19839);
#6956=VERTEX_POINT('',#19841);
#6957=VERTEX_POINT('',#19843);
#6958=VERTEX_POINT('',#19845);
#6959=VERTEX_POINT('',#19847);
#6960=VERTEX_POINT('',#19851);
#6961=VERTEX_POINT('',#19854);
#6962=VERTEX_POINT('',#19856);
#6963=VERTEX_POINT('',#19859);
#6964=VERTEX_POINT('',#19861);
#6965=VERTEX_POINT('',#19865);
#6966=VERTEX_POINT('',#19866);
#6967=VERTEX_POINT('',#19871);
#6968=VERTEX_POINT('',#19873);
#6969=VERTEX_POINT('',#19877);
#6970=VERTEX_POINT('',#19878);
#6971=VERTEX_POINT('',#19883);
#6972=VERTEX_POINT('',#19885);
#6973=VERTEX_POINT('',#19895);
#6974=VERTEX_POINT('',#19896);
#6975=VERTEX_POINT('',#19898);
#6976=VERTEX_POINT('',#19900);
#6977=VERTEX_POINT('',#19902);
#6978=VERTEX_POINT('',#19904);
#6979=VERTEX_POINT('',#19907);
#6980=VERTEX_POINT('',#19909);
#6981=VERTEX_POINT('',#19912);
#6982=VERTEX_POINT('',#19916);
#6983=VERTEX_POINT('',#19918);
#6984=VERTEX_POINT('',#19921);
#6985=VERTEX_POINT('',#19923);
#6986=VERTEX_POINT('',#19926);
#6987=VERTEX_POINT('',#19928);
#6988=VERTEX_POINT('',#19931);
#6989=VERTEX_POINT('',#19934);
#6990=VERTEX_POINT('',#19936);
#6991=VERTEX_POINT('',#19938);
#6992=VERTEX_POINT('',#19940);
#6993=VERTEX_POINT('',#19942);
#6994=VERTEX_POINT('',#19944);
#6995=VERTEX_POINT('',#19946);
#6996=VERTEX_POINT('',#19948);
#6997=VERTEX_POINT('',#19950);
#6998=VERTEX_POINT('',#19952);
#6999=VERTEX_POINT('',#19967);
#7000=VERTEX_POINT('',#19968);
#7001=VERTEX_POINT('',#19973);
#7002=VERTEX_POINT('',#19974);
#7003=VERTEX_POINT('',#19977);
#7004=VERTEX_POINT('',#19982);
#7005=VERTEX_POINT('',#19984);
#7006=VERTEX_POINT('',#19987);
#7007=VERTEX_POINT('',#19994);
#7008=VERTEX_POINT('',#19996);
#7009=VERTEX_POINT('',#20005);
#7010=VERTEX_POINT('',#20009);
#7011=VERTEX_POINT('',#20021);
#7012=VERTEX_POINT('',#20023);
#7013=VERTEX_POINT('',#20025);
#7014=VERTEX_POINT('',#20027);
#7015=VERTEX_POINT('',#20029);
#7016=VERTEX_POINT('',#20031);
#7017=VERTEX_POINT('',#20035);
#7018=VERTEX_POINT('',#20037);
#7019=VERTEX_POINT('',#20041);
#7020=VERTEX_POINT('',#20046);
#7021=VERTEX_POINT('',#20050);
#7022=VERTEX_POINT('',#20052);
#7023=VERTEX_POINT('',#20056);
#7024=VERTEX_POINT('',#20061);
#7025=VERTEX_POINT('',#20065);
#7026=VERTEX_POINT('',#20069);
#7027=VERTEX_POINT('',#20073);
#7028=VERTEX_POINT('',#20075);
#7029=VERTEX_POINT('',#20079);
#7030=VERTEX_POINT('',#20081);
#7031=VERTEX_POINT('',#20085);
#7032=VERTEX_POINT('',#20088);
#7033=VERTEX_POINT('',#20208);
#7034=VERTEX_POINT('',#20210);
#7035=VERTEX_POINT('',#20214);
#7036=VERTEX_POINT('',#20216);
#7037=VERTEX_POINT('',#20225);
#7038=VERTEX_POINT('',#20232);
#7039=VERTEX_POINT('',#20239);
#7040=VERTEX_POINT('',#20246);
#7041=VERTEX_POINT('',#20253);
#7042=VERTEX_POINT('',#20260);
#7043=VERTEX_POINT('',#20267);
#7044=VERTEX_POINT('',#20274);
#7045=VERTEX_POINT('',#20281);
#7046=VERTEX_POINT('',#20283);
#7047=VERTEX_POINT('',#20292);
#7048=VERTEX_POINT('',#20293);
#7049=VERTEX_POINT('',#20298);
#7050=VERTEX_POINT('',#20300);
#7051=VERTEX_POINT('',#20304);
#7052=VERTEX_POINT('',#20306);
#7053=VERTEX_POINT('',#20318);
#7054=VERTEX_POINT('',#20319);
#7055=VERTEX_POINT('',#20321);
#7056=VERTEX_POINT('',#20323);
#7057=VERTEX_POINT('',#20327);
#7058=VERTEX_POINT('',#20328);
#7059=VERTEX_POINT('',#20330);
#7060=VERTEX_POINT('',#20332);
#7061=VERTEX_POINT('',#20336);
#7062=VERTEX_POINT('',#20337);
#7063=VERTEX_POINT('',#20339);
#7064=VERTEX_POINT('',#20341);
#7065=VERTEX_POINT('',#20345);
#7066=VERTEX_POINT('',#20346);
#7067=VERTEX_POINT('',#20348);
#7068=VERTEX_POINT('',#20350);
#7069=VERTEX_POINT('',#20354);
#7070=VERTEX_POINT('',#20355);
#7071=VERTEX_POINT('',#20357);
#7072=VERTEX_POINT('',#20359);
#7073=VERTEX_POINT('',#20363);
#7074=VERTEX_POINT('',#20364);
#7075=VERTEX_POINT('',#20366);
#7076=VERTEX_POINT('',#20368);
#7077=VERTEX_POINT('',#20372);
#7078=VERTEX_POINT('',#20373);
#7079=VERTEX_POINT('',#20375);
#7080=VERTEX_POINT('',#20377);
#7081=VERTEX_POINT('',#20381);
#7082=VERTEX_POINT('',#20382);
#7083=VERTEX_POINT('',#20384);
#7084=VERTEX_POINT('',#20386);
#7085=VERTEX_POINT('',#20390);
#7086=VERTEX_POINT('',#20391);
#7087=VERTEX_POINT('',#20393);
#7088=VERTEX_POINT('',#20395);
#7089=VERTEX_POINT('',#20399);
#7090=VERTEX_POINT('',#20400);
#7091=VERTEX_POINT('',#20402);
#7092=VERTEX_POINT('',#20404);
#7093=VERTEX_POINT('',#20408);
#7094=VERTEX_POINT('',#20409);
#7095=VERTEX_POINT('',#20411);
#7096=VERTEX_POINT('',#20413);
#7097=VERTEX_POINT('',#20417);
#7098=VERTEX_POINT('',#20418);
#7099=VERTEX_POINT('',#20420);
#7100=VERTEX_POINT('',#20422);
#7101=VERTEX_POINT('',#20426);
#7102=VERTEX_POINT('',#20428);
#7103=VERTEX_POINT('',#20430);
#7104=VERTEX_POINT('',#20432);
#7105=VERTEX_POINT('',#20434);
#7106=VERTEX_POINT('',#20436);
#7107=VERTEX_POINT('',#20438);
#7108=VERTEX_POINT('',#20440);
#7109=VERTEX_POINT('',#20442);
#7110=VERTEX_POINT('',#20444);
#7111=VERTEX_POINT('',#20446);
#7112=VERTEX_POINT('',#20448);
#7113=VERTEX_POINT('',#20450);
#7114=VERTEX_POINT('',#20452);
#7115=VERTEX_POINT('',#20454);
#7116=VERTEX_POINT('',#20456);
#7117=VERTEX_POINT('',#20458);
#7118=VERTEX_POINT('',#20462);
#7119=VERTEX_POINT('',#20464);
#7120=VERTEX_POINT('',#20468);
#7121=VERTEX_POINT('',#20469);
#7122=VERTEX_POINT('',#20471);
#7123=VERTEX_POINT('',#20473);
#7124=VERTEX_POINT('',#20478);
#7125=VERTEX_POINT('',#20480);
#7126=VERTEX_POINT('',#20482);
#7127=VERTEX_POINT('',#20484);
#7128=VERTEX_POINT('',#20486);
#7129=VERTEX_POINT('',#20488);
#7130=VERTEX_POINT('',#20490);
#7131=VERTEX_POINT('',#20492);
#7132=VERTEX_POINT('',#20494);
#7133=VERTEX_POINT('',#20496);
#7134=VERTEX_POINT('',#20498);
#7135=VERTEX_POINT('',#20500);
#7136=VERTEX_POINT('',#20502);
#7137=VERTEX_POINT('',#20504);
#7138=VERTEX_POINT('',#20506);
#7139=VERTEX_POINT('',#20510);
#7140=VERTEX_POINT('',#20512);
#7141=VERTEX_POINT('',#20514);
#7142=VERTEX_POINT('',#20516);
#7143=VERTEX_POINT('',#20518);
#7144=VERTEX_POINT('',#20520);
#7145=VERTEX_POINT('',#20522);
#7146=VERTEX_POINT('',#20524);
#7147=VERTEX_POINT('',#20526);
#7148=VERTEX_POINT('',#20528);
#7149=VERTEX_POINT('',#20530);
#7150=VERTEX_POINT('',#20534);
#7151=VERTEX_POINT('',#20536);
#7152=VERTEX_POINT('',#20538);
#7153=VERTEX_POINT('',#20540);
#7154=VERTEX_POINT('',#20542);
#7155=VERTEX_POINT('',#20544);
#7156=VERTEX_POINT('',#20546);
#7157=VERTEX_POINT('',#20548);
#7158=VERTEX_POINT('',#20550);
#7159=VERTEX_POINT('',#20552);
#7160=VERTEX_POINT('',#20554);
#7161=VERTEX_POINT('',#20561);
#7162=VERTEX_POINT('',#20563);
#7163=VERTEX_POINT('',#20565);
#7164=VERTEX_POINT('',#20567);
#7165=VERTEX_POINT('',#20569);
#7166=VERTEX_POINT('',#20571);
#7167=VERTEX_POINT('',#20573);
#7168=VERTEX_POINT('',#20575);
#7169=VERTEX_POINT('',#20577);
#7170=VERTEX_POINT('',#20579);
#7171=VERTEX_POINT('',#20581);
#7172=VERTEX_POINT('',#20585);
#7173=VERTEX_POINT('',#20587);
#7174=VERTEX_POINT('',#20589);
#7175=VERTEX_POINT('',#20591);
#7176=VERTEX_POINT('',#20593);
#7177=VERTEX_POINT('',#20595);
#7178=VERTEX_POINT('',#20597);
#7179=VERTEX_POINT('',#20599);
#7180=VERTEX_POINT('',#20601);
#7181=VERTEX_POINT('',#20603);
#7182=VERTEX_POINT('',#20605);
#7183=VERTEX_POINT('',#20612);
#7184=VERTEX_POINT('',#20614);
#7185=VERTEX_POINT('',#20616);
#7186=VERTEX_POINT('',#20618);
#7187=VERTEX_POINT('',#20620);
#7188=VERTEX_POINT('',#20622);
#7189=VERTEX_POINT('',#20624);
#7190=VERTEX_POINT('',#20626);
#7191=VERTEX_POINT('',#20628);
#7192=VERTEX_POINT('',#20630);
#7193=VERTEX_POINT('',#20632);
#7194=VERTEX_POINT('',#20636);
#7195=VERTEX_POINT('',#20638);
#7196=VERTEX_POINT('',#20640);
#7197=VERTEX_POINT('',#20642);
#7198=VERTEX_POINT('',#20644);
#7199=VERTEX_POINT('',#20646);
#7200=VERTEX_POINT('',#20648);
#7201=VERTEX_POINT('',#20650);
#7202=VERTEX_POINT('',#20652);
#7203=VERTEX_POINT('',#20654);
#7204=VERTEX_POINT('',#20656);
#7205=VERTEX_POINT('',#20663);
#7206=VERTEX_POINT('',#20665);
#7207=VERTEX_POINT('',#20667);
#7208=VERTEX_POINT('',#20669);
#7209=VERTEX_POINT('',#20671);
#7210=VERTEX_POINT('',#20673);
#7211=VERTEX_POINT('',#20675);
#7212=VERTEX_POINT('',#20677);
#7213=VERTEX_POINT('',#20679);
#7214=VERTEX_POINT('',#20681);
#7215=VERTEX_POINT('',#20683);
#7216=VERTEX_POINT('',#20687);
#7217=VERTEX_POINT('',#20689);
#7218=VERTEX_POINT('',#20691);
#7219=VERTEX_POINT('',#20693);
#7220=VERTEX_POINT('',#20695);
#7221=VERTEX_POINT('',#20697);
#7222=VERTEX_POINT('',#20699);
#7223=VERTEX_POINT('',#20701);
#7224=VERTEX_POINT('',#20703);
#7225=VERTEX_POINT('',#20705);
#7226=VERTEX_POINT('',#20707);
#7227=VERTEX_POINT('',#20714);
#7228=VERTEX_POINT('',#20716);
#7229=VERTEX_POINT('',#20718);
#7230=VERTEX_POINT('',#20720);
#7231=VERTEX_POINT('',#20722);
#7232=VERTEX_POINT('',#20724);
#7233=VERTEX_POINT('',#20726);
#7234=VERTEX_POINT('',#20728);
#7235=VERTEX_POINT('',#20730);
#7236=VERTEX_POINT('',#20732);
#7237=VERTEX_POINT('',#20734);
#7238=VERTEX_POINT('',#20738);
#7239=VERTEX_POINT('',#20740);
#7240=VERTEX_POINT('',#20742);
#7241=VERTEX_POINT('',#20744);
#7242=VERTEX_POINT('',#20746);
#7243=VERTEX_POINT('',#20748);
#7244=VERTEX_POINT('',#20750);
#7245=VERTEX_POINT('',#20752);
#7246=VERTEX_POINT('',#20754);
#7247=VERTEX_POINT('',#20756);
#7248=VERTEX_POINT('',#20758);
#7249=VERTEX_POINT('',#20765);
#7250=VERTEX_POINT('',#20767);
#7251=VERTEX_POINT('',#20769);
#7252=VERTEX_POINT('',#20771);
#7253=VERTEX_POINT('',#20773);
#7254=VERTEX_POINT('',#20775);
#7255=VERTEX_POINT('',#20777);
#7256=VERTEX_POINT('',#20779);
#7257=VERTEX_POINT('',#20781);
#7258=VERTEX_POINT('',#20783);
#7259=VERTEX_POINT('',#20785);
#7260=VERTEX_POINT('',#20789);
#7261=VERTEX_POINT('',#20791);
#7262=VERTEX_POINT('',#20793);
#7263=VERTEX_POINT('',#20795);
#7264=VERTEX_POINT('',#20797);
#7265=VERTEX_POINT('',#20799);
#7266=VERTEX_POINT('',#20801);
#7267=VERTEX_POINT('',#20803);
#7268=VERTEX_POINT('',#20805);
#7269=VERTEX_POINT('',#20807);
#7270=VERTEX_POINT('',#20809);
#7271=VERTEX_POINT('',#20816);
#7272=VERTEX_POINT('',#20818);
#7273=VERTEX_POINT('',#20820);
#7274=VERTEX_POINT('',#20822);
#7275=VERTEX_POINT('',#20824);
#7276=VERTEX_POINT('',#20826);
#7277=VERTEX_POINT('',#20828);
#7278=VERTEX_POINT('',#20830);
#7279=VERTEX_POINT('',#20834);
#7280=VERTEX_POINT('',#20836);
#7281=VERTEX_POINT('',#20841);
#7282=VERTEX_POINT('',#20843);
#7283=VERTEX_POINT('',#20845);
#7284=VERTEX_POINT('',#20847);
#7285=VERTEX_POINT('',#20849);
#7286=VERTEX_POINT('',#20851);
#7287=VERTEX_POINT('',#20855);
#7288=VERTEX_POINT('',#20857);
#7289=VERTEX_POINT('',#20859);
#7290=VERTEX_POINT('',#20861);
#7291=VERTEX_POINT('',#20863);
#7292=VERTEX_POINT('',#20865);
#7293=VERTEX_POINT('',#20867);
#7294=VERTEX_POINT('',#20869);
#7295=VERTEX_POINT('',#20873);
#7296=VERTEX_POINT('',#20875);
#7297=VERTEX_POINT('',#20880);
#7298=VERTEX_POINT('',#20882);
#7299=VERTEX_POINT('',#20884);
#7300=VERTEX_POINT('',#20886);
#7301=VERTEX_POINT('',#20888);
#7302=VERTEX_POINT('',#20890);
#7303=VERTEX_POINT('',#20894);
#7304=VERTEX_POINT('',#20896);
#7305=VERTEX_POINT('',#20898);
#7306=VERTEX_POINT('',#20900);
#7307=VERTEX_POINT('',#20902);
#7308=VERTEX_POINT('',#20904);
#7309=VERTEX_POINT('',#20906);
#7310=VERTEX_POINT('',#20908);
#7311=VERTEX_POINT('',#20912);
#7312=VERTEX_POINT('',#20914);
#7313=VERTEX_POINT('',#20919);
#7314=VERTEX_POINT('',#20921);
#7315=VERTEX_POINT('',#20923);
#7316=VERTEX_POINT('',#20925);
#7317=VERTEX_POINT('',#20927);
#7318=VERTEX_POINT('',#20929);
#7319=VERTEX_POINT('',#20933);
#7320=VERTEX_POINT('',#20935);
#7321=VERTEX_POINT('',#20937);
#7322=VERTEX_POINT('',#20939);
#7323=VERTEX_POINT('',#20941);
#7324=VERTEX_POINT('',#20943);
#7325=VERTEX_POINT('',#20945);
#7326=VERTEX_POINT('',#20947);
#7327=VERTEX_POINT('',#20951);
#7328=VERTEX_POINT('',#20953);
#7329=VERTEX_POINT('',#20958);
#7330=VERTEX_POINT('',#20960);
#7331=VERTEX_POINT('',#20962);
#7332=VERTEX_POINT('',#20964);
#7333=VERTEX_POINT('',#20966);
#7334=VERTEX_POINT('',#20968);
#7335=VERTEX_POINT('',#20972);
#7336=VERTEX_POINT('',#20974);
#7337=VERTEX_POINT('',#20976);
#7338=VERTEX_POINT('',#20978);
#7339=VERTEX_POINT('',#20980);
#7340=VERTEX_POINT('',#20982);
#7341=VERTEX_POINT('',#20984);
#7342=VERTEX_POINT('',#20986);
#7343=VERTEX_POINT('',#20990);
#7344=VERTEX_POINT('',#20992);
#7345=VERTEX_POINT('',#20997);
#7346=VERTEX_POINT('',#20999);
#7347=VERTEX_POINT('',#21001);
#7348=VERTEX_POINT('',#21003);
#7349=VERTEX_POINT('',#21005);
#7350=VERTEX_POINT('',#21007);
#7351=VERTEX_POINT('',#21011);
#7352=VERTEX_POINT('',#21013);
#7353=VERTEX_POINT('',#21015);
#7354=VERTEX_POINT('',#21017);
#7355=VERTEX_POINT('',#21019);
#7356=VERTEX_POINT('',#21021);
#7357=VERTEX_POINT('',#21023);
#7358=VERTEX_POINT('',#21025);
#7359=VERTEX_POINT('',#21029);
#7360=VERTEX_POINT('',#21031);
#7361=VERTEX_POINT('',#21036);
#7362=VERTEX_POINT('',#21038);
#7363=VERTEX_POINT('',#21040);
#7364=VERTEX_POINT('',#21042);
#7365=VERTEX_POINT('',#21044);
#7366=VERTEX_POINT('',#21046);
#7367=VERTEX_POINT('',#21263);
#7368=VERTEX_POINT('',#21264);
#7369=VERTEX_POINT('',#21266);
#7370=VERTEX_POINT('',#21268);
#7371=VERTEX_POINT('',#21272);
#7372=VERTEX_POINT('',#21273);
#7373=VERTEX_POINT('',#21275);
#7374=VERTEX_POINT('',#21277);
#7375=VERTEX_POINT('',#21281);
#7376=VERTEX_POINT('',#21282);
#7377=VERTEX_POINT('',#21284);
#7378=VERTEX_POINT('',#21286);
#7379=VERTEX_POINT('',#21290);
#7380=VERTEX_POINT('',#21291);
#7381=VERTEX_POINT('',#21293);
#7382=VERTEX_POINT('',#21295);
#7383=VERTEX_POINT('',#21299);
#7384=VERTEX_POINT('',#21300);
#7385=VERTEX_POINT('',#21302);
#7386=VERTEX_POINT('',#21304);
#7387=VERTEX_POINT('',#21308);
#7388=VERTEX_POINT('',#21309);
#7389=VERTEX_POINT('',#21311);
#7390=VERTEX_POINT('',#21313);
#7391=VERTEX_POINT('',#21317);
#7392=VERTEX_POINT('',#21318);
#7393=VERTEX_POINT('',#21320);
#7394=VERTEX_POINT('',#21322);
#7395=VERTEX_POINT('',#21326);
#7396=VERTEX_POINT('',#21327);
#7397=VERTEX_POINT('',#21329);
#7398=VERTEX_POINT('',#21331);
#7399=VERTEX_POINT('',#21335);
#7400=VERTEX_POINT('',#21336);
#7401=VERTEX_POINT('',#21338);
#7402=VERTEX_POINT('',#21340);
#7403=VERTEX_POINT('',#21344);
#7404=VERTEX_POINT('',#21345);
#7405=VERTEX_POINT('',#21347);
#7406=VERTEX_POINT('',#21349);
#7407=VERTEX_POINT('',#21353);
#7408=VERTEX_POINT('',#21354);
#7409=VERTEX_POINT('',#21356);
#7410=VERTEX_POINT('',#21358);
#7411=VERTEX_POINT('',#21362);
#7412=VERTEX_POINT('',#21363);
#7413=VERTEX_POINT('',#21365);
#7414=VERTEX_POINT('',#21367);
#7415=VERTEX_POINT('',#21371);
#7416=VERTEX_POINT('',#21373);
#7417=VERTEX_POINT('',#21375);
#7418=VERTEX_POINT('',#21377);
#7419=VERTEX_POINT('',#21379);
#7420=VERTEX_POINT('',#21381);
#7421=VERTEX_POINT('',#21383);
#7422=VERTEX_POINT('',#21385);
#7423=VERTEX_POINT('',#21387);
#7424=VERTEX_POINT('',#21389);
#7425=VERTEX_POINT('',#21391);
#7426=VERTEX_POINT('',#21393);
#7427=VERTEX_POINT('',#21395);
#7428=VERTEX_POINT('',#21397);
#7429=VERTEX_POINT('',#21399);
#7430=VERTEX_POINT('',#21401);
#7431=VERTEX_POINT('',#21403);
#7432=VERTEX_POINT('',#21405);
#7433=VERTEX_POINT('',#21407);
#7434=VERTEX_POINT('',#21409);
#7435=VERTEX_POINT('',#21411);
#7436=VERTEX_POINT('',#21413);
#7437=VERTEX_POINT('',#21415);
#7438=VERTEX_POINT('',#21417);
#7439=VERTEX_POINT('',#21419);
#7440=VERTEX_POINT('',#21423);
#7441=VERTEX_POINT('',#21425);
#7442=VERTEX_POINT('',#21429);
#7443=VERTEX_POINT('',#21430);
#7444=VERTEX_POINT('',#21432);
#7445=VERTEX_POINT('',#21434);
#7446=VERTEX_POINT('',#21439);
#7447=VERTEX_POINT('',#21441);
#7448=VERTEX_POINT('',#21443);
#7449=VERTEX_POINT('',#21445);
#7450=VERTEX_POINT('',#21447);
#7451=VERTEX_POINT('',#21449);
#7452=VERTEX_POINT('',#21451);
#7453=VERTEX_POINT('',#21453);
#7454=VERTEX_POINT('',#21455);
#7455=VERTEX_POINT('',#21457);
#7456=VERTEX_POINT('',#21459);
#7457=VERTEX_POINT('',#21461);
#7458=VERTEX_POINT('',#21463);
#7459=VERTEX_POINT('',#21465);
#7460=VERTEX_POINT('',#21467);
#7461=VERTEX_POINT('',#21469);
#7462=VERTEX_POINT('',#21471);
#7463=VERTEX_POINT('',#21473);
#7464=VERTEX_POINT('',#21475);
#7465=VERTEX_POINT('',#21477);
#7466=VERTEX_POINT('',#21479);
#7467=VERTEX_POINT('',#21481);
#7468=VERTEX_POINT('',#21483);
#7469=VERTEX_POINT('',#21487);
#7470=VERTEX_POINT('',#21489);
#7471=VERTEX_POINT('',#21491);
#7472=VERTEX_POINT('',#21493);
#7473=VERTEX_POINT('',#21495);
#7474=VERTEX_POINT('',#21497);
#7475=VERTEX_POINT('',#21499);
#7476=VERTEX_POINT('',#21501);
#7477=VERTEX_POINT('',#21503);
#7478=VERTEX_POINT('',#21505);
#7479=VERTEX_POINT('',#21507);
#7480=VERTEX_POINT('',#21509);
#7481=VERTEX_POINT('',#21513);
#7482=VERTEX_POINT('',#21515);
#7483=VERTEX_POINT('',#21517);
#7484=VERTEX_POINT('',#21519);
#7485=VERTEX_POINT('',#21521);
#7486=VERTEX_POINT('',#21523);
#7487=VERTEX_POINT('',#21525);
#7488=VERTEX_POINT('',#21527);
#7489=VERTEX_POINT('',#21529);
#7490=VERTEX_POINT('',#21531);
#7491=VERTEX_POINT('',#21533);
#7492=VERTEX_POINT('',#21535);
#7493=VERTEX_POINT('',#21542);
#7494=VERTEX_POINT('',#21544);
#7495=VERTEX_POINT('',#21546);
#7496=VERTEX_POINT('',#21548);
#7497=VERTEX_POINT('',#21550);
#7498=VERTEX_POINT('',#21552);
#7499=VERTEX_POINT('',#21554);
#7500=VERTEX_POINT('',#21556);
#7501=VERTEX_POINT('',#21558);
#7502=VERTEX_POINT('',#21560);
#7503=VERTEX_POINT('',#21562);
#7504=VERTEX_POINT('',#21564);
#7505=VERTEX_POINT('',#21568);
#7506=VERTEX_POINT('',#21570);
#7507=VERTEX_POINT('',#21572);
#7508=VERTEX_POINT('',#21574);
#7509=VERTEX_POINT('',#21576);
#7510=VERTEX_POINT('',#21578);
#7511=VERTEX_POINT('',#21580);
#7512=VERTEX_POINT('',#21582);
#7513=VERTEX_POINT('',#21584);
#7514=VERTEX_POINT('',#21586);
#7515=VERTEX_POINT('',#21588);
#7516=VERTEX_POINT('',#21590);
#7517=VERTEX_POINT('',#21597);
#7518=VERTEX_POINT('',#21599);
#7519=VERTEX_POINT('',#21601);
#7520=VERTEX_POINT('',#21603);
#7521=VERTEX_POINT('',#21605);
#7522=VERTEX_POINT('',#21607);
#7523=VERTEX_POINT('',#21609);
#7524=VERTEX_POINT('',#21611);
#7525=VERTEX_POINT('',#21613);
#7526=VERTEX_POINT('',#21615);
#7527=VERTEX_POINT('',#21617);
#7528=VERTEX_POINT('',#21619);
#7529=VERTEX_POINT('',#21623);
#7530=VERTEX_POINT('',#21625);
#7531=VERTEX_POINT('',#21627);
#7532=VERTEX_POINT('',#21629);
#7533=VERTEX_POINT('',#21631);
#7534=VERTEX_POINT('',#21633);
#7535=VERTEX_POINT('',#21635);
#7536=VERTEX_POINT('',#21637);
#7537=VERTEX_POINT('',#21639);
#7538=VERTEX_POINT('',#21641);
#7539=VERTEX_POINT('',#21643);
#7540=VERTEX_POINT('',#21645);
#7541=VERTEX_POINT('',#21652);
#7542=VERTEX_POINT('',#21654);
#7543=VERTEX_POINT('',#21656);
#7544=VERTEX_POINT('',#21658);
#7545=VERTEX_POINT('',#21660);
#7546=VERTEX_POINT('',#21662);
#7547=VERTEX_POINT('',#21664);
#7548=VERTEX_POINT('',#21666);
#7549=VERTEX_POINT('',#21668);
#7550=VERTEX_POINT('',#21670);
#7551=VERTEX_POINT('',#21672);
#7552=VERTEX_POINT('',#21674);
#7553=VERTEX_POINT('',#21678);
#7554=VERTEX_POINT('',#21680);
#7555=VERTEX_POINT('',#21682);
#7556=VERTEX_POINT('',#21684);
#7557=VERTEX_POINT('',#21686);
#7558=VERTEX_POINT('',#21688);
#7559=VERTEX_POINT('',#21690);
#7560=VERTEX_POINT('',#21692);
#7561=VERTEX_POINT('',#21694);
#7562=VERTEX_POINT('',#21696);
#7563=VERTEX_POINT('',#21698);
#7564=VERTEX_POINT('',#21700);
#7565=VERTEX_POINT('',#21707);
#7566=VERTEX_POINT('',#21709);
#7567=VERTEX_POINT('',#21711);
#7568=VERTEX_POINT('',#21713);
#7569=VERTEX_POINT('',#21715);
#7570=VERTEX_POINT('',#21717);
#7571=VERTEX_POINT('',#21719);
#7572=VERTEX_POINT('',#21721);
#7573=VERTEX_POINT('',#21723);
#7574=VERTEX_POINT('',#21725);
#7575=VERTEX_POINT('',#21727);
#7576=VERTEX_POINT('',#21729);
#7577=VERTEX_POINT('',#21733);
#7578=VERTEX_POINT('',#21735);
#7579=VERTEX_POINT('',#21737);
#7580=VERTEX_POINT('',#21739);
#7581=VERTEX_POINT('',#21741);
#7582=VERTEX_POINT('',#21743);
#7583=VERTEX_POINT('',#21745);
#7584=VERTEX_POINT('',#21747);
#7585=VERTEX_POINT('',#21749);
#7586=VERTEX_POINT('',#21751);
#7587=VERTEX_POINT('',#21753);
#7588=VERTEX_POINT('',#21755);
#7589=VERTEX_POINT('',#21762);
#7590=VERTEX_POINT('',#21764);
#7591=VERTEX_POINT('',#21766);
#7592=VERTEX_POINT('',#21768);
#7593=VERTEX_POINT('',#21770);
#7594=VERTEX_POINT('',#21772);
#7595=VERTEX_POINT('',#21774);
#7596=VERTEX_POINT('',#21776);
#7597=VERTEX_POINT('',#21778);
#7598=VERTEX_POINT('',#21780);
#7599=VERTEX_POINT('',#21782);
#7600=VERTEX_POINT('',#21784);
#7601=VERTEX_POINT('',#21788);
#7602=VERTEX_POINT('',#21790);
#7603=VERTEX_POINT('',#21792);
#7604=VERTEX_POINT('',#21794);
#7605=VERTEX_POINT('',#21796);
#7606=VERTEX_POINT('',#21798);
#7607=VERTEX_POINT('',#21800);
#7608=VERTEX_POINT('',#21802);
#7609=VERTEX_POINT('',#21804);
#7610=VERTEX_POINT('',#21806);
#7611=VERTEX_POINT('',#21808);
#7612=VERTEX_POINT('',#21810);
#7613=VERTEX_POINT('',#21817);
#7614=VERTEX_POINT('',#21819);
#7615=VERTEX_POINT('',#21821);
#7616=VERTEX_POINT('',#21823);
#7617=VERTEX_POINT('',#21825);
#7618=VERTEX_POINT('',#21827);
#7619=VERTEX_POINT('',#21829);
#7620=VERTEX_POINT('',#21831);
#7621=VERTEX_POINT('',#21833);
#7622=VERTEX_POINT('',#21835);
#7623=VERTEX_POINT('',#21837);
#7624=VERTEX_POINT('',#21839);
#7625=VERTEX_POINT('',#21841);
#7626=VERTEX_POINT('',#21843);
#7627=VERTEX_POINT('',#21845);
#7628=VERTEX_POINT('',#21849);
#7629=VERTEX_POINT('',#21851);
#7630=VERTEX_POINT('',#21856);
#7631=VERTEX_POINT('',#21858);
#7632=VERTEX_POINT('',#21860);
#7633=VERTEX_POINT('',#21862);
#7634=VERTEX_POINT('',#21864);
#7635=VERTEX_POINT('',#21866);
#7636=VERTEX_POINT('',#21868);
#7637=VERTEX_POINT('',#21870);
#7638=VERTEX_POINT('',#21872);
#7639=VERTEX_POINT('',#21874);
#7640=VERTEX_POINT('',#21876);
#7641=VERTEX_POINT('',#21878);
#7642=VERTEX_POINT('',#21880);
#7643=VERTEX_POINT('',#21884);
#7644=VERTEX_POINT('',#21886);
#7645=VERTEX_POINT('',#21888);
#7646=VERTEX_POINT('',#21890);
#7647=VERTEX_POINT('',#21892);
#7648=VERTEX_POINT('',#21894);
#7649=VERTEX_POINT('',#21896);
#7650=VERTEX_POINT('',#21898);
#7651=VERTEX_POINT('',#21900);
#7652=VERTEX_POINT('',#21902);
#7653=VERTEX_POINT('',#21904);
#7654=VERTEX_POINT('',#21906);
#7655=VERTEX_POINT('',#21908);
#7656=VERTEX_POINT('',#21910);
#7657=VERTEX_POINT('',#21912);
#7658=VERTEX_POINT('',#21916);
#7659=VERTEX_POINT('',#21918);
#7660=VERTEX_POINT('',#21923);
#7661=VERTEX_POINT('',#21925);
#7662=VERTEX_POINT('',#21927);
#7663=VERTEX_POINT('',#21929);
#7664=VERTEX_POINT('',#21931);
#7665=VERTEX_POINT('',#21933);
#7666=VERTEX_POINT('',#21935);
#7667=VERTEX_POINT('',#21937);
#7668=VERTEX_POINT('',#21939);
#7669=VERTEX_POINT('',#21941);
#7670=VERTEX_POINT('',#21943);
#7671=VERTEX_POINT('',#21945);
#7672=VERTEX_POINT('',#21947);
#7673=VERTEX_POINT('',#21951);
#7674=VERTEX_POINT('',#21953);
#7675=VERTEX_POINT('',#21955);
#7676=VERTEX_POINT('',#21957);
#7677=VERTEX_POINT('',#21959);
#7678=VERTEX_POINT('',#21961);
#7679=VERTEX_POINT('',#21963);
#7680=VERTEX_POINT('',#21965);
#7681=VERTEX_POINT('',#21967);
#7682=VERTEX_POINT('',#21969);
#7683=VERTEX_POINT('',#21971);
#7684=VERTEX_POINT('',#21973);
#7685=VERTEX_POINT('',#21975);
#7686=VERTEX_POINT('',#21977);
#7687=VERTEX_POINT('',#21979);
#7688=VERTEX_POINT('',#21983);
#7689=VERTEX_POINT('',#21985);
#7690=VERTEX_POINT('',#21990);
#7691=VERTEX_POINT('',#21992);
#7692=VERTEX_POINT('',#21994);
#7693=VERTEX_POINT('',#21996);
#7694=VERTEX_POINT('',#21998);
#7695=VERTEX_POINT('',#22000);
#7696=VERTEX_POINT('',#22002);
#7697=VERTEX_POINT('',#22004);
#7698=VERTEX_POINT('',#22006);
#7699=VERTEX_POINT('',#22008);
#7700=VERTEX_POINT('',#22010);
#7701=VERTEX_POINT('',#22012);
#7702=VERTEX_POINT('',#22014);
#7703=VERTEX_POINT('',#22018);
#7704=VERTEX_POINT('',#22020);
#7705=VERTEX_POINT('',#22022);
#7706=VERTEX_POINT('',#22024);
#7707=VERTEX_POINT('',#22026);
#7708=VERTEX_POINT('',#22028);
#7709=VERTEX_POINT('',#22030);
#7710=VERTEX_POINT('',#22032);
#7711=VERTEX_POINT('',#22034);
#7712=VERTEX_POINT('',#22036);
#7713=VERTEX_POINT('',#22038);
#7714=VERTEX_POINT('',#22040);
#7715=VERTEX_POINT('',#22042);
#7716=VERTEX_POINT('',#22044);
#7717=VERTEX_POINT('',#22046);
#7718=VERTEX_POINT('',#22050);
#7719=VERTEX_POINT('',#22052);
#7720=VERTEX_POINT('',#22057);
#7721=VERTEX_POINT('',#22059);
#7722=VERTEX_POINT('',#22061);
#7723=VERTEX_POINT('',#22063);
#7724=VERTEX_POINT('',#22065);
#7725=VERTEX_POINT('',#22067);
#7726=VERTEX_POINT('',#22069);
#7727=VERTEX_POINT('',#22071);
#7728=VERTEX_POINT('',#22073);
#7729=VERTEX_POINT('',#22075);
#7730=VERTEX_POINT('',#22077);
#7731=VERTEX_POINT('',#22079);
#7732=VERTEX_POINT('',#22081);
#7733=VERTEX_POINT('',#22085);
#7734=VERTEX_POINT('',#22087);
#7735=VERTEX_POINT('',#22089);
#7736=VERTEX_POINT('',#22091);
#7737=VERTEX_POINT('',#22093);
#7738=VERTEX_POINT('',#22095);
#7739=VERTEX_POINT('',#22097);
#7740=VERTEX_POINT('',#22099);
#7741=VERTEX_POINT('',#22101);
#7742=VERTEX_POINT('',#22103);
#7743=VERTEX_POINT('',#22105);
#7744=VERTEX_POINT('',#22107);
#7745=VERTEX_POINT('',#22109);
#7746=VERTEX_POINT('',#22111);
#7747=VERTEX_POINT('',#22113);
#7748=VERTEX_POINT('',#22117);
#7749=VERTEX_POINT('',#22119);
#7750=VERTEX_POINT('',#22124);
#7751=VERTEX_POINT('',#22126);
#7752=VERTEX_POINT('',#22128);
#7753=VERTEX_POINT('',#22130);
#7754=VERTEX_POINT('',#22132);
#7755=VERTEX_POINT('',#22134);
#7756=VERTEX_POINT('',#22136);
#7757=VERTEX_POINT('',#22138);
#7758=VERTEX_POINT('',#22140);
#7759=VERTEX_POINT('',#22142);
#7760=VERTEX_POINT('',#22144);
#7761=VERTEX_POINT('',#22146);
#7762=VERTEX_POINT('',#22148);
#7763=VERTEX_POINT('',#22152);
#7764=VERTEX_POINT('',#22154);
#7765=VERTEX_POINT('',#22156);
#7766=VERTEX_POINT('',#22158);
#7767=VERTEX_POINT('',#22160);
#7768=VERTEX_POINT('',#22162);
#7769=VERTEX_POINT('',#22164);
#7770=VERTEX_POINT('',#22166);
#7771=VERTEX_POINT('',#22168);
#7772=VERTEX_POINT('',#22170);
#7773=VERTEX_POINT('',#22172);
#7774=VERTEX_POINT('',#22174);
#7775=VERTEX_POINT('',#22176);
#7776=VERTEX_POINT('',#22178);
#7777=VERTEX_POINT('',#22180);
#7778=VERTEX_POINT('',#22184);
#7779=VERTEX_POINT('',#22186);
#7780=VERTEX_POINT('',#22191);
#7781=VERTEX_POINT('',#22193);
#7782=VERTEX_POINT('',#22195);
#7783=VERTEX_POINT('',#22197);
#7784=VERTEX_POINT('',#22199);
#7785=VERTEX_POINT('',#22201);
#7786=VERTEX_POINT('',#22203);
#7787=VERTEX_POINT('',#22205);
#7788=VERTEX_POINT('',#22207);
#7789=VERTEX_POINT('',#22209);
#7790=VERTEX_POINT('',#22211);
#7791=VERTEX_POINT('',#22213);
#7792=VERTEX_POINT('',#22215);
#7793=VERTEX_POINT('',#22544);
#7794=VERTEX_POINT('',#22545);
#7795=VERTEX_POINT('',#22547);
#7796=VERTEX_POINT('',#22549);
#7797=VERTEX_POINT('',#22553);
#7798=VERTEX_POINT('',#22555);
#7799=VERTEX_POINT('',#22559);
#7800=VERTEX_POINT('',#22561);
#7801=VERTEX_POINT('',#22565);
#7802=VERTEX_POINT('',#22567);
#7803=VERTEX_POINT('',#22571);
#7804=VERTEX_POINT('',#22573);
#7805=VERTEX_POINT('',#22577);
#7806=VERTEX_POINT('',#22579);
#7807=VERTEX_POINT('',#22583);
#7808=VERTEX_POINT('',#22585);
#7809=VERTEX_POINT('',#22589);
#7810=VERTEX_POINT('',#22591);
#7811=VERTEX_POINT('',#22595);
#7812=VERTEX_POINT('',#22597);
#7813=VERTEX_POINT('',#22601);
#7814=VERTEX_POINT('',#22603);
#7815=VERTEX_POINT('',#22607);
#7816=VERTEX_POINT('',#22609);
#7817=VERTEX_POINT('',#22613);
#7818=VERTEX_POINT('',#22615);
#7819=VERTEX_POINT('',#22619);
#7820=VERTEX_POINT('',#22621);
#7821=VERTEX_POINT('',#22625);
#7822=VERTEX_POINT('',#22627);
#7823=VERTEX_POINT('',#22631);
#7824=VERTEX_POINT('',#22633);
#7825=VERTEX_POINT('',#22637);
#7826=VERTEX_POINT('',#22639);
#7827=VERTEX_POINT('',#22643);
#7828=VERTEX_POINT('',#22645);
#7829=VERTEX_POINT('',#22649);
#7830=VERTEX_POINT('',#22651);
#7831=VERTEX_POINT('',#22655);
#7832=VERTEX_POINT('',#22657);
#7833=VERTEX_POINT('',#22661);
#7834=VERTEX_POINT('',#22663);
#7835=VERTEX_POINT('',#22667);
#7836=VERTEX_POINT('',#22669);
#7837=VERTEX_POINT('',#22673);
#7838=VERTEX_POINT('',#22675);
#7839=VERTEX_POINT('',#22679);
#7840=VERTEX_POINT('',#22681);
#7841=VERTEX_POINT('',#22685);
#7842=VERTEX_POINT('',#22687);
#7843=VERTEX_POINT('',#22691);
#7844=VERTEX_POINT('',#22693);
#7845=VERTEX_POINT('',#22697);
#7846=VERTEX_POINT('',#22699);
#7847=VERTEX_POINT('',#22703);
#7848=VERTEX_POINT('',#22705);
#7849=VERTEX_POINT('',#22709);
#7850=VERTEX_POINT('',#22711);
#7851=VERTEX_POINT('',#22715);
#7852=VERTEX_POINT('',#22717);
#7853=LINE('',#18651,#9675);
#7854=LINE('',#18654,#9676);
#7855=LINE('',#18656,#9677);
#7856=LINE('',#18658,#9678);
#7857=LINE('',#18660,#9679);
#7858=LINE('',#18663,#9680);
#7859=LINE('',#18665,#9681);
#7860=LINE('',#18667,#9682);
#7861=LINE('',#18669,#9683);
#7862=LINE('',#18672,#9684);
#7863=LINE('',#18673,#9685);
#7864=LINE('',#18678,#9686);
#7865=LINE('',#18681,#9687);
#7866=LINE('',#18683,#9688);
#7867=LINE('',#18685,#9689);
#7868=LINE('',#18687,#9690);
#7869=LINE('',#18689,#9691);
#7870=LINE('',#18691,#9692);
#7871=LINE('',#18694,#9693);
#7872=LINE('',#18696,#9694);
#7873=LINE('',#18698,#9695);
#7874=LINE('',#18700,#9696);
#7875=LINE('',#18702,#9697);
#7876=LINE('',#18704,#9698);
#7877=LINE('',#18707,#9699);
#7878=LINE('',#18709,#9700);
#7879=LINE('',#18711,#9701);
#7880=LINE('',#18713,#9702);
#7881=LINE('',#18715,#9703);
#7882=LINE('',#18717,#9704);
#7883=LINE('',#18720,#9705);
#7884=LINE('',#18722,#9706);
#7885=LINE('',#18724,#9707);
#7886=LINE('',#18726,#9708);
#7887=LINE('',#18728,#9709);
#7888=LINE('',#18730,#9710);
#7889=LINE('',#18733,#9711);
#7890=LINE('',#18735,#9712);
#7891=LINE('',#18737,#9713);
#7892=LINE('',#18739,#9714);
#7893=LINE('',#18741,#9715);
#7894=LINE('',#18743,#9716);
#7895=LINE('',#18746,#9717);
#7896=LINE('',#18748,#9718);
#7897=LINE('',#18750,#9719);
#7898=LINE('',#18752,#9720);
#7899=LINE('',#18754,#9721);
#7900=LINE('',#18756,#9722);
#7901=LINE('',#18759,#9723);
#7902=LINE('',#18761,#9724);
#7903=LINE('',#18763,#9725);
#7904=LINE('',#18765,#9726);
#7905=LINE('',#18767,#9727);
#7906=LINE('',#18769,#9728);
#7907=LINE('',#18771,#9729);
#7908=LINE('',#18772,#9730);
#7909=LINE('',#18775,#9731);
#7910=LINE('',#18777,#9732);
#7911=LINE('',#18779,#9733);
#7912=LINE('',#18781,#9734);
#7913=LINE('',#18784,#9735);
#7914=LINE('',#18786,#9736);
#7915=LINE('',#18788,#9737);
#7916=LINE('',#18790,#9738);
#7917=LINE('',#18793,#9739);
#7918=LINE('',#18795,#9740);
#7919=LINE('',#18797,#9741);
#7920=LINE('',#18799,#9742);
#7921=LINE('',#18802,#9743);
#7922=LINE('',#18804,#9744);
#7923=LINE('',#18806,#9745);
#7924=LINE('',#18808,#9746);
#7925=LINE('',#18811,#9747);
#7926=LINE('',#18813,#9748);
#7927=LINE('',#18815,#9749);
#7928=LINE('',#18817,#9750);
#7929=LINE('',#18820,#9751);
#7930=LINE('',#18822,#9752);
#7931=LINE('',#18824,#9753);
#7932=LINE('',#18826,#9754);
#7933=LINE('',#18829,#9755);
#7934=LINE('',#18831,#9756);
#7935=LINE('',#18833,#9757);
#7936=LINE('',#18835,#9758);
#7937=LINE('',#18838,#9759);
#7938=LINE('',#18840,#9760);
#7939=LINE('',#18842,#9761);
#7940=LINE('',#18844,#9762);
#7941=LINE('',#18847,#9763);
#7942=LINE('',#18849,#9764);
#7943=LINE('',#18851,#9765);
#7944=LINE('',#18853,#9766);
#7945=LINE('',#18856,#9767);
#7946=LINE('',#18858,#9768);
#7947=LINE('',#18860,#9769);
#7948=LINE('',#18862,#9770);
#7949=LINE('',#18865,#9771);
#7950=LINE('',#18867,#9772);
#7951=LINE('',#18869,#9773);
#7952=LINE('',#18871,#9774);
#7953=LINE('',#18874,#9775);
#7954=LINE('',#18876,#9776);
#7955=LINE('',#18878,#9777);
#7956=LINE('',#18880,#9778);
#7957=LINE('',#18883,#9779);
#7958=LINE('',#18885,#9780);
#7959=LINE('',#18887,#9781);
#7960=LINE('',#18889,#9782);
#7961=LINE('',#18892,#9783);
#7962=LINE('',#18894,#9784);
#7963=LINE('',#18896,#9785);
#7964=LINE('',#18898,#9786);
#7965=LINE('',#18900,#9787);
#7966=LINE('',#18902,#9788);
#7967=LINE('',#18904,#9789);
#7968=LINE('',#18906,#9790);
#7969=LINE('',#18908,#9791);
#7970=LINE('',#18910,#9792);
#7971=LINE('',#18912,#9793);
#7972=LINE('',#18914,#9794);
#7973=LINE('',#18916,#9795);
#7974=LINE('',#18918,#9796);
#7975=LINE('',#18919,#9797);
#7976=LINE('',#18921,#9798);
#7977=LINE('',#18923,#9799);
#7978=LINE('',#18924,#9800);
#7979=LINE('',#18926,#9801);
#7980=LINE('',#18928,#9802);
#7981=LINE('',#18930,#9803);
#7982=LINE('',#18932,#9804);
#7983=LINE('',#18934,#9805);
#7984=LINE('',#18936,#9806);
#7985=LINE('',#18938,#9807);
#7986=LINE('',#18940,#9808);
#7987=LINE('',#18942,#9809);
#7988=LINE('',#18944,#9810);
#7989=LINE('',#18946,#9811);
#7990=LINE('',#18948,#9812);
#7991=LINE('',#18950,#9813);
#7992=LINE('',#18952,#9814);
#7993=LINE('',#18954,#9815);
#7994=LINE('',#18956,#9816);
#7995=LINE('',#18958,#9817);
#7996=LINE('',#18960,#9818);
#7997=LINE('',#18962,#9819);
#7998=LINE('',#18964,#9820);
#7999=LINE('',#18966,#9821);
#8000=LINE('',#18968,#9822);
#8001=LINE('',#18970,#9823);
#8002=LINE('',#18972,#9824);
#8003=LINE('',#18974,#9825);
#8004=LINE('',#18976,#9826);
#8005=LINE('',#18978,#9827);
#8006=LINE('',#18980,#9828);
#8007=LINE('',#18982,#9829);
#8008=LINE('',#18984,#9830);
#8009=LINE('',#18986,#9831);
#8010=LINE('',#18988,#9832);
#8011=LINE('',#18991,#9833);
#8012=LINE('',#18993,#9834);
#8013=LINE('',#18995,#9835);
#8014=LINE('',#18997,#9836);
#8015=LINE('',#19000,#9837);
#8016=LINE('',#19001,#9838);
#8017=LINE('',#19003,#9839);
#8018=LINE('',#19005,#9840);
#8019=LINE('',#19007,#9841);
#8020=LINE('',#19009,#9842);
#8021=LINE('',#19011,#9843);
#8022=LINE('',#19013,#9844);
#8023=LINE('',#19015,#9845);
#8024=LINE('',#19017,#9846);
#8025=LINE('',#19019,#9847);
#8026=LINE('',#19021,#9848);
#8027=LINE('',#19023,#9849);
#8028=LINE('',#19025,#9850);
#8029=LINE('',#19027,#9851);
#8030=LINE('',#19030,#9852);
#8031=LINE('',#19032,#9853);
#8032=LINE('',#19034,#9854);
#8033=LINE('',#19036,#9855);
#8034=LINE('',#19038,#9856);
#8035=LINE('',#19040,#9857);
#8036=LINE('',#19042,#9858);
#8037=LINE('',#19044,#9859);
#8038=LINE('',#19046,#9860);
#8039=LINE('',#19048,#9861);
#8040=LINE('',#19050,#9862);
#8041=LINE('',#19052,#9863);
#8042=LINE('',#19054,#9864);
#8043=LINE('',#19056,#9865);
#8044=LINE('',#19058,#9866);
#8045=LINE('',#19060,#9867);
#8046=LINE('',#19062,#9868);
#8047=LINE('',#19064,#9869);
#8048=LINE('',#19066,#9870);
#8049=LINE('',#19068,#9871);
#8050=LINE('',#19070,#9872);
#8051=LINE('',#19072,#9873);
#8052=LINE('',#19074,#9874);
#8053=LINE('',#19077,#9875);
#8054=LINE('',#19079,#9876);
#8055=LINE('',#19081,#9877);
#8056=LINE('',#19083,#9878);
#8057=LINE('',#19085,#9879);
#8058=LINE('',#19087,#9880);
#8059=LINE('',#19089,#9881);
#8060=LINE('',#19091,#9882);
#8061=LINE('',#19093,#9883);
#8062=LINE('',#19095,#9884);
#8063=LINE('',#19097,#9885);
#8064=LINE('',#19099,#9886);
#8065=LINE('',#19101,#9887);
#8066=LINE('',#19103,#9888);
#8067=LINE('',#19105,#9889);
#8068=LINE('',#19107,#9890);
#8069=LINE('',#19109,#9891);
#8070=LINE('',#19111,#9892);
#8071=LINE('',#19113,#9893);
#8072=LINE('',#19115,#9894);
#8073=LINE('',#19117,#9895);
#8074=LINE('',#19119,#9896);
#8075=LINE('',#19121,#9897);
#8076=LINE('',#19124,#9898);
#8077=LINE('',#19126,#9899);
#8078=LINE('',#19128,#9900);
#8079=LINE('',#19130,#9901);
#8080=LINE('',#19132,#9902);
#8081=LINE('',#19134,#9903);
#8082=LINE('',#19136,#9904);
#8083=LINE('',#19138,#9905);
#8084=LINE('',#19140,#9906);
#8085=LINE('',#19142,#9907);
#8086=LINE('',#19144,#9908);
#8087=LINE('',#19146,#9909);
#8088=LINE('',#19148,#9910);
#8089=LINE('',#19150,#9911);
#8090=LINE('',#19152,#9912);
#8091=LINE('',#19154,#9913);
#8092=LINE('',#19156,#9914);
#8093=LINE('',#19158,#9915);
#8094=LINE('',#19160,#9916);
#8095=LINE('',#19162,#9917);
#8096=LINE('',#19164,#9918);
#8097=LINE('',#19166,#9919);
#8098=LINE('',#19168,#9920);
#8099=LINE('',#19171,#9921);
#8100=LINE('',#19173,#9922);
#8101=LINE('',#19175,#9923);
#8102=LINE('',#19177,#9924);
#8103=LINE('',#19179,#9925);
#8104=LINE('',#19181,#9926);
#8105=LINE('',#19183,#9927);
#8106=LINE('',#19185,#9928);
#8107=LINE('',#19187,#9929);
#8108=LINE('',#19189,#9930);
#8109=LINE('',#19191,#9931);
#8110=LINE('',#19193,#9932);
#8111=LINE('',#19195,#9933);
#8112=LINE('',#19197,#9934);
#8113=LINE('',#19199,#9935);
#8114=LINE('',#19201,#9936);
#8115=LINE('',#19203,#9937);
#8116=LINE('',#19205,#9938);
#8117=LINE('',#19207,#9939);
#8118=LINE('',#19209,#9940);
#8119=LINE('',#19211,#9941);
#8120=LINE('',#19213,#9942);
#8121=LINE('',#19215,#9943);
#8122=LINE('',#19218,#9944);
#8123=LINE('',#19220,#9945);
#8124=LINE('',#19222,#9946);
#8125=LINE('',#19224,#9947);
#8126=LINE('',#19226,#9948);
#8127=LINE('',#19228,#9949);
#8128=LINE('',#19230,#9950);
#8129=LINE('',#19232,#9951);
#8130=LINE('',#19234,#9952);
#8131=LINE('',#19236,#9953);
#8132=LINE('',#19238,#9954);
#8133=LINE('',#19240,#9955);
#8134=LINE('',#19242,#9956);
#8135=LINE('',#19244,#9957);
#8136=LINE('',#19246,#9958);
#8137=LINE('',#19248,#9959);
#8138=LINE('',#19250,#9960);
#8139=LINE('',#19252,#9961);
#8140=LINE('',#19254,#9962);
#8141=LINE('',#19256,#9963);
#8142=LINE('',#19258,#9964);
#8143=LINE('',#19260,#9965);
#8144=LINE('',#19262,#9966);
#8145=LINE('',#19265,#9967);
#8146=LINE('',#19267,#9968);
#8147=LINE('',#19269,#9969);
#8148=LINE('',#19271,#9970);
#8149=LINE('',#19274,#9971);
#8150=LINE('',#19275,#9972);
#8151=LINE('',#19277,#9973);
#8152=LINE('',#19279,#9974);
#8153=LINE('',#19281,#9975);
#8154=LINE('',#19283,#9976);
#8155=LINE('',#19285,#9977);
#8156=LINE('',#19287,#9978);
#8157=LINE('',#19289,#9979);
#8158=LINE('',#19291,#9980);
#8159=LINE('',#19293,#9981);
#8160=LINE('',#19295,#9982);
#8161=LINE('',#19297,#9983);
#8162=LINE('',#19299,#9984);
#8163=LINE('',#19301,#9985);
#8164=LINE('',#19304,#9986);
#8165=LINE('',#19306,#9987);
#8166=LINE('',#19307,#9988);
#8167=LINE('',#19309,#9989);
#8168=LINE('',#19311,#9990);
#8169=LINE('',#19313,#9991);
#8170=LINE('',#19315,#9992);
#8171=LINE('',#19317,#9993);
#8172=LINE('',#19319,#9994);
#8173=LINE('',#19321,#9995);
#8174=LINE('',#19323,#9996);
#8175=LINE('',#19325,#9997);
#8176=LINE('',#19327,#9998);
#8177=LINE('',#19329,#9999);
#8178=LINE('',#19331,#10000);
#8179=LINE('',#19334,#10001);
#8180=LINE('',#19336,#10002);
#8181=LINE('',#19337,#10003);
#8182=LINE('',#19339,#10004);
#8183=LINE('',#19341,#10005);
#8184=LINE('',#19343,#10006);
#8185=LINE('',#19345,#10007);
#8186=LINE('',#19347,#10008);
#8187=LINE('',#19349,#10009);
#8188=LINE('',#19351,#10010);
#8189=LINE('',#19353,#10011);
#8190=LINE('',#19355,#10012);
#8191=LINE('',#19357,#10013);
#8192=LINE('',#19359,#10014);
#8193=LINE('',#19361,#10015);
#8194=LINE('',#19363,#10016);
#8195=LINE('',#19365,#10017);
#8196=LINE('',#19367,#10018);
#8197=LINE('',#19369,#10019);
#8198=LINE('',#19372,#10020);
#8199=LINE('',#19374,#10021);
#8200=LINE('',#19375,#10022);
#8201=LINE('',#19377,#10023);
#8202=LINE('',#19379,#10024);
#8203=LINE('',#19381,#10025);
#8204=LINE('',#19383,#10026);
#8205=LINE('',#19385,#10027);
#8206=LINE('',#19387,#10028);
#8207=LINE('',#19389,#10029);
#8208=LINE('',#19391,#10030);
#8209=LINE('',#19393,#10031);
#8210=LINE('',#19395,#10032);
#8211=LINE('',#19397,#10033);
#8212=LINE('',#19399,#10034);
#8213=LINE('',#19401,#10035);
#8214=LINE('',#19403,#10036);
#8215=LINE('',#19405,#10037);
#8216=LINE('',#19407,#10038);
#8217=LINE('',#19410,#10039);
#8218=LINE('',#19412,#10040);
#8219=LINE('',#19413,#10041);
#8220=LINE('',#19415,#10042);
#8221=LINE('',#19417,#10043);
#8222=LINE('',#19419,#10044);
#8223=LINE('',#19421,#10045);
#8224=LINE('',#19423,#10046);
#8225=LINE('',#19425,#10047);
#8226=LINE('',#19427,#10048);
#8227=LINE('',#19429,#10049);
#8228=LINE('',#19431,#10050);
#8229=LINE('',#19433,#10051);
#8230=LINE('',#19435,#10052);
#8231=LINE('',#19437,#10053);
#8232=LINE('',#19439,#10054);
#8233=LINE('',#19441,#10055);
#8234=LINE('',#19443,#10056);
#8235=LINE('',#19445,#10057);
#8236=LINE('',#19448,#10058);
#8237=LINE('',#19450,#10059);
#8238=LINE('',#19451,#10060);
#8239=LINE('',#19453,#10061);
#8240=LINE('',#19455,#10062);
#8241=LINE('',#19457,#10063);
#8242=LINE('',#19459,#10064);
#8243=LINE('',#19461,#10065);
#8244=LINE('',#19463,#10066);
#8245=LINE('',#19465,#10067);
#8246=LINE('',#19467,#10068);
#8247=LINE('',#19469,#10069);
#8248=LINE('',#19471,#10070);
#8249=LINE('',#19473,#10071);
#8250=LINE('',#19475,#10072);
#8251=LINE('',#19477,#10073);
#8252=LINE('',#19479,#10074);
#8253=LINE('',#19481,#10075);
#8254=LINE('',#19483,#10076);
#8255=LINE('',#19486,#10077);
#8256=LINE('',#19488,#10078);
#8257=LINE('',#19489,#10079);
#8258=LINE('',#19491,#10080);
#8259=LINE('',#19493,#10081);
#8260=LINE('',#19495,#10082);
#8261=LINE('',#19497,#10083);
#8262=LINE('',#19499,#10084);
#8263=LINE('',#19501,#10085);
#8264=LINE('',#19503,#10086);
#8265=LINE('',#19505,#10087);
#8266=LINE('',#19507,#10088);
#8267=LINE('',#19509,#10089);
#8268=LINE('',#19511,#10090);
#8269=LINE('',#19513,#10091);
#8270=LINE('',#19515,#10092);
#8271=LINE('',#19517,#10093);
#8272=LINE('',#19519,#10094);
#8273=LINE('',#19521,#10095);
#8274=LINE('',#19523,#10096);
#8275=LINE('',#19525,#10097);
#8276=LINE('',#19527,#10098);
#8277=LINE('',#19529,#10099);
#8278=LINE('',#19531,#10100);
#8279=LINE('',#19533,#10101);
#8280=LINE('',#19535,#10102);
#8281=LINE('',#19537,#10103);
#8282=LINE('',#19539,#10104);
#8283=LINE('',#19541,#10105);
#8284=LINE('',#19543,#10106);
#8285=LINE('',#19545,#10107);
#8286=LINE('',#19547,#10108);
#8287=LINE('',#19549,#10109);
#8288=LINE('',#19551,#10110);
#8289=LINE('',#19554,#10111);
#8290=LINE('',#19555,#10112);
#8291=LINE('',#19556,#10113);
#8292=LINE('',#19558,#10114);
#8293=LINE('',#19560,#10115);
#8294=LINE('',#19562,#10116);
#8295=LINE('',#19564,#10117);
#8296=LINE('',#19566,#10118);
#8297=LINE('',#19568,#10119);
#8298=LINE('',#19569,#10120);
#8299=LINE('',#19570,#10121);
#8300=LINE('',#19572,#10122);
#8301=LINE('',#19574,#10123);
#8302=LINE('',#19576,#10124);
#8303=LINE('',#19578,#10125);
#8304=LINE('',#19579,#10126);
#8305=LINE('',#19580,#10127);
#8306=LINE('',#19581,#10128);
#8307=LINE('',#19582,#10129);
#8308=LINE('',#19583,#10130);
#8309=LINE('',#19584,#10131);
#8310=LINE('',#19585,#10132);
#8311=LINE('',#19586,#10133);
#8312=LINE('',#19587,#10134);
#8313=LINE('',#19588,#10135);
#8314=LINE('',#19589,#10136);
#8315=LINE('',#19590,#10137);
#8316=LINE('',#19591,#10138);
#8317=LINE('',#19592,#10139);
#8318=LINE('',#19593,#10140);
#8319=LINE('',#19594,#10141);
#8320=LINE('',#19596,#10142);
#8321=LINE('',#19598,#10143);
#8322=LINE('',#19600,#10144);
#8323=LINE('',#19601,#10145);
#8324=LINE('',#19603,#10146);
#8325=LINE('',#19604,#10147);
#8326=LINE('',#19606,#10148);
#8327=LINE('',#19607,#10149);
#8328=LINE('',#19609,#10150);
#8329=LINE('',#19610,#10151);
#8330=LINE('',#19612,#10152);
#8331=LINE('',#19613,#10153);
#8332=LINE('',#19615,#10154);
#8333=LINE('',#19616,#10155);
#8334=LINE('',#19618,#10156);
#8335=LINE('',#19619,#10157);
#8336=LINE('',#19621,#10158);
#8337=LINE('',#19622,#10159);
#8338=LINE('',#19624,#10160);
#8339=LINE('',#19625,#10161);
#8340=LINE('',#19627,#10162);
#8341=LINE('',#19628,#10163);
#8342=LINE('',#19630,#10164);
#8343=LINE('',#19631,#10165);
#8344=LINE('',#19633,#10166);
#8345=LINE('',#19634,#10167);
#8346=LINE('',#19636,#10168);
#8347=LINE('',#19637,#10169);
#8348=LINE('',#19639,#10170);
#8349=LINE('',#19640,#10171);
#8350=LINE('',#19642,#10172);
#8351=LINE('',#19643,#10173);
#8352=LINE('',#19644,#10174);
#8353=LINE('',#19647,#10175);
#8354=LINE('',#19649,#10176);
#8355=LINE('',#19651,#10177);
#8356=LINE('',#19652,#10178);
#8357=LINE('',#19654,#10179);
#8358=LINE('',#19656,#10180);
#8359=LINE('',#19658,#10181);
#8360=LINE('',#19660,#10182);
#8361=LINE('',#19661,#10183);
#8362=LINE('',#19662,#10184);
#8363=LINE('',#19664,#10185);
#8364=LINE('',#19666,#10186);
#8365=LINE('',#19667,#10187);
#8366=LINE('',#19668,#10188);
#8367=LINE('',#19669,#10189);
#8368=LINE('',#19670,#10190);
#8369=LINE('',#19671,#10191);
#8370=LINE('',#19672,#10192);
#8371=LINE('',#19673,#10193);
#8372=LINE('',#19674,#10194);
#8373=LINE('',#19675,#10195);
#8374=LINE('',#19676,#10196);
#8375=LINE('',#19678,#10197);
#8376=LINE('',#19680,#10198);
#8377=LINE('',#19681,#10199);
#8378=LINE('',#19682,#10200);
#8379=LINE('',#19684,#10201);
#8380=LINE('',#19686,#10202);
#8381=LINE('',#19688,#10203);
#8382=LINE('',#19690,#10204);
#8383=LINE('',#19691,#10205);
#8384=LINE('',#19693,#10206);
#8385=LINE('',#19695,#10207);
#8386=LINE('',#19696,#10208);
#8387=LINE('',#19699,#10209);
#8388=LINE('',#19701,#10210);
#8389=LINE('',#19703,#10211);
#8390=LINE('',#19705,#10212);
#8391=LINE('',#19706,#10213);
#8392=LINE('',#19707,#10214);
#8393=LINE('',#19709,#10215);
#8394=LINE('',#19710,#10216);
#8395=LINE('',#19711,#10217);
#8396=LINE('',#19713,#10218);
#8397=LINE('',#19714,#10219);
#8398=LINE('',#19715,#10220);
#8399=LINE('',#19717,#10221);
#8400=LINE('',#19718,#10222);
#8401=LINE('',#19719,#10223);
#8402=LINE('',#19721,#10224);
#8403=LINE('',#19723,#10225);
#8404=LINE('',#19725,#10226);
#8405=LINE('',#19727,#10227);
#8406=LINE('',#19728,#10228);
#8407=LINE('',#19730,#10229);
#8408=LINE('',#19731,#10230);
#8409=LINE('',#19733,#10231);
#8410=LINE('',#19734,#10232);
#8411=LINE('',#19736,#10233);
#8412=LINE('',#19737,#10234);
#8413=LINE('',#19739,#10235);
#8414=LINE('',#19740,#10236);
#8415=LINE('',#19742,#10237);
#8416=LINE('',#19743,#10238);
#8417=LINE('',#19745,#10239);
#8418=LINE('',#19747,#10240);
#8419=LINE('',#19749,#10241);
#8420=LINE('',#19751,#10242);
#8421=LINE('',#19752,#10243);
#8422=LINE('',#19754,#10244);
#8423=LINE('',#19755,#10245);
#8424=LINE('',#19757,#10246);
#8425=LINE('',#19758,#10247);
#8426=LINE('',#19760,#10248);
#8427=LINE('',#19761,#10249);
#8428=LINE('',#19763,#10250);
#8429=LINE('',#19764,#10251);
#8430=LINE('',#19766,#10252);
#8431=LINE('',#19767,#10253);
#8432=LINE('',#19769,#10254);
#8433=LINE('',#19770,#10255);
#8434=LINE('',#19772,#10256);
#8435=LINE('',#19773,#10257);
#8436=LINE('',#19775,#10258);
#8437=LINE('',#19776,#10259);
#8438=LINE('',#19778,#10260);
#8439=LINE('',#19779,#10261);
#8440=LINE('',#19781,#10262);
#8441=LINE('',#19782,#10263);
#8442=LINE('',#19784,#10264);
#8443=LINE('',#19785,#10265);
#8444=LINE('',#19787,#10266);
#8445=LINE('',#19788,#10267);
#8446=LINE('',#19790,#10268);
#8447=LINE('',#19791,#10269);
#8448=LINE('',#19793,#10270);
#8449=LINE('',#19794,#10271);
#8450=LINE('',#19796,#10272);
#8451=LINE('',#19797,#10273);
#8452=LINE('',#19799,#10274);
#8453=LINE('',#19800,#10275);
#8454=LINE('',#19801,#10276);
#8455=LINE('',#19803,#10277);
#8456=LINE('',#19804,#10278);
#8457=LINE('',#19805,#10279);
#8458=LINE('',#19807,#10280);
#8459=LINE('',#19808,#10281);
#8460=LINE('',#19809,#10282);
#8461=LINE('',#19811,#10283);
#8462=LINE('',#19812,#10284);
#8463=LINE('',#19813,#10285);
#8464=LINE('',#19815,#10286);
#8465=LINE('',#19816,#10287);
#8466=LINE('',#19817,#10288);
#8467=LINE('',#19819,#10289);
#8468=LINE('',#19820,#10290);
#8469=LINE('',#19821,#10291);
#8470=LINE('',#19823,#10292);
#8471=LINE('',#19824,#10293);
#8472=LINE('',#19826,#10294);
#8473=LINE('',#19828,#10295);
#8474=LINE('',#19829,#10296);
#8475=LINE('',#19831,#10297);
#8476=LINE('',#19833,#10298);
#8477=LINE('',#19835,#10299);
#8478=LINE('',#19837,#10300);
#8479=LINE('',#19838,#10301);
#8480=LINE('',#19840,#10302);
#8481=LINE('',#19842,#10303);
#8482=LINE('',#19844,#10304);
#8483=LINE('',#19846,#10305);
#8484=LINE('',#19848,#10306);
#8485=LINE('',#19850,#10307);
#8486=LINE('',#19852,#10308);
#8487=LINE('',#19853,#10309);
#8488=LINE('',#19855,#10310);
#8489=LINE('',#19857,#10311);
#8490=LINE('',#19858,#10312);
#8491=LINE('',#19860,#10313);
#8492=LINE('',#19862,#10314);
#8493=LINE('',#19864,#10315);
#8494=LINE('',#19867,#10316);
#8495=LINE('',#19868,#10317);
#8496=LINE('',#19870,#10318);
#8497=LINE('',#19872,#10319);
#8498=LINE('',#19874,#10320);
#8499=LINE('',#19876,#10321);
#8500=LINE('',#19879,#10322);
#8501=LINE('',#19880,#10323);
#8502=LINE('',#19882,#10324);
#8503=LINE('',#19884,#10325);
#8504=LINE('',#19886,#10326);
#8505=LINE('',#19888,#10327);
#8506=LINE('',#19889,#10328);
#8507=LINE('',#19891,#10329);
#8508=LINE('',#19892,#10330);
#8509=LINE('',#19894,#10331);
#8510=LINE('',#19897,#10332);
#8511=LINE('',#19899,#10333);
#8512=LINE('',#19901,#10334);
#8513=LINE('',#19903,#10335);
#8514=LINE('',#19905,#10336);
#8515=LINE('',#19906,#10337);
#8516=LINE('',#19908,#10338);
#8517=LINE('',#19910,#10339);
#8518=LINE('',#19911,#10340);
#8519=LINE('',#19913,#10341);
#8520=LINE('',#19915,#10342);
#8521=LINE('',#19917,#10343);
#8522=LINE('',#19919,#10344);
#8523=LINE('',#19920,#10345);
#8524=LINE('',#19922,#10346);
#8525=LINE('',#19924,#10347);
#8526=LINE('',#19925,#10348);
#8527=LINE('',#19927,#10349);
#8528=LINE('',#19929,#10350);
#8529=LINE('',#19930,#10351);
#8530=LINE('',#19932,#10352);
#8531=LINE('',#19933,#10353);
#8532=LINE('',#19935,#10354);
#8533=LINE('',#19937,#10355);
#8534=LINE('',#19939,#10356);
#8535=LINE('',#19941,#10357);
#8536=LINE('',#19943,#10358);
#8537=LINE('',#19945,#10359);
#8538=LINE('',#19947,#10360);
#8539=LINE('',#19949,#10361);
#8540=LINE('',#19951,#10362);
#8541=LINE('',#19953,#10363);
#8542=LINE('',#19955,#10364);
#8543=LINE('',#19956,#10365);
#8544=LINE('',#19957,#10366);
#8545=LINE('',#19958,#10367);
#8546=LINE('',#19960,#10368);
#8547=LINE('',#19961,#10369);
#8548=LINE('',#19963,#10370);
#8549=LINE('',#19964,#10371);
#8550=LINE('',#19966,#10372);
#8551=LINE('',#19969,#10373);
#8552=LINE('',#19970,#10374);
#8553=LINE('',#19972,#10375);
#8554=LINE('',#19975,#10376);
#8555=LINE('',#19976,#10377);
#8556=LINE('',#19978,#10378);
#8557=LINE('',#19979,#10379);
#8558=LINE('',#19981,#10380);
#8559=LINE('',#19983,#10381);
#8560=LINE('',#19985,#10382);
#8561=LINE('',#19986,#10383);
#8562=LINE('',#19988,#10384);
#8563=LINE('',#19990,#10385);
#8564=LINE('',#19993,#10386);
#8565=LINE('',#19995,#10387);
#8566=LINE('',#19997,#10388);
#8567=LINE('',#19999,#10389);
#8568=LINE('',#20001,#10390);
#8569=LINE('',#20004,#10391);
#8570=LINE('',#20006,#10392);
#8571=LINE('',#20008,#10393);
#8572=LINE('',#20010,#10394);
#8573=LINE('',#20012,#10395);
#8574=LINE('',#20015,#10396);
#8575=LINE('',#20017,#10397);
#8576=LINE('',#20020,#10398);
#8577=LINE('',#20022,#10399);
#8578=LINE('',#20024,#10400);
#8579=LINE('',#20026,#10401);
#8580=LINE('',#20028,#10402);
#8581=LINE('',#20030,#10403);
#8582=LINE('',#20032,#10404);
#8583=LINE('',#20034,#10405);
#8584=LINE('',#20036,#10406);
#8585=LINE('',#20038,#10407);
#8586=LINE('',#20040,#10408);
#8587=LINE('',#20042,#10409);
#8588=LINE('',#20043,#10410);
#8589=LINE('',#20045,#10411);
#8590=LINE('',#20047,#10412);
#8591=LINE('',#20049,#10413);
#8592=LINE('',#20051,#10414);
#8593=LINE('',#20053,#10415);
#8594=LINE('',#20055,#10416);
#8595=LINE('',#20057,#10417);
#8596=LINE('',#20058,#10418);
#8597=LINE('',#20060,#10419);
#8598=LINE('',#20062,#10420);
#8599=LINE('',#20064,#10421);
#8600=LINE('',#20066,#10422);
#8601=LINE('',#20068,#10423);
#8602=LINE('',#20070,#10424);
#8603=LINE('',#20072,#10425);
#8604=LINE('',#20074,#10426);
#8605=LINE('',#20076,#10427);
#8606=LINE('',#20078,#10428);
#8607=LINE('',#20080,#10429);
#8608=LINE('',#20082,#10430);
#8609=LINE('',#20084,#10431);
#8610=LINE('',#20086,#10432);
#8611=LINE('',#20087,#10433);
#8612=LINE('',#20089,#10434);
#8613=LINE('',#20101,#10435);
#8614=LINE('',#20125,#10436);
#8615=LINE('',#20127,#10437);
#8616=LINE('',#20129,#10438);
#8617=LINE('',#20132,#10439);
#8618=LINE('',#20134,#10440);
#8619=LINE('',#20136,#10441);
#8620=LINE('',#20139,#10442);
#8621=LINE('',#20141,#10443);
#8622=LINE('',#20143,#10444);
#8623=LINE('',#20146,#10445);
#8624=LINE('',#20148,#10446);
#8625=LINE('',#20150,#10447);
#8626=LINE('',#20153,#10448);
#8627=LINE('',#20155,#10449);
#8628=LINE('',#20157,#10450);
#8629=LINE('',#20160,#10451);
#8630=LINE('',#20162,#10452);
#8631=LINE('',#20164,#10453);
#8632=LINE('',#20167,#10454);
#8633=LINE('',#20169,#10455);
#8634=LINE('',#20171,#10456);
#8635=LINE('',#20174,#10457);
#8636=LINE('',#20175,#10458);
#8637=LINE('',#20177,#10459);
#8638=LINE('',#20179,#10460);
#8639=LINE('',#20198,#10461);
#8640=LINE('',#20199,#10462);
#8641=LINE('',#20202,#10463);
#8642=LINE('',#20204,#10464);
#8643=LINE('',#20207,#10465);
#8644=LINE('',#20209,#10466);
#8645=LINE('',#20211,#10467);
#8646=LINE('',#20213,#10468);
#8647=LINE('',#20215,#10469);
#8648=LINE('',#20217,#10470);
#8649=LINE('',#20219,#10471);
#8650=LINE('',#20220,#10472);
#8651=LINE('',#20224,#10473);
#8652=LINE('',#20226,#10474);
#8653=LINE('',#20228,#10475);
#8654=LINE('',#20231,#10476);
#8655=LINE('',#20233,#10477);
#8656=LINE('',#20235,#10478);
#8657=LINE('',#20238,#10479);
#8658=LINE('',#20240,#10480);
#8659=LINE('',#20242,#10481);
#8660=LINE('',#20245,#10482);
#8661=LINE('',#20247,#10483);
#8662=LINE('',#20249,#10484);
#8663=LINE('',#20252,#10485);
#8664=LINE('',#20254,#10486);
#8665=LINE('',#20256,#10487);
#8666=LINE('',#20259,#10488);
#8667=LINE('',#20261,#10489);
#8668=LINE('',#20263,#10490);
#8669=LINE('',#20266,#10491);
#8670=LINE('',#20268,#10492);
#8671=LINE('',#20270,#10493);
#8672=LINE('',#20273,#10494);
#8673=LINE('',#20275,#10495);
#8674=LINE('',#20277,#10496);
#8675=LINE('',#20280,#10497);
#8676=LINE('',#20282,#10498);
#8677=LINE('',#20284,#10499);
#8678=LINE('',#20286,#10500);
#8679=LINE('',#20288,#10501);
#8680=LINE('',#20291,#10502);
#8681=LINE('',#20294,#10503);
#8682=LINE('',#20295,#10504);
#8683=LINE('',#20297,#10505);
#8684=LINE('',#20299,#10506);
#8685=LINE('',#20301,#10507);
#8686=LINE('',#20303,#10508);
#8687=LINE('',#20305,#10509);
#8688=LINE('',#20307,#10510);
#8689=LINE('',#20317,#10511);
#8690=LINE('',#20320,#10512);
#8691=LINE('',#20322,#10513);
#8692=LINE('',#20324,#10514);
#8693=LINE('',#20326,#10515);
#8694=LINE('',#20329,#10516);
#8695=LINE('',#20331,#10517);
#8696=LINE('',#20333,#10518);
#8697=LINE('',#20335,#10519);
#8698=LINE('',#20338,#10520);
#8699=LINE('',#20340,#10521);
#8700=LINE('',#20342,#10522);
#8701=LINE('',#20344,#10523);
#8702=LINE('',#20347,#10524);
#8703=LINE('',#20349,#10525);
#8704=LINE('',#20351,#10526);
#8705=LINE('',#20353,#10527);
#8706=LINE('',#20356,#10528);
#8707=LINE('',#20358,#10529);
#8708=LINE('',#20360,#10530);
#8709=LINE('',#20362,#10531);
#8710=LINE('',#20365,#10532);
#8711=LINE('',#20367,#10533);
#8712=LINE('',#20369,#10534);
#8713=LINE('',#20371,#10535);
#8714=LINE('',#20374,#10536);
#8715=LINE('',#20376,#10537);
#8716=LINE('',#20378,#10538);
#8717=LINE('',#20380,#10539);
#8718=LINE('',#20383,#10540);
#8719=LINE('',#20385,#10541);
#8720=LINE('',#20387,#10542);
#8721=LINE('',#20389,#10543);
#8722=LINE('',#20392,#10544);
#8723=LINE('',#20394,#10545);
#8724=LINE('',#20396,#10546);
#8725=LINE('',#20398,#10547);
#8726=LINE('',#20401,#10548);
#8727=LINE('',#20403,#10549);
#8728=LINE('',#20405,#10550);
#8729=LINE('',#20407,#10551);
#8730=LINE('',#20410,#10552);
#8731=LINE('',#20412,#10553);
#8732=LINE('',#20414,#10554);
#8733=LINE('',#20416,#10555);
#8734=LINE('',#20419,#10556);
#8735=LINE('',#20421,#10557);
#8736=LINE('',#20423,#10558);
#8737=LINE('',#20425,#10559);
#8738=LINE('',#20427,#10560);
#8739=LINE('',#20429,#10561);
#8740=LINE('',#20433,#10562);
#8741=LINE('',#20437,#10563);
#8742=LINE('',#20439,#10564);
#8743=LINE('',#20441,#10565);
#8744=LINE('',#20445,#10566);
#8745=LINE('',#20449,#10567);
#8746=LINE('',#20451,#10568);
#8747=LINE('',#20453,#10569);
#8748=LINE('',#20457,#10570);
#8749=LINE('',#20459,#10571);
#8750=LINE('',#20461,#10572);
#8751=LINE('',#20463,#10573);
#8752=LINE('',#20465,#10574);
#8753=LINE('',#20467,#10575);
#8754=LINE('',#20470,#10576);
#8755=LINE('',#20472,#10577);
#8756=LINE('',#20474,#10578);
#8757=LINE('',#20476,#10579);
#8758=LINE('',#20477,#10580);
#8759=LINE('',#20481,#10581);
#8760=LINE('',#20483,#10582);
#8761=LINE('',#20485,#10583);
#8762=LINE('',#20489,#10584);
#8763=LINE('',#20493,#10585);
#8764=LINE('',#20495,#10586);
#8765=LINE('',#20497,#10587);
#8766=LINE('',#20501,#10588);
#8767=LINE('',#20505,#10589);
#8768=LINE('',#20507,#10590);
#8769=LINE('',#20509,#10591);
#8770=LINE('',#20511,#10592);
#8771=LINE('',#20513,#10593);
#8772=LINE('',#20515,#10594);
#8773=LINE('',#20519,#10595);
#8774=LINE('',#20523,#10596);
#8775=LINE('',#20525,#10597);
#8776=LINE('',#20527,#10598);
#8777=LINE('',#20531,#10599);
#8778=LINE('',#20533,#10600);
#8779=LINE('',#20535,#10601);
#8780=LINE('',#20539,#10602);
#8781=LINE('',#20541,#10603);
#8782=LINE('',#20543,#10604);
#8783=LINE('',#20547,#10605);
#8784=LINE('',#20551,#10606);
#8785=LINE('',#20553,#10607);
#8786=LINE('',#20555,#10608);
#8787=LINE('',#20557,#10609);
#8788=LINE('',#20558,#10610);
#8789=LINE('',#20560,#10611);
#8790=LINE('',#20562,#10612);
#8791=LINE('',#20564,#10613);
#8792=LINE('',#20566,#10614);
#8793=LINE('',#20570,#10615);
#8794=LINE('',#20574,#10616);
#8795=LINE('',#20576,#10617);
#8796=LINE('',#20578,#10618);
#8797=LINE('',#20582,#10619);
#8798=LINE('',#20584,#10620);
#8799=LINE('',#20586,#10621);
#8800=LINE('',#20590,#10622);
#8801=LINE('',#20592,#10623);
#8802=LINE('',#20594,#10624);
#8803=LINE('',#20598,#10625);
#8804=LINE('',#20602,#10626);
#8805=LINE('',#20604,#10627);
#8806=LINE('',#20606,#10628);
#8807=LINE('',#20608,#10629);
#8808=LINE('',#20609,#10630);
#8809=LINE('',#20611,#10631);
#8810=LINE('',#20613,#10632);
#8811=LINE('',#20615,#10633);
#8812=LINE('',#20617,#10634);
#8813=LINE('',#20621,#10635);
#8814=LINE('',#20625,#10636);
#8815=LINE('',#20627,#10637);
#8816=LINE('',#20629,#10638);
#8817=LINE('',#20633,#10639);
#8818=LINE('',#20635,#10640);
#8819=LINE('',#20637,#10641);
#8820=LINE('',#20641,#10642);
#8821=LINE('',#20643,#10643);
#8822=LINE('',#20645,#10644);
#8823=LINE('',#20649,#10645);
#8824=LINE('',#20653,#10646);
#8825=LINE('',#20655,#10647);
#8826=LINE('',#20657,#10648);
#8827=LINE('',#20659,#10649);
#8828=LINE('',#20660,#10650);
#8829=LINE('',#20662,#10651);
#8830=LINE('',#20664,#10652);
#8831=LINE('',#20666,#10653);
#8832=LINE('',#20668,#10654);
#8833=LINE('',#20672,#10655);
#8834=LINE('',#20676,#10656);
#8835=LINE('',#20678,#10657);
#8836=LINE('',#20680,#10658);
#8837=LINE('',#20684,#10659);
#8838=LINE('',#20686,#10660);
#8839=LINE('',#20688,#10661);
#8840=LINE('',#20692,#10662);
#8841=LINE('',#20694,#10663);
#8842=LINE('',#20696,#10664);
#8843=LINE('',#20700,#10665);
#8844=LINE('',#20704,#10666);
#8845=LINE('',#20706,#10667);
#8846=LINE('',#20708,#10668);
#8847=LINE('',#20710,#10669);
#8848=LINE('',#20711,#10670);
#8849=LINE('',#20713,#10671);
#8850=LINE('',#20715,#10672);
#8851=LINE('',#20717,#10673);
#8852=LINE('',#20719,#10674);
#8853=LINE('',#20723,#10675);
#8854=LINE('',#20727,#10676);
#8855=LINE('',#20729,#10677);
#8856=LINE('',#20731,#10678);
#8857=LINE('',#20735,#10679);
#8858=LINE('',#20737,#10680);
#8859=LINE('',#20739,#10681);
#8860=LINE('',#20743,#10682);
#8861=LINE('',#20745,#10683);
#8862=LINE('',#20747,#10684);
#8863=LINE('',#20751,#10685);
#8864=LINE('',#20755,#10686);
#8865=LINE('',#20757,#10687);
#8866=LINE('',#20759,#10688);
#8867=LINE('',#20761,#10689);
#8868=LINE('',#20762,#10690);
#8869=LINE('',#20764,#10691);
#8870=LINE('',#20766,#10692);
#8871=LINE('',#20768,#10693);
#8872=LINE('',#20770,#10694);
#8873=LINE('',#20774,#10695);
#8874=LINE('',#20778,#10696);
#8875=LINE('',#20780,#10697);
#8876=LINE('',#20782,#10698);
#8877=LINE('',#20786,#10699);
#8878=LINE('',#20788,#10700);
#8879=LINE('',#20790,#10701);
#8880=LINE('',#20794,#10702);
#8881=LINE('',#20796,#10703);
#8882=LINE('',#20798,#10704);
#8883=LINE('',#20802,#10705);
#8884=LINE('',#20806,#10706);
#8885=LINE('',#20808,#10707);
#8886=LINE('',#20810,#10708);
#8887=LINE('',#20812,#10709);
#8888=LINE('',#20813,#10710);
#8889=LINE('',#20815,#10711);
#8890=LINE('',#20817,#10712);
#8891=LINE('',#20819,#10713);
#8892=LINE('',#20823,#10714);
#8893=LINE('',#20827,#10715);
#8894=LINE('',#20829,#10716);
#8895=LINE('',#20831,#10717);
#8896=LINE('',#20833,#10718);
#8897=LINE('',#20835,#10719);
#8898=LINE('',#20837,#10720);
#8899=LINE('',#20839,#10721);
#8900=LINE('',#20840,#10722);
#8901=LINE('',#20842,#10723);
#8902=LINE('',#20846,#10724);
#8903=LINE('',#20850,#10725);
#8904=LINE('',#20852,#10726);
#8905=LINE('',#20854,#10727);
#8906=LINE('',#20856,#10728);
#8907=LINE('',#20858,#10729);
#8908=LINE('',#20862,#10730);
#8909=LINE('',#20866,#10731);
#8910=LINE('',#20868,#10732);
#8911=LINE('',#20870,#10733);
#8912=LINE('',#20872,#10734);
#8913=LINE('',#20874,#10735);
#8914=LINE('',#20876,#10736);
#8915=LINE('',#20878,#10737);
#8916=LINE('',#20879,#10738);
#8917=LINE('',#20881,#10739);
#8918=LINE('',#20885,#10740);
#8919=LINE('',#20889,#10741);
#8920=LINE('',#20891,#10742);
#8921=LINE('',#20893,#10743);
#8922=LINE('',#20895,#10744);
#8923=LINE('',#20897,#10745);
#8924=LINE('',#20901,#10746);
#8925=LINE('',#20905,#10747);
#8926=LINE('',#20907,#10748);
#8927=LINE('',#20909,#10749);
#8928=LINE('',#20911,#10750);
#8929=LINE('',#20913,#10751);
#8930=LINE('',#20915,#10752);
#8931=LINE('',#20917,#10753);
#8932=LINE('',#20918,#10754);
#8933=LINE('',#20920,#10755);
#8934=LINE('',#20924,#10756);
#8935=LINE('',#20928,#10757);
#8936=LINE('',#20930,#10758);
#8937=LINE('',#20932,#10759);
#8938=LINE('',#20934,#10760);
#8939=LINE('',#20936,#10761);
#8940=LINE('',#20940,#10762);
#8941=LINE('',#20944,#10763);
#8942=LINE('',#20946,#10764);
#8943=LINE('',#20948,#10765);
#8944=LINE('',#20950,#10766);
#8945=LINE('',#20952,#10767);
#8946=LINE('',#20954,#10768);
#8947=LINE('',#20956,#10769);
#8948=LINE('',#20957,#10770);
#8949=LINE('',#20959,#10771);
#8950=LINE('',#20963,#10772);
#8951=LINE('',#20967,#10773);
#8952=LINE('',#20969,#10774);
#8953=LINE('',#20971,#10775);
#8954=LINE('',#20973,#10776);
#8955=LINE('',#20975,#10777);
#8956=LINE('',#20979,#10778);
#8957=LINE('',#20983,#10779);
#8958=LINE('',#20985,#10780);
#8959=LINE('',#20987,#10781);
#8960=LINE('',#20989,#10782);
#8961=LINE('',#20991,#10783);
#8962=LINE('',#20993,#10784);
#8963=LINE('',#20995,#10785);
#8964=LINE('',#20996,#10786);
#8965=LINE('',#20998,#10787);
#8966=LINE('',#21002,#10788);
#8967=LINE('',#21006,#10789);
#8968=LINE('',#21008,#10790);
#8969=LINE('',#21010,#10791);
#8970=LINE('',#21012,#10792);
#8971=LINE('',#21014,#10793);
#8972=LINE('',#21016,#10794);
#8973=LINE('',#21020,#10795);
#8974=LINE('',#21024,#10796);
#8975=LINE('',#21026,#10797);
#8976=LINE('',#21028,#10798);
#8977=LINE('',#21030,#10799);
#8978=LINE('',#21032,#10800);
#8979=LINE('',#21034,#10801);
#8980=LINE('',#21035,#10802);
#8981=LINE('',#21037,#10803);
#8982=LINE('',#21041,#10804);
#8983=LINE('',#21045,#10805);
#8984=LINE('',#21047,#10806);
#8985=LINE('',#21049,#10807);
#8986=LINE('',#21050,#10808);
#8987=LINE('',#21052,#10809);
#8988=LINE('',#21053,#10810);
#8989=LINE('',#21055,#10811);
#8990=LINE('',#21056,#10812);
#8991=LINE('',#21058,#10813);
#8992=LINE('',#21059,#10814);
#8993=LINE('',#21061,#10815);
#8994=LINE('',#21062,#10816);
#8995=LINE('',#21064,#10817);
#8996=LINE('',#21065,#10818);
#8997=LINE('',#21073,#10819);
#8998=LINE('',#21075,#10820);
#8999=LINE('',#21077,#10821);
#9000=LINE('',#21079,#10822);
#9001=LINE('',#21081,#10823);
#9002=LINE('',#21083,#10824);
#9003=LINE('',#21085,#10825);
#9004=LINE('',#21087,#10826);
#9005=LINE('',#21089,#10827);
#9006=LINE('',#21091,#10828);
#9007=LINE('',#21093,#10829);
#9008=LINE('',#21095,#10830);
#9009=LINE('',#21097,#10831);
#9010=LINE('',#21099,#10832);
#9011=LINE('',#21101,#10833);
#9012=LINE('',#21103,#10834);
#9013=LINE('',#21105,#10835);
#9014=LINE('',#21107,#10836);
#9015=LINE('',#21109,#10837);
#9016=LINE('',#21111,#10838);
#9017=LINE('',#21113,#10839);
#9018=LINE('',#21115,#10840);
#9019=LINE('',#21117,#10841);
#9020=LINE('',#21119,#10842);
#9021=LINE('',#21121,#10843);
#9022=LINE('',#21123,#10844);
#9023=LINE('',#21125,#10845);
#9024=LINE('',#21127,#10846);
#9025=LINE('',#21129,#10847);
#9026=LINE('',#21131,#10848);
#9027=LINE('',#21133,#10849);
#9028=LINE('',#21135,#10850);
#9029=LINE('',#21137,#10851);
#9030=LINE('',#21139,#10852);
#9031=LINE('',#21141,#10853);
#9032=LINE('',#21143,#10854);
#9033=LINE('',#21145,#10855);
#9034=LINE('',#21146,#10856);
#9035=LINE('',#21148,#10857);
#9036=LINE('',#21149,#10858);
#9037=LINE('',#21151,#10859);
#9038=LINE('',#21152,#10860);
#9039=LINE('',#21154,#10861);
#9040=LINE('',#21155,#10862);
#9041=LINE('',#21157,#10863);
#9042=LINE('',#21158,#10864);
#9043=LINE('',#21160,#10865);
#9044=LINE('',#21161,#10866);
#9045=LINE('',#21163,#10867);
#9046=LINE('',#21165,#10868);
#9047=LINE('',#21167,#10869);
#9048=LINE('',#21169,#10870);
#9049=LINE('',#21171,#10871);
#9050=LINE('',#21173,#10872);
#9051=LINE('',#21175,#10873);
#9052=LINE('',#21177,#10874);
#9053=LINE('',#21179,#10875);
#9054=LINE('',#21181,#10876);
#9055=LINE('',#21183,#10877);
#9056=LINE('',#21185,#10878);
#9057=LINE('',#21187,#10879);
#9058=LINE('',#21189,#10880);
#9059=LINE('',#21191,#10881);
#9060=LINE('',#21193,#10882);
#9061=LINE('',#21195,#10883);
#9062=LINE('',#21197,#10884);
#9063=LINE('',#21199,#10885);
#9064=LINE('',#21201,#10886);
#9065=LINE('',#21203,#10887);
#9066=LINE('',#21205,#10888);
#9067=LINE('',#21207,#10889);
#9068=LINE('',#21209,#10890);
#9069=LINE('',#21211,#10891);
#9070=LINE('',#21213,#10892);
#9071=LINE('',#21215,#10893);
#9072=LINE('',#21217,#10894);
#9073=LINE('',#21219,#10895);
#9074=LINE('',#21221,#10896);
#9075=LINE('',#21229,#10897);
#9076=LINE('',#21230,#10898);
#9077=LINE('',#21233,#10899);
#9078=LINE('',#21235,#10900);
#9079=LINE('',#21237,#10901);
#9080=LINE('',#21239,#10902);
#9081=LINE('',#21241,#10903);
#9082=LINE('',#21243,#10904);
#9083=LINE('',#21245,#10905);
#9084=LINE('',#21247,#10906);
#9085=LINE('',#21249,#10907);
#9086=LINE('',#21251,#10908);
#9087=LINE('',#21253,#10909);
#9088=LINE('',#21255,#10910);
#9089=LINE('',#21257,#10911);
#9090=LINE('',#21262,#10912);
#9091=LINE('',#21265,#10913);
#9092=LINE('',#21267,#10914);
#9093=LINE('',#21269,#10915);
#9094=LINE('',#21271,#10916);
#9095=LINE('',#21274,#10917);
#9096=LINE('',#21276,#10918);
#9097=LINE('',#21278,#10919);
#9098=LINE('',#21280,#10920);
#9099=LINE('',#21283,#10921);
#9100=LINE('',#21285,#10922);
#9101=LINE('',#21287,#10923);
#9102=LINE('',#21289,#10924);
#9103=LINE('',#21292,#10925);
#9104=LINE('',#21294,#10926);
#9105=LINE('',#21296,#10927);
#9106=LINE('',#21298,#10928);
#9107=LINE('',#21301,#10929);
#9108=LINE('',#21303,#10930);
#9109=LINE('',#21305,#10931);
#9110=LINE('',#21307,#10932);
#9111=LINE('',#21310,#10933);
#9112=LINE('',#21312,#10934);
#9113=LINE('',#21314,#10935);
#9114=LINE('',#21316,#10936);
#9115=LINE('',#21319,#10937);
#9116=LINE('',#21321,#10938);
#9117=LINE('',#21323,#10939);
#9118=LINE('',#21325,#10940);
#9119=LINE('',#21328,#10941);
#9120=LINE('',#21330,#10942);
#9121=LINE('',#21332,#10943);
#9122=LINE('',#21334,#10944);
#9123=LINE('',#21337,#10945);
#9124=LINE('',#21339,#10946);
#9125=LINE('',#21341,#10947);
#9126=LINE('',#21343,#10948);
#9127=LINE('',#21346,#10949);
#9128=LINE('',#21348,#10950);
#9129=LINE('',#21350,#10951);
#9130=LINE('',#21352,#10952);
#9131=LINE('',#21355,#10953);
#9132=LINE('',#21357,#10954);
#9133=LINE('',#21359,#10955);
#9134=LINE('',#21361,#10956);
#9135=LINE('',#21364,#10957);
#9136=LINE('',#21366,#10958);
#9137=LINE('',#21368,#10959);
#9138=LINE('',#21370,#10960);
#9139=LINE('',#21372,#10961);
#9140=LINE('',#21374,#10962);
#9141=LINE('',#21378,#10963);
#9142=LINE('',#21380,#10964);
#9143=LINE('',#21382,#10965);
#9144=LINE('',#21384,#10966);
#9145=LINE('',#21390,#10967);
#9146=LINE('',#21394,#10968);
#9147=LINE('',#21398,#10969);
#9148=LINE('',#21404,#10970);
#9149=LINE('',#21406,#10971);
#9150=LINE('',#21408,#10972);
#9151=LINE('',#21412,#10973);
#9152=LINE('',#21416,#10974);
#9153=LINE('',#21418,#10975);
#9154=LINE('',#21420,#10976);
#9155=LINE('',#21422,#10977);
#9156=LINE('',#21424,#10978);
#9157=LINE('',#21426,#10979);
#9158=LINE('',#21428,#10980);
#9159=LINE('',#21431,#10981);
#9160=LINE('',#21433,#10982);
#9161=LINE('',#21435,#10983);
#9162=LINE('',#21437,#10984);
#9163=LINE('',#21438,#10985);
#9164=LINE('',#21440,#10986);
#9165=LINE('',#21442,#10987);
#9166=LINE('',#21446,#10988);
#9167=LINE('',#21450,#10989);
#9168=LINE('',#21452,#10990);
#9169=LINE('',#21454,#10991);
#9170=LINE('',#21460,#10992);
#9171=LINE('',#21464,#10993);
#9172=LINE('',#21468,#10994);
#9173=LINE('',#21474,#10995);
#9174=LINE('',#21476,#10996);
#9175=LINE('',#21478,#10997);
#9176=LINE('',#21480,#10998);
#9177=LINE('',#21484,#10999);
#9178=LINE('',#21486,#11000);
#9179=LINE('',#21488,#11001);
#9180=LINE('',#21492,#11002);
#9181=LINE('',#21494,#11003);
#9182=LINE('',#21496,#11004);
#9183=LINE('',#21498,#11005);
#9184=LINE('',#21504,#11006);
#9185=LINE('',#21508,#11007);
#9186=LINE('',#21510,#11008);
#9187=LINE('',#21512,#11009);
#9188=LINE('',#21514,#11010);
#9189=LINE('',#21516,#11011);
#9190=LINE('',#21520,#11012);
#9191=LINE('',#21526,#11013);
#9192=LINE('',#21528,#11014);
#9193=LINE('',#21530,#11015);
#9194=LINE('',#21532,#11016);
#9195=LINE('',#21536,#11017);
#9196=LINE('',#21538,#11018);
#9197=LINE('',#21539,#11019);
#9198=LINE('',#21541,#11020);
#9199=LINE('',#21543,#11021);
#9200=LINE('',#21547,#11022);
#9201=LINE('',#21549,#11023);
#9202=LINE('',#21551,#11024);
#9203=LINE('',#21553,#11025);
#9204=LINE('',#21559,#11026);
#9205=LINE('',#21563,#11027);
#9206=LINE('',#21565,#11028);
#9207=LINE('',#21567,#11029);
#9208=LINE('',#21569,#11030);
#9209=LINE('',#21571,#11031);
#9210=LINE('',#21575,#11032);
#9211=LINE('',#21581,#11033);
#9212=LINE('',#21583,#11034);
#9213=LINE('',#21585,#11035);
#9214=LINE('',#21587,#11036);
#9215=LINE('',#21591,#11037);
#9216=LINE('',#21593,#11038);
#9217=LINE('',#21594,#11039);
#9218=LINE('',#21596,#11040);
#9219=LINE('',#21598,#11041);
#9220=LINE('',#21602,#11042);
#9221=LINE('',#21604,#11043);
#9222=LINE('',#21606,#11044);
#9223=LINE('',#21608,#11045);
#9224=LINE('',#21614,#11046);
#9225=LINE('',#21618,#11047);
#9226=LINE('',#21620,#11048);
#9227=LINE('',#21622,#11049);
#9228=LINE('',#21624,#11050);
#9229=LINE('',#21626,#11051);
#9230=LINE('',#21630,#11052);
#9231=LINE('',#21636,#11053);
#9232=LINE('',#21638,#11054);
#9233=LINE('',#21640,#11055);
#9234=LINE('',#21642,#11056);
#9235=LINE('',#21646,#11057);
#9236=LINE('',#21648,#11058);
#9237=LINE('',#21649,#11059);
#9238=LINE('',#21651,#11060);
#9239=LINE('',#21653,#11061);
#9240=LINE('',#21657,#11062);
#9241=LINE('',#21659,#11063);
#9242=LINE('',#21661,#11064);
#9243=LINE('',#21663,#11065);
#9244=LINE('',#21669,#11066);
#9245=LINE('',#21673,#11067);
#9246=LINE('',#21675,#11068);
#9247=LINE('',#21677,#11069);
#9248=LINE('',#21679,#11070);
#9249=LINE('',#21681,#11071);
#9250=LINE('',#21685,#11072);
#9251=LINE('',#21691,#11073);
#9252=LINE('',#21693,#11074);
#9253=LINE('',#21695,#11075);
#9254=LINE('',#21697,#11076);
#9255=LINE('',#21701,#11077);
#9256=LINE('',#21703,#11078);
#9257=LINE('',#21704,#11079);
#9258=LINE('',#21706,#11080);
#9259=LINE('',#21708,#11081);
#9260=LINE('',#21712,#11082);
#9261=LINE('',#21714,#11083);
#9262=LINE('',#21716,#11084);
#9263=LINE('',#21718,#11085);
#9264=LINE('',#21724,#11086);
#9265=LINE('',#21728,#11087);
#9266=LINE('',#21730,#11088);
#9267=LINE('',#21732,#11089);
#9268=LINE('',#21734,#11090);
#9269=LINE('',#21736,#11091);
#9270=LINE('',#21740,#11092);
#9271=LINE('',#21746,#11093);
#9272=LINE('',#21748,#11094);
#9273=LINE('',#21750,#11095);
#9274=LINE('',#21752,#11096);
#9275=LINE('',#21756,#11097);
#9276=LINE('',#21758,#11098);
#9277=LINE('',#21759,#11099);
#9278=LINE('',#21761,#11100);
#9279=LINE('',#21763,#11101);
#9280=LINE('',#21767,#11102);
#9281=LINE('',#21769,#11103);
#9282=LINE('',#21771,#11104);
#9283=LINE('',#21773,#11105);
#9284=LINE('',#21779,#11106);
#9285=LINE('',#21783,#11107);
#9286=LINE('',#21785,#11108);
#9287=LINE('',#21787,#11109);
#9288=LINE('',#21789,#11110);
#9289=LINE('',#21791,#11111);
#9290=LINE('',#21795,#11112);
#9291=LINE('',#21801,#11113);
#9292=LINE('',#21803,#11114);
#9293=LINE('',#21805,#11115);
#9294=LINE('',#21807,#11116);
#9295=LINE('',#21811,#11117);
#9296=LINE('',#21813,#11118);
#9297=LINE('',#21814,#11119);
#9298=LINE('',#21816,#11120);
#9299=LINE('',#21818,#11121);
#9300=LINE('',#21820,#11122);
#9301=LINE('',#21824,#11123);
#9302=LINE('',#21830,#11124);
#9303=LINE('',#21832,#11125);
#9304=LINE('',#21834,#11126);
#9305=LINE('',#21838,#11127);
#9306=LINE('',#21842,#11128);
#9307=LINE('',#21844,#11129);
#9308=LINE('',#21846,#11130);
#9309=LINE('',#21848,#11131);
#9310=LINE('',#21850,#11132);
#9311=LINE('',#21852,#11133);
#9312=LINE('',#21854,#11134);
#9313=LINE('',#21855,#11135);
#9314=LINE('',#21857,#11136);
#9315=LINE('',#21859,#11137);
#9316=LINE('',#21863,#11138);
#9317=LINE('',#21867,#11139);
#9318=LINE('',#21869,#11140);
#9319=LINE('',#21871,#11141);
#9320=LINE('',#21877,#11142);
#9321=LINE('',#21881,#11143);
#9322=LINE('',#21883,#11144);
#9323=LINE('',#21885,#11145);
#9324=LINE('',#21887,#11146);
#9325=LINE('',#21891,#11147);
#9326=LINE('',#21897,#11148);
#9327=LINE('',#21899,#11149);
#9328=LINE('',#21901,#11150);
#9329=LINE('',#21905,#11151);
#9330=LINE('',#21909,#11152);
#9331=LINE('',#21911,#11153);
#9332=LINE('',#21913,#11154);
#9333=LINE('',#21915,#11155);
#9334=LINE('',#21917,#11156);
#9335=LINE('',#21919,#11157);
#9336=LINE('',#21921,#11158);
#9337=LINE('',#21922,#11159);
#9338=LINE('',#21924,#11160);
#9339=LINE('',#21926,#11161);
#9340=LINE('',#21930,#11162);
#9341=LINE('',#21934,#11163);
#9342=LINE('',#21936,#11164);
#9343=LINE('',#21938,#11165);
#9344=LINE('',#21944,#11166);
#9345=LINE('',#21948,#11167);
#9346=LINE('',#21950,#11168);
#9347=LINE('',#21952,#11169);
#9348=LINE('',#21954,#11170);
#9349=LINE('',#21958,#11171);
#9350=LINE('',#21964,#11172);
#9351=LINE('',#21966,#11173);
#9352=LINE('',#21968,#11174);
#9353=LINE('',#21972,#11175);
#9354=LINE('',#21976,#11176);
#9355=LINE('',#21978,#11177);
#9356=LINE('',#21980,#11178);
#9357=LINE('',#21982,#11179);
#9358=LINE('',#21984,#11180);
#9359=LINE('',#21986,#11181);
#9360=LINE('',#21988,#11182);
#9361=LINE('',#21989,#11183);
#9362=LINE('',#21991,#11184);
#9363=LINE('',#21993,#11185);
#9364=LINE('',#21997,#11186);
#9365=LINE('',#22001,#11187);
#9366=LINE('',#22003,#11188);
#9367=LINE('',#22005,#11189);
#9368=LINE('',#22011,#11190);
#9369=LINE('',#22015,#11191);
#9370=LINE('',#22017,#11192);
#9371=LINE('',#22019,#11193);
#9372=LINE('',#22021,#11194);
#9373=LINE('',#22025,#11195);
#9374=LINE('',#22031,#11196);
#9375=LINE('',#22033,#11197);
#9376=LINE('',#22035,#11198);
#9377=LINE('',#22039,#11199);
#9378=LINE('',#22043,#11200);
#9379=LINE('',#22045,#11201);
#9380=LINE('',#22047,#11202);
#9381=LINE('',#22049,#11203);
#9382=LINE('',#22051,#11204);
#9383=LINE('',#22053,#11205);
#9384=LINE('',#22055,#11206);
#9385=LINE('',#22056,#11207);
#9386=LINE('',#22058,#11208);
#9387=LINE('',#22060,#11209);
#9388=LINE('',#22064,#11210);
#9389=LINE('',#22068,#11211);
#9390=LINE('',#22070,#11212);
#9391=LINE('',#22072,#11213);
#9392=LINE('',#22078,#11214);
#9393=LINE('',#22082,#11215);
#9394=LINE('',#22084,#11216);
#9395=LINE('',#22086,#11217);
#9396=LINE('',#22088,#11218);
#9397=LINE('',#22092,#11219);
#9398=LINE('',#22098,#11220);
#9399=LINE('',#22100,#11221);
#9400=LINE('',#22102,#11222);
#9401=LINE('',#22106,#11223);
#9402=LINE('',#22110,#11224);
#9403=LINE('',#22112,#11225);
#9404=LINE('',#22114,#11226);
#9405=LINE('',#22116,#11227);
#9406=LINE('',#22118,#11228);
#9407=LINE('',#22120,#11229);
#9408=LINE('',#22122,#11230);
#9409=LINE('',#22123,#11231);
#9410=LINE('',#22125,#11232);
#9411=LINE('',#22127,#11233);
#9412=LINE('',#22131,#11234);
#9413=LINE('',#22135,#11235);
#9414=LINE('',#22137,#11236);
#9415=LINE('',#22139,#11237);
#9416=LINE('',#22145,#11238);
#9417=LINE('',#22149,#11239);
#9418=LINE('',#22151,#11240);
#9419=LINE('',#22153,#11241);
#9420=LINE('',#22155,#11242);
#9421=LINE('',#22157,#11243);
#9422=LINE('',#22161,#11244);
#9423=LINE('',#22165,#11245);
#9424=LINE('',#22167,#11246);
#9425=LINE('',#22169,#11247);
#9426=LINE('',#22175,#11248);
#9427=LINE('',#22179,#11249);
#9428=LINE('',#22181,#11250);
#9429=LINE('',#22183,#11251);
#9430=LINE('',#22185,#11252);
#9431=LINE('',#22187,#11253);
#9432=LINE('',#22189,#11254);
#9433=LINE('',#22190,#11255);
#9434=LINE('',#22194,#11256);
#9435=LINE('',#22200,#11257);
#9436=LINE('',#22202,#11258);
#9437=LINE('',#22204,#11259);
#9438=LINE('',#22208,#11260);
#9439=LINE('',#22212,#11261);
#9440=LINE('',#22214,#11262);
#9441=LINE('',#22216,#11263);
#9442=LINE('',#22218,#11264);
#9443=LINE('',#22220,#11265);
#9444=LINE('',#22222,#11266);
#9445=LINE('',#22224,#11267);
#9446=LINE('',#22226,#11268);
#9447=LINE('',#22228,#11269);
#9448=LINE('',#22230,#11270);
#9449=LINE('',#22232,#11271);
#9450=LINE('',#22234,#11272);
#9451=LINE('',#22236,#11273);
#9452=LINE('',#22238,#11274);
#9453=LINE('',#22240,#11275);
#9454=LINE('',#22242,#11276);
#9455=LINE('',#22244,#11277);
#9456=LINE('',#22246,#11278);
#9457=LINE('',#22248,#11279);
#9458=LINE('',#22250,#11280);
#9459=LINE('',#22252,#11281);
#9460=LINE('',#22254,#11282);
#9461=LINE('',#22256,#11283);
#9462=LINE('',#22258,#11284);
#9463=LINE('',#22260,#11285);
#9464=LINE('',#22262,#11286);
#9465=LINE('',#22264,#11287);
#9466=LINE('',#22266,#11288);
#9467=LINE('',#22268,#11289);
#9468=LINE('',#22270,#11290);
#9469=LINE('',#22272,#11291);
#9470=LINE('',#22274,#11292);
#9471=LINE('',#22276,#11293);
#9472=LINE('',#22278,#11294);
#9473=LINE('',#22280,#11295);
#9474=LINE('',#22282,#11296);
#9475=LINE('',#22284,#11297);
#9476=LINE('',#22286,#11298);
#9477=LINE('',#22288,#11299);
#9478=LINE('',#22290,#11300);
#9479=LINE('',#22292,#11301);
#9480=LINE('',#22294,#11302);
#9481=LINE('',#22296,#11303);
#9482=LINE('',#22298,#11304);
#9483=LINE('',#22300,#11305);
#9484=LINE('',#22302,#11306);
#9485=LINE('',#22304,#11307);
#9486=LINE('',#22306,#11308);
#9487=LINE('',#22308,#11309);
#9488=LINE('',#22310,#11310);
#9489=LINE('',#22312,#11311);
#9490=LINE('',#22314,#11312);
#9491=LINE('',#22316,#11313);
#9492=LINE('',#22318,#11314);
#9493=LINE('',#22320,#11315);
#9494=LINE('',#22322,#11316);
#9495=LINE('',#22324,#11317);
#9496=LINE('',#22326,#11318);
#9497=LINE('',#22328,#11319);
#9498=LINE('',#22330,#11320);
#9499=LINE('',#22332,#11321);
#9500=LINE('',#22334,#11322);
#9501=LINE('',#22336,#11323);
#9502=LINE('',#22338,#11324);
#9503=LINE('',#22339,#11325);
#9504=LINE('',#22341,#11326);
#9505=LINE('',#22342,#11327);
#9506=LINE('',#22344,#11328);
#9507=LINE('',#22345,#11329);
#9508=LINE('',#22347,#11330);
#9509=LINE('',#22348,#11331);
#9510=LINE('',#22350,#11332);
#9511=LINE('',#22351,#11333);
#9512=LINE('',#22353,#11334);
#9513=LINE('',#22354,#11335);
#9514=LINE('',#22356,#11336);
#9515=LINE('',#22358,#11337);
#9516=LINE('',#22360,#11338);
#9517=LINE('',#22362,#11339);
#9518=LINE('',#22364,#11340);
#9519=LINE('',#22366,#11341);
#9520=LINE('',#22368,#11342);
#9521=LINE('',#22370,#11343);
#9522=LINE('',#22372,#11344);
#9523=LINE('',#22374,#11345);
#9524=LINE('',#22376,#11346);
#9525=LINE('',#22378,#11347);
#9526=LINE('',#22380,#11348);
#9527=LINE('',#22382,#11349);
#9528=LINE('',#22384,#11350);
#9529=LINE('',#22386,#11351);
#9530=LINE('',#22388,#11352);
#9531=LINE('',#22390,#11353);
#9532=LINE('',#22392,#11354);
#9533=LINE('',#22394,#11355);
#9534=LINE('',#22396,#11356);
#9535=LINE('',#22398,#11357);
#9536=LINE('',#22400,#11358);
#9537=LINE('',#22402,#11359);
#9538=LINE('',#22404,#11360);
#9539=LINE('',#22406,#11361);
#9540=LINE('',#22408,#11362);
#9541=LINE('',#22410,#11363);
#9542=LINE('',#22412,#11364);
#9543=LINE('',#22414,#11365);
#9544=LINE('',#22416,#11366);
#9545=LINE('',#22418,#11367);
#9546=LINE('',#22420,#11368);
#9547=LINE('',#22422,#11369);
#9548=LINE('',#22424,#11370);
#9549=LINE('',#22426,#11371);
#9550=LINE('',#22428,#11372);
#9551=LINE('',#22430,#11373);
#9552=LINE('',#22432,#11374);
#9553=LINE('',#22434,#11375);
#9554=LINE('',#22436,#11376);
#9555=LINE('',#22438,#11377);
#9556=LINE('',#22440,#11378);
#9557=LINE('',#22442,#11379);
#9558=LINE('',#22444,#11380);
#9559=LINE('',#22446,#11381);
#9560=LINE('',#22448,#11382);
#9561=LINE('',#22450,#11383);
#9562=LINE('',#22452,#11384);
#9563=LINE('',#22454,#11385);
#9564=LINE('',#22456,#11386);
#9565=LINE('',#22458,#11387);
#9566=LINE('',#22460,#11388);
#9567=LINE('',#22462,#11389);
#9568=LINE('',#22464,#11390);
#9569=LINE('',#22466,#11391);
#9570=LINE('',#22468,#11392);
#9571=LINE('',#22470,#11393);
#9572=LINE('',#22472,#11394);
#9573=LINE('',#22474,#11395);
#9574=LINE('',#22476,#11396);
#9575=LINE('',#22478,#11397);
#9576=LINE('',#22480,#11398);
#9577=LINE('',#22482,#11399);
#9578=LINE('',#22484,#11400);
#9579=LINE('',#22486,#11401);
#9580=LINE('',#22494,#11402);
#9581=LINE('',#22496,#11403);
#9582=LINE('',#22498,#11404);
#9583=LINE('',#22500,#11405);
#9584=LINE('',#22502,#11406);
#9585=LINE('',#22504,#11407);
#9586=LINE('',#22506,#11408);
#9587=LINE('',#22508,#11409);
#9588=LINE('',#22510,#11410);
#9589=LINE('',#22512,#11411);
#9590=LINE('',#22514,#11412);
#9591=LINE('',#22516,#11413);
#9592=LINE('',#22518,#11414);
#9593=LINE('',#22520,#11415);
#9594=LINE('',#22522,#11416);
#9595=LINE('',#22524,#11417);
#9596=LINE('',#22526,#11418);
#9597=LINE('',#22528,#11419);
#9598=LINE('',#22530,#11420);
#9599=LINE('',#22532,#11421);
#9600=LINE('',#22534,#11422);
#9601=LINE('',#22536,#11423);
#9602=LINE('',#22538,#11424);
#9603=LINE('',#22543,#11425);
#9604=LINE('',#22546,#11426);
#9605=LINE('',#22548,#11427);
#9606=LINE('',#22550,#11428);
#9607=LINE('',#22552,#11429);
#9608=LINE('',#22554,#11430);
#9609=LINE('',#22556,#11431);
#9610=LINE('',#22558,#11432);
#9611=LINE('',#22560,#11433);
#9612=LINE('',#22562,#11434);
#9613=LINE('',#22564,#11435);
#9614=LINE('',#22566,#11436);
#9615=LINE('',#22568,#11437);
#9616=LINE('',#22572,#11438);
#9617=LINE('',#22576,#11439);
#9618=LINE('',#22578,#11440);
#9619=LINE('',#22580,#11441);
#9620=LINE('',#22584,#11442);
#9621=LINE('',#22588,#11443);
#9622=LINE('',#22590,#11444);
#9623=LINE('',#22592,#11445);
#9624=LINE('',#22596,#11446);
#9625=LINE('',#22600,#11447);
#9626=LINE('',#22602,#11448);
#9627=LINE('',#22604,#11449);
#9628=LINE('',#22606,#11450);
#9629=LINE('',#22608,#11451);
#9630=LINE('',#22610,#11452);
#9631=LINE('',#22612,#11453);
#9632=LINE('',#22614,#11454);
#9633=LINE('',#22616,#11455);
#9634=LINE('',#22620,#11456);
#9635=LINE('',#22624,#11457);
#9636=LINE('',#22626,#11458);
#9637=LINE('',#22628,#11459);
#9638=LINE('',#22632,#11460);
#9639=LINE('',#22636,#11461);
#9640=LINE('',#22638,#11462);
#9641=LINE('',#22640,#11463);
#9642=LINE('',#22644,#11464);
#9643=LINE('',#22648,#11465);
#9644=LINE('',#22650,#11466);
#9645=LINE('',#22652,#11467);
#9646=LINE('',#22656,#11468);
#9647=LINE('',#22660,#11469);
#9648=LINE('',#22662,#11470);
#9649=LINE('',#22664,#11471);
#9650=LINE('',#22666,#11472);
#9651=LINE('',#22668,#11473);
#9652=LINE('',#22670,#11474);
#9653=LINE('',#22672,#11475);
#9654=LINE('',#22674,#11476);
#9655=LINE('',#22676,#11477);
#9656=LINE('',#22678,#11478);
#9657=LINE('',#22680,#11479);
#9658=LINE('',#22682,#11480);
#9659=LINE('',#22684,#11481);
#9660=LINE('',#22686,#11482);
#9661=LINE('',#22688,#11483);
#9662=LINE('',#22690,#11484);
#9663=LINE('',#22692,#11485);
#9664=LINE('',#22694,#11486);
#9665=LINE('',#22698,#11487);
#9666=LINE('',#22702,#11488);
#9667=LINE('',#22704,#11489);
#9668=LINE('',#22706,#11490);
#9669=LINE('',#22710,#11491);
#9670=LINE('',#22714,#11492);
#9671=LINE('',#22716,#11493);
#9672=LINE('',#22718,#11494);
#9673=LINE('',#22720,#11495);
#9674=LINE('',#22721,#11496);
#9675=VECTOR('',#15041,1000.);
#9676=VECTOR('',#15042,1000.);
#9677=VECTOR('',#15043,1000.);
#9678=VECTOR('',#15044,1000.);
#9679=VECTOR('',#15047,1000.);
#9680=VECTOR('',#15048,1000.);
#9681=VECTOR('',#15049,1000.);
#9682=VECTOR('',#15050,1000.);
#9683=VECTOR('',#15053,1000.);
#9684=VECTOR('',#15054,1000.);
#9685=VECTOR('',#15055,1000.);
#9686=VECTOR('',#15064,1000.);
#9687=VECTOR('',#15065,1000.);
#9688=VECTOR('',#15066,1000.);
#9689=VECTOR('',#15067,1000.);
#9690=VECTOR('',#15068,1000.);
#9691=VECTOR('',#15069,1000.);
#9692=VECTOR('',#15072,1000.);
#9693=VECTOR('',#15073,1000.);
#9694=VECTOR('',#15074,1000.);
#9695=VECTOR('',#15075,1000.);
#9696=VECTOR('',#15076,1000.);
#9697=VECTOR('',#15077,1000.);
#9698=VECTOR('',#15080,1000.);
#9699=VECTOR('',#15081,1000.);
#9700=VECTOR('',#15082,1000.);
#9701=VECTOR('',#15083,1000.);
#9702=VECTOR('',#15084,1000.);
#9703=VECTOR('',#15085,1000.);
#9704=VECTOR('',#15088,1000.);
#9705=VECTOR('',#15089,1000.);
#9706=VECTOR('',#15090,1000.);
#9707=VECTOR('',#15091,1000.);
#9708=VECTOR('',#15092,1000.);
#9709=VECTOR('',#15093,1000.);
#9710=VECTOR('',#15096,1000.);
#9711=VECTOR('',#15097,1000.);
#9712=VECTOR('',#15098,1000.);
#9713=VECTOR('',#15099,1000.);
#9714=VECTOR('',#15100,1000.);
#9715=VECTOR('',#15101,1000.);
#9716=VECTOR('',#15104,1000.);
#9717=VECTOR('',#15105,1000.);
#9718=VECTOR('',#15106,1000.);
#9719=VECTOR('',#15107,1000.);
#9720=VECTOR('',#15108,1000.);
#9721=VECTOR('',#15109,1000.);
#9722=VECTOR('',#15112,1000.);
#9723=VECTOR('',#15113,1000.);
#9724=VECTOR('',#15114,1000.);
#9725=VECTOR('',#15115,1000.);
#9726=VECTOR('',#15116,1000.);
#9727=VECTOR('',#15117,1000.);
#9728=VECTOR('',#15118,1000.);
#9729=VECTOR('',#15119,1000.);
#9730=VECTOR('',#15120,1000.);
#9731=VECTOR('',#15121,1000.);
#9732=VECTOR('',#15122,1000.);
#9733=VECTOR('',#15123,1000.);
#9734=VECTOR('',#15126,1000.);
#9735=VECTOR('',#15127,1000.);
#9736=VECTOR('',#15128,1000.);
#9737=VECTOR('',#15129,1000.);
#9738=VECTOR('',#15132,1000.);
#9739=VECTOR('',#15133,1000.);
#9740=VECTOR('',#15134,1000.);
#9741=VECTOR('',#15135,1000.);
#9742=VECTOR('',#15138,1000.);
#9743=VECTOR('',#15139,1000.);
#9744=VECTOR('',#15140,1000.);
#9745=VECTOR('',#15141,1000.);
#9746=VECTOR('',#15144,1000.);
#9747=VECTOR('',#15145,1000.);
#9748=VECTOR('',#15146,1000.);
#9749=VECTOR('',#15147,1000.);
#9750=VECTOR('',#15150,1000.);
#9751=VECTOR('',#15151,1000.);
#9752=VECTOR('',#15152,1000.);
#9753=VECTOR('',#15153,1000.);
#9754=VECTOR('',#15156,1000.);
#9755=VECTOR('',#15157,1000.);
#9756=VECTOR('',#15158,1000.);
#9757=VECTOR('',#15159,1000.);
#9758=VECTOR('',#15162,1000.);
#9759=VECTOR('',#15163,1000.);
#9760=VECTOR('',#15164,1000.);
#9761=VECTOR('',#15165,1000.);
#9762=VECTOR('',#15168,1000.);
#9763=VECTOR('',#15169,1000.);
#9764=VECTOR('',#15170,1000.);
#9765=VECTOR('',#15171,1000.);
#9766=VECTOR('',#15174,1000.);
#9767=VECTOR('',#15175,1000.);
#9768=VECTOR('',#15176,1000.);
#9769=VECTOR('',#15177,1000.);
#9770=VECTOR('',#15180,1000.);
#9771=VECTOR('',#15181,1000.);
#9772=VECTOR('',#15182,1000.);
#9773=VECTOR('',#15183,1000.);
#9774=VECTOR('',#15186,1000.);
#9775=VECTOR('',#15187,1000.);
#9776=VECTOR('',#15188,1000.);
#9777=VECTOR('',#15189,1000.);
#9778=VECTOR('',#15192,1000.);
#9779=VECTOR('',#15193,1000.);
#9780=VECTOR('',#15194,1000.);
#9781=VECTOR('',#15195,1000.);
#9782=VECTOR('',#15198,1000.);
#9783=VECTOR('',#15199,1000.);
#9784=VECTOR('',#15200,1000.);
#9785=VECTOR('',#15201,1000.);
#9786=VECTOR('',#15202,1000.);
#9787=VECTOR('',#15203,1000.);
#9788=VECTOR('',#15204,1000.);
#9789=VECTOR('',#15205,1000.);
#9790=VECTOR('',#15206,1000.);
#9791=VECTOR('',#15207,1000.);
#9792=VECTOR('',#15208,1000.);
#9793=VECTOR('',#15209,1000.);
#9794=VECTOR('',#15210,1000.);
#9795=VECTOR('',#15211,1000.);
#9796=VECTOR('',#15212,1000.);
#9797=VECTOR('',#15213,1000.);
#9798=VECTOR('',#15214,1000.);
#9799=VECTOR('',#15215,1000.);
#9800=VECTOR('',#15216,1000.);
#9801=VECTOR('',#15217,1000.);
#9802=VECTOR('',#15218,1000.);
#9803=VECTOR('',#15219,1000.);
#9804=VECTOR('',#15220,1000.);
#9805=VECTOR('',#15221,1000.);
#9806=VECTOR('',#15222,1000.);
#9807=VECTOR('',#15223,1000.);
#9808=VECTOR('',#15224,1000.);
#9809=VECTOR('',#15225,1000.);
#9810=VECTOR('',#15226,1000.);
#9811=VECTOR('',#15227,1000.);
#9812=VECTOR('',#15228,1000.);
#9813=VECTOR('',#15229,1000.);
#9814=VECTOR('',#15230,1000.);
#9815=VECTOR('',#15231,1000.);
#9816=VECTOR('',#15232,1000.);
#9817=VECTOR('',#15233,1000.);
#9818=VECTOR('',#15234,1000.);
#9819=VECTOR('',#15235,1000.);
#9820=VECTOR('',#15236,1000.);
#9821=VECTOR('',#15237,1000.);
#9822=VECTOR('',#15238,1000.);
#9823=VECTOR('',#15239,1000.);
#9824=VECTOR('',#15240,1000.);
#9825=VECTOR('',#15241,1000.);
#9826=VECTOR('',#15242,1000.);
#9827=VECTOR('',#15243,1000.);
#9828=VECTOR('',#15244,1000.);
#9829=VECTOR('',#15245,1000.);
#9830=VECTOR('',#15246,1000.);
#9831=VECTOR('',#15247,1000.);
#9832=VECTOR('',#15250,1000.);
#9833=VECTOR('',#15251,1000.);
#9834=VECTOR('',#15252,1000.);
#9835=VECTOR('',#15253,1000.);
#9836=VECTOR('',#15256,1000.);
#9837=VECTOR('',#15257,1000.);
#9838=VECTOR('',#15258,1000.);
#9839=VECTOR('',#15259,1000.);
#9840=VECTOR('',#15260,1000.);
#9841=VECTOR('',#15261,1000.);
#9842=VECTOR('',#15262,1000.);
#9843=VECTOR('',#15263,1000.);
#9844=VECTOR('',#15264,1000.);
#9845=VECTOR('',#15265,1000.);
#9846=VECTOR('',#15266,1000.);
#9847=VECTOR('',#15267,1000.);
#9848=VECTOR('',#15268,1000.);
#9849=VECTOR('',#15269,1000.);
#9850=VECTOR('',#15270,1000.);
#9851=VECTOR('',#15273,1000.);
#9852=VECTOR('',#15274,1000.);
#9853=VECTOR('',#15275,1000.);
#9854=VECTOR('',#15276,1000.);
#9855=VECTOR('',#15277,1000.);
#9856=VECTOR('',#15278,1000.);
#9857=VECTOR('',#15279,1000.);
#9858=VECTOR('',#15280,1000.);
#9859=VECTOR('',#15281,1000.);
#9860=VECTOR('',#15282,1000.);
#9861=VECTOR('',#15283,1000.);
#9862=VECTOR('',#15284,1000.);
#9863=VECTOR('',#15285,1000.);
#9864=VECTOR('',#15286,1000.);
#9865=VECTOR('',#15287,1000.);
#9866=VECTOR('',#15288,1000.);
#9867=VECTOR('',#15289,1000.);
#9868=VECTOR('',#15290,1000.);
#9869=VECTOR('',#15291,1000.);
#9870=VECTOR('',#15292,1000.);
#9871=VECTOR('',#15295,1000.);
#9872=VECTOR('',#15296,1000.);
#9873=VECTOR('',#15297,1000.);
#9874=VECTOR('',#15300,1000.);
#9875=VECTOR('',#15301,1000.);
#9876=VECTOR('',#15302,1000.);
#9877=VECTOR('',#15303,1000.);
#9878=VECTOR('',#15304,1000.);
#9879=VECTOR('',#15305,1000.);
#9880=VECTOR('',#15306,1000.);
#9881=VECTOR('',#15307,1000.);
#9882=VECTOR('',#15308,1000.);
#9883=VECTOR('',#15309,1000.);
#9884=VECTOR('',#15310,1000.);
#9885=VECTOR('',#15311,1000.);
#9886=VECTOR('',#15312,1000.);
#9887=VECTOR('',#15313,1000.);
#9888=VECTOR('',#15314,1000.);
#9889=VECTOR('',#15315,1000.);
#9890=VECTOR('',#15316,1000.);
#9891=VECTOR('',#15317,1000.);
#9892=VECTOR('',#15318,1000.);
#9893=VECTOR('',#15319,1000.);
#9894=VECTOR('',#15322,1000.);
#9895=VECTOR('',#15323,1000.);
#9896=VECTOR('',#15324,1000.);
#9897=VECTOR('',#15327,1000.);
#9898=VECTOR('',#15328,1000.);
#9899=VECTOR('',#15329,1000.);
#9900=VECTOR('',#15330,1000.);
#9901=VECTOR('',#15331,1000.);
#9902=VECTOR('',#15332,1000.);
#9903=VECTOR('',#15333,1000.);
#9904=VECTOR('',#15334,1000.);
#9905=VECTOR('',#15335,1000.);
#9906=VECTOR('',#15336,1000.);
#9907=VECTOR('',#15337,1000.);
#9908=VECTOR('',#15338,1000.);
#9909=VECTOR('',#15339,1000.);
#9910=VECTOR('',#15340,1000.);
#9911=VECTOR('',#15341,1000.);
#9912=VECTOR('',#15342,1000.);
#9913=VECTOR('',#15343,1000.);
#9914=VECTOR('',#15344,1000.);
#9915=VECTOR('',#15345,1000.);
#9916=VECTOR('',#15346,1000.);
#9917=VECTOR('',#15349,1000.);
#9918=VECTOR('',#15350,1000.);
#9919=VECTOR('',#15351,1000.);
#9920=VECTOR('',#15354,1000.);
#9921=VECTOR('',#15355,1000.);
#9922=VECTOR('',#15356,1000.);
#9923=VECTOR('',#15357,1000.);
#9924=VECTOR('',#15358,1000.);
#9925=VECTOR('',#15359,1000.);
#9926=VECTOR('',#15360,1000.);
#9927=VECTOR('',#15361,1000.);
#9928=VECTOR('',#15362,1000.);
#9929=VECTOR('',#15363,1000.);
#9930=VECTOR('',#15364,1000.);
#9931=VECTOR('',#15365,1000.);
#9932=VECTOR('',#15366,1000.);
#9933=VECTOR('',#15367,1000.);
#9934=VECTOR('',#15368,1000.);
#9935=VECTOR('',#15369,1000.);
#9936=VECTOR('',#15370,1000.);
#9937=VECTOR('',#15371,1000.);
#9938=VECTOR('',#15372,1000.);
#9939=VECTOR('',#15373,1000.);
#9940=VECTOR('',#15376,1000.);
#9941=VECTOR('',#15377,1000.);
#9942=VECTOR('',#15378,1000.);
#9943=VECTOR('',#15381,1000.);
#9944=VECTOR('',#15382,1000.);
#9945=VECTOR('',#15383,1000.);
#9946=VECTOR('',#15384,1000.);
#9947=VECTOR('',#15385,1000.);
#9948=VECTOR('',#15386,1000.);
#9949=VECTOR('',#15387,1000.);
#9950=VECTOR('',#15388,1000.);
#9951=VECTOR('',#15389,1000.);
#9952=VECTOR('',#15390,1000.);
#9953=VECTOR('',#15391,1000.);
#9954=VECTOR('',#15392,1000.);
#9955=VECTOR('',#15393,1000.);
#9956=VECTOR('',#15394,1000.);
#9957=VECTOR('',#15395,1000.);
#9958=VECTOR('',#15396,1000.);
#9959=VECTOR('',#15397,1000.);
#9960=VECTOR('',#15398,1000.);
#9961=VECTOR('',#15399,1000.);
#9962=VECTOR('',#15400,1000.);
#9963=VECTOR('',#15403,1000.);
#9964=VECTOR('',#15404,1000.);
#9965=VECTOR('',#15405,1000.);
#9966=VECTOR('',#15408,1000.);
#9967=VECTOR('',#15409,1000.);
#9968=VECTOR('',#15410,1000.);
#9969=VECTOR('',#15411,1000.);
#9970=VECTOR('',#15414,1000.);
#9971=VECTOR('',#15415,1000.);
#9972=VECTOR('',#15416,1000.);
#9973=VECTOR('',#15417,1000.);
#9974=VECTOR('',#15418,1000.);
#9975=VECTOR('',#15419,1000.);
#9976=VECTOR('',#15420,1000.);
#9977=VECTOR('',#15421,1000.);
#9978=VECTOR('',#15422,1000.);
#9979=VECTOR('',#15423,1000.);
#9980=VECTOR('',#15424,1000.);
#9981=VECTOR('',#15425,1000.);
#9982=VECTOR('',#15426,1000.);
#9983=VECTOR('',#15427,1000.);
#9984=VECTOR('',#15428,1000.);
#9985=VECTOR('',#15431,1000.);
#9986=VECTOR('',#15432,1000.);
#9987=VECTOR('',#15433,1000.);
#9988=VECTOR('',#15434,1000.);
#9989=VECTOR('',#15435,1000.);
#9990=VECTOR('',#15436,1000.);
#9991=VECTOR('',#15437,1000.);
#9992=VECTOR('',#15438,1000.);
#9993=VECTOR('',#15439,1000.);
#9994=VECTOR('',#15440,1000.);
#9995=VECTOR('',#15441,1000.);
#9996=VECTOR('',#15442,1000.);
#9997=VECTOR('',#15443,1000.);
#9998=VECTOR('',#15444,1000.);
#9999=VECTOR('',#15445,1000.);
#10000=VECTOR('',#15448,1000.);
#10001=VECTOR('',#15449,1000.);
#10002=VECTOR('',#15450,1000.);
#10003=VECTOR('',#15451,1000.);
#10004=VECTOR('',#15452,1000.);
#10005=VECTOR('',#15453,1000.);
#10006=VECTOR('',#15454,1000.);
#10007=VECTOR('',#15455,1000.);
#10008=VECTOR('',#15456,1000.);
#10009=VECTOR('',#15457,1000.);
#10010=VECTOR('',#15458,1000.);
#10011=VECTOR('',#15459,1000.);
#10012=VECTOR('',#15460,1000.);
#10013=VECTOR('',#15461,1000.);
#10014=VECTOR('',#15462,1000.);
#10015=VECTOR('',#15463,1000.);
#10016=VECTOR('',#15464,1000.);
#10017=VECTOR('',#15465,1000.);
#10018=VECTOR('',#15466,1000.);
#10019=VECTOR('',#15469,1000.);
#10020=VECTOR('',#15470,1000.);
#10021=VECTOR('',#15471,1000.);
#10022=VECTOR('',#15472,1000.);
#10023=VECTOR('',#15473,1000.);
#10024=VECTOR('',#15474,1000.);
#10025=VECTOR('',#15475,1000.);
#10026=VECTOR('',#15476,1000.);
#10027=VECTOR('',#15477,1000.);
#10028=VECTOR('',#15478,1000.);
#10029=VECTOR('',#15479,1000.);
#10030=VECTOR('',#15480,1000.);
#10031=VECTOR('',#15481,1000.);
#10032=VECTOR('',#15482,1000.);
#10033=VECTOR('',#15483,1000.);
#10034=VECTOR('',#15484,1000.);
#10035=VECTOR('',#15485,1000.);
#10036=VECTOR('',#15486,1000.);
#10037=VECTOR('',#15487,1000.);
#10038=VECTOR('',#15490,1000.);
#10039=VECTOR('',#15491,1000.);
#10040=VECTOR('',#15492,1000.);
#10041=VECTOR('',#15493,1000.);
#10042=VECTOR('',#15494,1000.);
#10043=VECTOR('',#15495,1000.);
#10044=VECTOR('',#15496,1000.);
#10045=VECTOR('',#15497,1000.);
#10046=VECTOR('',#15498,1000.);
#10047=VECTOR('',#15499,1000.);
#10048=VECTOR('',#15500,1000.);
#10049=VECTOR('',#15501,1000.);
#10050=VECTOR('',#15502,1000.);
#10051=VECTOR('',#15503,1000.);
#10052=VECTOR('',#15504,1000.);
#10053=VECTOR('',#15505,1000.);
#10054=VECTOR('',#15506,1000.);
#10055=VECTOR('',#15507,1000.);
#10056=VECTOR('',#15508,1000.);
#10057=VECTOR('',#15511,1000.);
#10058=VECTOR('',#15512,1000.);
#10059=VECTOR('',#15513,1000.);
#10060=VECTOR('',#15514,1000.);
#10061=VECTOR('',#15515,1000.);
#10062=VECTOR('',#15516,1000.);
#10063=VECTOR('',#15517,1000.);
#10064=VECTOR('',#15518,1000.);
#10065=VECTOR('',#15519,1000.);
#10066=VECTOR('',#15520,1000.);
#10067=VECTOR('',#15521,1000.);
#10068=VECTOR('',#15522,1000.);
#10069=VECTOR('',#15523,1000.);
#10070=VECTOR('',#15524,1000.);
#10071=VECTOR('',#15525,1000.);
#10072=VECTOR('',#15526,1000.);
#10073=VECTOR('',#15527,1000.);
#10074=VECTOR('',#15528,1000.);
#10075=VECTOR('',#15529,1000.);
#10076=VECTOR('',#15532,1000.);
#10077=VECTOR('',#15533,1000.);
#10078=VECTOR('',#15534,1000.);
#10079=VECTOR('',#15535,1000.);
#10080=VECTOR('',#15536,1000.);
#10081=VECTOR('',#15537,1000.);
#10082=VECTOR('',#15538,1000.);
#10083=VECTOR('',#15539,1000.);
#10084=VECTOR('',#15540,1000.);
#10085=VECTOR('',#15541,1000.);
#10086=VECTOR('',#15542,1000.);
#10087=VECTOR('',#15543,1000.);
#10088=VECTOR('',#15544,1000.);
#10089=VECTOR('',#15545,1000.);
#10090=VECTOR('',#15546,1000.);
#10091=VECTOR('',#15547,1000.);
#10092=VECTOR('',#15548,1000.);
#10093=VECTOR('',#15549,1000.);
#10094=VECTOR('',#15550,1000.);
#10095=VECTOR('',#15553,1000.);
#10096=VECTOR('',#15554,1000.);
#10097=VECTOR('',#15555,1000.);
#10098=VECTOR('',#15556,1000.);
#10099=VECTOR('',#15557,1000.);
#10100=VECTOR('',#15558,1000.);
#10101=VECTOR('',#15559,1000.);
#10102=VECTOR('',#15560,1000.);
#10103=VECTOR('',#15561,1000.);
#10104=VECTOR('',#15562,1000.);
#10105=VECTOR('',#15563,1000.);
#10106=VECTOR('',#15564,1000.);
#10107=VECTOR('',#15565,1000.);
#10108=VECTOR('',#15566,1000.);
#10109=VECTOR('',#15567,1000.);
#10110=VECTOR('',#15570,1000.);
#10111=VECTOR('',#15571,1000.);
#10112=VECTOR('',#15572,1000.);
#10113=VECTOR('',#15573,1000.);
#10114=VECTOR('',#15574,1000.);
#10115=VECTOR('',#15575,1000.);
#10116=VECTOR('',#15576,1000.);
#10117=VECTOR('',#15577,1000.);
#10118=VECTOR('',#15578,1000.);
#10119=VECTOR('',#15579,1000.);
#10120=VECTOR('',#15580,1000.);
#10121=VECTOR('',#15581,1000.);
#10122=VECTOR('',#15582,1000.);
#10123=VECTOR('',#15583,1000.);
#10124=VECTOR('',#15584,1000.);
#10125=VECTOR('',#15585,1000.);
#10126=VECTOR('',#15586,1000.);
#10127=VECTOR('',#15587,1000.);
#10128=VECTOR('',#15588,1000.);
#10129=VECTOR('',#15589,1000.);
#10130=VECTOR('',#15590,1000.);
#10131=VECTOR('',#15591,1000.);
#10132=VECTOR('',#15592,1000.);
#10133=VECTOR('',#15593,1000.);
#10134=VECTOR('',#15594,1000.);
#10135=VECTOR('',#15595,1000.);
#10136=VECTOR('',#15596,1000.);
#10137=VECTOR('',#15597,1000.);
#10138=VECTOR('',#15598,1000.);
#10139=VECTOR('',#15599,1000.);
#10140=VECTOR('',#15600,1000.);
#10141=VECTOR('',#15601,1000.);
#10142=VECTOR('',#15602,1000.);
#10143=VECTOR('',#15603,1000.);
#10144=VECTOR('',#15606,1000.);
#10145=VECTOR('',#15607,1000.);
#10146=VECTOR('',#15610,1000.);
#10147=VECTOR('',#15611,1000.);
#10148=VECTOR('',#15614,1000.);
#10149=VECTOR('',#15615,1000.);
#10150=VECTOR('',#15618,1000.);
#10151=VECTOR('',#15619,1000.);
#10152=VECTOR('',#15622,1000.);
#10153=VECTOR('',#15623,1000.);
#10154=VECTOR('',#15626,1000.);
#10155=VECTOR('',#15627,1000.);
#10156=VECTOR('',#15630,1000.);
#10157=VECTOR('',#15631,1000.);
#10158=VECTOR('',#15634,1000.);
#10159=VECTOR('',#15635,1000.);
#10160=VECTOR('',#15638,1000.);
#10161=VECTOR('',#15639,1000.);
#10162=VECTOR('',#15642,1000.);
#10163=VECTOR('',#15643,1000.);
#10164=VECTOR('',#15646,1000.);
#10165=VECTOR('',#15647,1000.);
#10166=VECTOR('',#15650,1000.);
#10167=VECTOR('',#15651,1000.);
#10168=VECTOR('',#15654,1000.);
#10169=VECTOR('',#15655,1000.);
#10170=VECTOR('',#15658,1000.);
#10171=VECTOR('',#15659,1000.);
#10172=VECTOR('',#15662,1000.);
#10173=VECTOR('',#15663,1000.);
#10174=VECTOR('',#15664,1000.);
#10175=VECTOR('',#15665,1000.);
#10176=VECTOR('',#15666,1000.);
#10177=VECTOR('',#15667,1000.);
#10178=VECTOR('',#15668,1000.);
#10179=VECTOR('',#15669,1000.);
#10180=VECTOR('',#15670,1000.);
#10181=VECTOR('',#15671,1000.);
#10182=VECTOR('',#15672,1000.);
#10183=VECTOR('',#15673,1000.);
#10184=VECTOR('',#15674,1000.);
#10185=VECTOR('',#15675,1000.);
#10186=VECTOR('',#15676,1000.);
#10187=VECTOR('',#15677,1000.);
#10188=VECTOR('',#15678,1000.);
#10189=VECTOR('',#15679,1000.);
#10190=VECTOR('',#15680,1000.);
#10191=VECTOR('',#15681,1000.);
#10192=VECTOR('',#15682,1000.);
#10193=VECTOR('',#15683,1000.);
#10194=VECTOR('',#15684,1000.);
#10195=VECTOR('',#15685,1000.);
#10196=VECTOR('',#15686,1000.);
#10197=VECTOR('',#15687,1000.);
#10198=VECTOR('',#15688,1000.);
#10199=VECTOR('',#15689,1000.);
#10200=VECTOR('',#15690,1000.);
#10201=VECTOR('',#15691,1000.);
#10202=VECTOR('',#15692,1000.);
#10203=VECTOR('',#15693,1000.);
#10204=VECTOR('',#15694,1000.);
#10205=VECTOR('',#15695,1000.);
#10206=VECTOR('',#15696,1000.);
#10207=VECTOR('',#15697,1000.);
#10208=VECTOR('',#15698,1000.);
#10209=VECTOR('',#15699,1000.);
#10210=VECTOR('',#15700,1000.);
#10211=VECTOR('',#15701,1000.);
#10212=VECTOR('',#15704,1000.);
#10213=VECTOR('',#15705,1000.);
#10214=VECTOR('',#15706,1000.);
#10215=VECTOR('',#15709,1000.);
#10216=VECTOR('',#15710,1000.);
#10217=VECTOR('',#15711,1000.);
#10218=VECTOR('',#15714,1000.);
#10219=VECTOR('',#15715,1000.);
#10220=VECTOR('',#15716,1000.);
#10221=VECTOR('',#15719,1000.);
#10222=VECTOR('',#15720,1000.);
#10223=VECTOR('',#15721,1000.);
#10224=VECTOR('',#15724,1000.);
#10225=VECTOR('',#15725,1000.);
#10226=VECTOR('',#15726,1000.);
#10227=VECTOR('',#15729,1000.);
#10228=VECTOR('',#15730,1000.);
#10229=VECTOR('',#15733,1000.);
#10230=VECTOR('',#15734,1000.);
#10231=VECTOR('',#15737,1000.);
#10232=VECTOR('',#15738,1000.);
#10233=VECTOR('',#15741,1000.);
#10234=VECTOR('',#15742,1000.);
#10235=VECTOR('',#15745,1000.);
#10236=VECTOR('',#15746,1000.);
#10237=VECTOR('',#15749,1000.);
#10238=VECTOR('',#15750,1000.);
#10239=VECTOR('',#15753,1000.);
#10240=VECTOR('',#15754,1000.);
#10241=VECTOR('',#15755,1000.);
#10242=VECTOR('',#15758,1000.);
#10243=VECTOR('',#15759,1000.);
#10244=VECTOR('',#15762,1000.);
#10245=VECTOR('',#15763,1000.);
#10246=VECTOR('',#15766,1000.);
#10247=VECTOR('',#15767,1000.);
#10248=VECTOR('',#15770,1000.);
#10249=VECTOR('',#15771,1000.);
#10250=VECTOR('',#15774,1000.);
#10251=VECTOR('',#15775,1000.);
#10252=VECTOR('',#15778,1000.);
#10253=VECTOR('',#15779,1000.);
#10254=VECTOR('',#15782,1000.);
#10255=VECTOR('',#15783,1000.);
#10256=VECTOR('',#15786,1000.);
#10257=VECTOR('',#15787,1000.);
#10258=VECTOR('',#15790,1000.);
#10259=VECTOR('',#15791,1000.);
#10260=VECTOR('',#15794,1000.);
#10261=VECTOR('',#15795,1000.);
#10262=VECTOR('',#15798,1000.);
#10263=VECTOR('',#15799,1000.);
#10264=VECTOR('',#15802,1000.);
#10265=VECTOR('',#15803,1000.);
#10266=VECTOR('',#15806,1000.);
#10267=VECTOR('',#15807,1000.);
#10268=VECTOR('',#15810,1000.);
#10269=VECTOR('',#15811,1000.);
#10270=VECTOR('',#15814,1000.);
#10271=VECTOR('',#15815,1000.);
#10272=VECTOR('',#15818,1000.);
#10273=VECTOR('',#15819,1000.);
#10274=VECTOR('',#15822,1000.);
#10275=VECTOR('',#15823,1000.);
#10276=VECTOR('',#15824,1000.);
#10277=VECTOR('',#15827,1000.);
#10278=VECTOR('',#15828,1000.);
#10279=VECTOR('',#15829,1000.);
#10280=VECTOR('',#15832,1000.);
#10281=VECTOR('',#15833,1000.);
#10282=VECTOR('',#15834,1000.);
#10283=VECTOR('',#15837,1000.);
#10284=VECTOR('',#15838,1000.);
#10285=VECTOR('',#15839,1000.);
#10286=VECTOR('',#15842,1000.);
#10287=VECTOR('',#15843,1000.);
#10288=VECTOR('',#15844,1000.);
#10289=VECTOR('',#15847,1000.);
#10290=VECTOR('',#15848,1000.);
#10291=VECTOR('',#15849,1000.);
#10292=VECTOR('',#15852,1000.);
#10293=VECTOR('',#15853,1000.);
#10294=VECTOR('',#15854,1000.);
#10295=VECTOR('',#15857,1000.);
#10296=VECTOR('',#15858,1000.);
#10297=VECTOR('',#15859,1000.);
#10298=VECTOR('',#15862,1000.);
#10299=VECTOR('',#15863,1000.);
#10300=VECTOR('',#15864,1000.);
#10301=VECTOR('',#15865,1000.);
#10302=VECTOR('',#15866,1000.);
#10303=VECTOR('',#15867,1000.);
#10304=VECTOR('',#15868,1000.);
#10305=VECTOR('',#15869,1000.);
#10306=VECTOR('',#15870,1000.);
#10307=VECTOR('',#15873,1000.);
#10308=VECTOR('',#15874,1000.);
#10309=VECTOR('',#15875,1000.);
#10310=VECTOR('',#15876,1000.);
#10311=VECTOR('',#15877,1000.);
#10312=VECTOR('',#15878,1000.);
#10313=VECTOR('',#15879,1000.);
#10314=VECTOR('',#15880,1000.);
#10315=VECTOR('',#15883,1000.);
#10316=VECTOR('',#15884,1000.);
#10317=VECTOR('',#15885,1000.);
#10318=VECTOR('',#15888,1000.);
#10319=VECTOR('',#15889,1000.);
#10320=VECTOR('',#15890,1000.);
#10321=VECTOR('',#15893,1000.);
#10322=VECTOR('',#15894,1000.);
#10323=VECTOR('',#15895,1000.);
#10324=VECTOR('',#15898,1000.);
#10325=VECTOR('',#15899,1000.);
#10326=VECTOR('',#15900,1000.);
#10327=VECTOR('',#15903,1000.);
#10328=VECTOR('',#15904,1000.);
#10329=VECTOR('',#15907,1000.);
#10330=VECTOR('',#15908,1000.);
#10331=VECTOR('',#15911,1000.);
#10332=VECTOR('',#15912,1000.);
#10333=VECTOR('',#15913,1000.);
#10334=VECTOR('',#15914,1000.);
#10335=VECTOR('',#15915,1000.);
#10336=VECTOR('',#15916,1000.);
#10337=VECTOR('',#15917,1000.);
#10338=VECTOR('',#15918,1000.);
#10339=VECTOR('',#15919,1000.);
#10340=VECTOR('',#15920,1000.);
#10341=VECTOR('',#15921,1000.);
#10342=VECTOR('',#15924,1000.);
#10343=VECTOR('',#15925,1000.);
#10344=VECTOR('',#15926,1000.);
#10345=VECTOR('',#15927,1000.);
#10346=VECTOR('',#15928,1000.);
#10347=VECTOR('',#15929,1000.);
#10348=VECTOR('',#15930,1000.);
#10349=VECTOR('',#15931,1000.);
#10350=VECTOR('',#15932,1000.);
#10351=VECTOR('',#15933,1000.);
#10352=VECTOR('',#15934,1000.);
#10353=VECTOR('',#15935,1000.);
#10354=VECTOR('',#15936,1000.);
#10355=VECTOR('',#15937,1000.);
#10356=VECTOR('',#15938,1000.);
#10357=VECTOR('',#15939,1000.);
#10358=VECTOR('',#15940,1000.);
#10359=VECTOR('',#15941,1000.);
#10360=VECTOR('',#15942,1000.);
#10361=VECTOR('',#15943,1000.);
#10362=VECTOR('',#15944,1000.);
#10363=VECTOR('',#15945,1000.);
#10364=VECTOR('',#15948,1000.);
#10365=VECTOR('',#15949,1000.);
#10366=VECTOR('',#15950,1000.);
#10367=VECTOR('',#15951,1000.);
#10368=VECTOR('',#15954,1000.);
#10369=VECTOR('',#15955,1000.);
#10370=VECTOR('',#15958,1000.);
#10371=VECTOR('',#15959,1000.);
#10372=VECTOR('',#15962,1000.);
#10373=VECTOR('',#15963,1000.);
#10374=VECTOR('',#15964,1000.);
#10375=VECTOR('',#15967,1000.);
#10376=VECTOR('',#15968,1000.);
#10377=VECTOR('',#15969,1000.);
#10378=VECTOR('',#15970,1000.);
#10379=VECTOR('',#15971,1000.);
#10380=VECTOR('',#15974,1000.);
#10381=VECTOR('',#15975,1000.);
#10382=VECTOR('',#15976,1000.);
#10383=VECTOR('',#15977,1000.);
#10384=VECTOR('',#15978,1000.);
#10385=VECTOR('',#15981,1000.);
#10386=VECTOR('',#15986,1000.);
#10387=VECTOR('',#15987,1000.);
#10388=VECTOR('',#15988,1000.);
#10389=VECTOR('',#15991,1000.);
#10390=VECTOR('',#15994,1000.);
#10391=VECTOR('',#15999,1000.);
#10392=VECTOR('',#16000,1000.);
#10393=VECTOR('',#16003,1000.);
#10394=VECTOR('',#16004,1000.);
#10395=VECTOR('',#16007,1000.);
#10396=VECTOR('',#16012,1000.);
#10397=VECTOR('',#16015,1000.);
#10398=VECTOR('',#16020,1000.);
#10399=VECTOR('',#16021,1000.);
#10400=VECTOR('',#16022,1000.);
#10401=VECTOR('',#16023,1000.);
#10402=VECTOR('',#16024,1000.);
#10403=VECTOR('',#16025,1000.);
#10404=VECTOR('',#16026,1000.);
#10405=VECTOR('',#16029,1000.);
#10406=VECTOR('',#16030,1000.);
#10407=VECTOR('',#16031,1000.);
#10408=VECTOR('',#16034,1000.);
#10409=VECTOR('',#16035,1000.);
#10410=VECTOR('',#16036,1000.);
#10411=VECTOR('',#16039,1000.);
#10412=VECTOR('',#16040,1000.);
#10413=VECTOR('',#16043,1000.);
#10414=VECTOR('',#16044,1000.);
#10415=VECTOR('',#16045,1000.);
#10416=VECTOR('',#16048,1000.);
#10417=VECTOR('',#16049,1000.);
#10418=VECTOR('',#16050,1000.);
#10419=VECTOR('',#16053,1000.);
#10420=VECTOR('',#16054,1000.);
#10421=VECTOR('',#16057,1000.);
#10422=VECTOR('',#16058,1000.);
#10423=VECTOR('',#16061,1000.);
#10424=VECTOR('',#16062,1000.);
#10425=VECTOR('',#16065,1000.);
#10426=VECTOR('',#16066,1000.);
#10427=VECTOR('',#16067,1000.);
#10428=VECTOR('',#16070,1000.);
#10429=VECTOR('',#16071,1000.);
#10430=VECTOR('',#16072,1000.);
#10431=VECTOR('',#16075,1000.);
#10432=VECTOR('',#16076,1000.);
#10433=VECTOR('',#16077,1000.);
#10434=VECTOR('',#16078,1000.);
#10435=VECTOR('',#16101,1000.);
#10436=VECTOR('',#16148,1000.);
#10437=VECTOR('',#16151,1000.);
#10438=VECTOR('',#16154,1000.);
#10439=VECTOR('',#16159,1000.);
#10440=VECTOR('',#16162,1000.);
#10441=VECTOR('',#16165,1000.);
#10442=VECTOR('',#16170,1000.);
#10443=VECTOR('',#16173,1000.);
#10444=VECTOR('',#16176,1000.);
#10445=VECTOR('',#16181,1000.);
#10446=VECTOR('',#16184,1000.);
#10447=VECTOR('',#16187,1000.);
#10448=VECTOR('',#16192,1000.);
#10449=VECTOR('',#16195,1000.);
#10450=VECTOR('',#16198,1000.);
#10451=VECTOR('',#16203,1000.);
#10452=VECTOR('',#16206,1000.);
#10453=VECTOR('',#16209,1000.);
#10454=VECTOR('',#16214,1000.);
#10455=VECTOR('',#16217,1000.);
#10456=VECTOR('',#16220,1000.);
#10457=VECTOR('',#16225,1000.);
#10458=VECTOR('',#16226,1000.);
#10459=VECTOR('',#16229,1000.);
#10460=VECTOR('',#16232,1000.);
#10461=VECTOR('',#16269,1000.);
#10462=VECTOR('',#16270,1000.);
#10463=VECTOR('',#16275,1000.);
#10464=VECTOR('',#16278,1000.);
#10465=VECTOR('',#16283,1000.);
#10466=VECTOR('',#16284,1000.);
#10467=VECTOR('',#16285,1000.);
#10468=VECTOR('',#16288,1000.);
#10469=VECTOR('',#16289,1000.);
#10470=VECTOR('',#16290,1000.);
#10471=VECTOR('',#16293,1000.);
#10472=VECTOR('',#16294,1000.);
#10473=VECTOR('',#16301,1000.);
#10474=VECTOR('',#16302,1000.);
#10475=VECTOR('',#16305,1000.);
#10476=VECTOR('',#16310,1000.);
#10477=VECTOR('',#16311,1000.);
#10478=VECTOR('',#16314,1000.);
#10479=VECTOR('',#16319,1000.);
#10480=VECTOR('',#16320,1000.);
#10481=VECTOR('',#16323,1000.);
#10482=VECTOR('',#16328,1000.);
#10483=VECTOR('',#16329,1000.);
#10484=VECTOR('',#16332,1000.);
#10485=VECTOR('',#16337,1000.);
#10486=VECTOR('',#16338,1000.);
#10487=VECTOR('',#16341,1000.);
#10488=VECTOR('',#16346,1000.);
#10489=VECTOR('',#16347,1000.);
#10490=VECTOR('',#16350,1000.);
#10491=VECTOR('',#16355,1000.);
#10492=VECTOR('',#16356,1000.);
#10493=VECTOR('',#16359,1000.);
#10494=VECTOR('',#16364,1000.);
#10495=VECTOR('',#16365,1000.);
#10496=VECTOR('',#16368,1000.);
#10497=VECTOR('',#16373,1000.);
#10498=VECTOR('',#16374,1000.);
#10499=VECTOR('',#16375,1000.);
#10500=VECTOR('',#16378,1000.);
#10501=VECTOR('',#16381,1000.);
#10502=VECTOR('',#16386,1000.);
#10503=VECTOR('',#16387,1000.);
#10504=VECTOR('',#16388,1000.);
#10505=VECTOR('',#16391,1000.);
#10506=VECTOR('',#16392,1000.);
#10507=VECTOR('',#16393,1000.);
#10508=VECTOR('',#16396,1000.);
#10509=VECTOR('',#16397,1000.);
#10510=VECTOR('',#16398,1000.);
#10511=VECTOR('',#16417,1000.);
#10512=VECTOR('',#16418,1000.);
#10513=VECTOR('',#16419,1000.);
#10514=VECTOR('',#16420,1000.);
#10515=VECTOR('',#16423,1000.);
#10516=VECTOR('',#16424,1000.);
#10517=VECTOR('',#16425,1000.);
#10518=VECTOR('',#16426,1000.);
#10519=VECTOR('',#16429,1000.);
#10520=VECTOR('',#16430,1000.);
#10521=VECTOR('',#16431,1000.);
#10522=VECTOR('',#16432,1000.);
#10523=VECTOR('',#16435,1000.);
#10524=VECTOR('',#16436,1000.);
#10525=VECTOR('',#16437,1000.);
#10526=VECTOR('',#16438,1000.);
#10527=VECTOR('',#16441,1000.);
#10528=VECTOR('',#16442,1000.);
#10529=VECTOR('',#16443,1000.);
#10530=VECTOR('',#16444,1000.);
#10531=VECTOR('',#16447,1000.);
#10532=VECTOR('',#16448,1000.);
#10533=VECTOR('',#16449,1000.);
#10534=VECTOR('',#16450,1000.);
#10535=VECTOR('',#16453,1000.);
#10536=VECTOR('',#16454,1000.);
#10537=VECTOR('',#16455,1000.);
#10538=VECTOR('',#16456,1000.);
#10539=VECTOR('',#16459,1000.);
#10540=VECTOR('',#16460,1000.);
#10541=VECTOR('',#16461,1000.);
#10542=VECTOR('',#16462,1000.);
#10543=VECTOR('',#16465,1000.);
#10544=VECTOR('',#16466,1000.);
#10545=VECTOR('',#16467,1000.);
#10546=VECTOR('',#16468,1000.);
#10547=VECTOR('',#16471,1000.);
#10548=VECTOR('',#16472,1000.);
#10549=VECTOR('',#16473,1000.);
#10550=VECTOR('',#16474,1000.);
#10551=VECTOR('',#16477,1000.);
#10552=VECTOR('',#16478,1000.);
#10553=VECTOR('',#16479,1000.);
#10554=VECTOR('',#16480,1000.);
#10555=VECTOR('',#16483,1000.);
#10556=VECTOR('',#16484,1000.);
#10557=VECTOR('',#16485,1000.);
#10558=VECTOR('',#16486,1000.);
#10559=VECTOR('',#16489,1000.);
#10560=VECTOR('',#16490,1000.);
#10561=VECTOR('',#16491,1000.);
#10562=VECTOR('',#16494,1000.);
#10563=VECTOR('',#16497,1000.);
#10564=VECTOR('',#16498,1000.);
#10565=VECTOR('',#16499,1000.);
#10566=VECTOR('',#16502,1000.);
#10567=VECTOR('',#16505,1000.);
#10568=VECTOR('',#16506,1000.);
#10569=VECTOR('',#16507,1000.);
#10570=VECTOR('',#16510,1000.);
#10571=VECTOR('',#16511,1000.);
#10572=VECTOR('',#16514,1000.);
#10573=VECTOR('',#16515,1000.);
#10574=VECTOR('',#16516,1000.);
#10575=VECTOR('',#16519,1000.);
#10576=VECTOR('',#16520,1000.);
#10577=VECTOR('',#16521,1000.);
#10578=VECTOR('',#16522,1000.);
#10579=VECTOR('',#16525,1000.);
#10580=VECTOR('',#16526,1000.);
#10581=VECTOR('',#16529,1000.);
#10582=VECTOR('',#16530,1000.);
#10583=VECTOR('',#16531,1000.);
#10584=VECTOR('',#16534,1000.);
#10585=VECTOR('',#16537,1000.);
#10586=VECTOR('',#16538,1000.);
#10587=VECTOR('',#16539,1000.);
#10588=VECTOR('',#16542,1000.);
#10589=VECTOR('',#16545,1000.);
#10590=VECTOR('',#16546,1000.);
#10591=VECTOR('',#16549,1000.);
#10592=VECTOR('',#16550,1000.);
#10593=VECTOR('',#16551,1000.);
#10594=VECTOR('',#16552,1000.);
#10595=VECTOR('',#16555,1000.);
#10596=VECTOR('',#16558,1000.);
#10597=VECTOR('',#16559,1000.);
#10598=VECTOR('',#16560,1000.);
#10599=VECTOR('',#16563,1000.);
#10600=VECTOR('',#16566,1000.);
#10601=VECTOR('',#16567,1000.);
#10602=VECTOR('',#16570,1000.);
#10603=VECTOR('',#16571,1000.);
#10604=VECTOR('',#16572,1000.);
#10605=VECTOR('',#16575,1000.);
#10606=VECTOR('',#16578,1000.);
#10607=VECTOR('',#16579,1000.);
#10608=VECTOR('',#16580,1000.);
#10609=VECTOR('',#16583,1000.);
#10610=VECTOR('',#16584,1000.);
#10611=VECTOR('',#16587,1000.);
#10612=VECTOR('',#16588,1000.);
#10613=VECTOR('',#16589,1000.);
#10614=VECTOR('',#16590,1000.);
#10615=VECTOR('',#16593,1000.);
#10616=VECTOR('',#16596,1000.);
#10617=VECTOR('',#16597,1000.);
#10618=VECTOR('',#16598,1000.);
#10619=VECTOR('',#16601,1000.);
#10620=VECTOR('',#16604,1000.);
#10621=VECTOR('',#16605,1000.);
#10622=VECTOR('',#16608,1000.);
#10623=VECTOR('',#16609,1000.);
#10624=VECTOR('',#16610,1000.);
#10625=VECTOR('',#16613,1000.);
#10626=VECTOR('',#16616,1000.);
#10627=VECTOR('',#16617,1000.);
#10628=VECTOR('',#16618,1000.);
#10629=VECTOR('',#16621,1000.);
#10630=VECTOR('',#16622,1000.);
#10631=VECTOR('',#16625,1000.);
#10632=VECTOR('',#16626,1000.);
#10633=VECTOR('',#16627,1000.);
#10634=VECTOR('',#16628,1000.);
#10635=VECTOR('',#16631,1000.);
#10636=VECTOR('',#16634,1000.);
#10637=VECTOR('',#16635,1000.);
#10638=VECTOR('',#16636,1000.);
#10639=VECTOR('',#16639,1000.);
#10640=VECTOR('',#16642,1000.);
#10641=VECTOR('',#16643,1000.);
#10642=VECTOR('',#16646,1000.);
#10643=VECTOR('',#16647,1000.);
#10644=VECTOR('',#16648,1000.);
#10645=VECTOR('',#16651,1000.);
#10646=VECTOR('',#16654,1000.);
#10647=VECTOR('',#16655,1000.);
#10648=VECTOR('',#16656,1000.);
#10649=VECTOR('',#16659,1000.);
#10650=VECTOR('',#16660,1000.);
#10651=VECTOR('',#16663,1000.);
#10652=VECTOR('',#16664,1000.);
#10653=VECTOR('',#16665,1000.);
#10654=VECTOR('',#16666,1000.);
#10655=VECTOR('',#16669,1000.);
#10656=VECTOR('',#16672,1000.);
#10657=VECTOR('',#16673,1000.);
#10658=VECTOR('',#16674,1000.);
#10659=VECTOR('',#16677,1000.);
#10660=VECTOR('',#16680,1000.);
#10661=VECTOR('',#16681,1000.);
#10662=VECTOR('',#16684,1000.);
#10663=VECTOR('',#16685,1000.);
#10664=VECTOR('',#16686,1000.);
#10665=VECTOR('',#16689,1000.);
#10666=VECTOR('',#16692,1000.);
#10667=VECTOR('',#16693,1000.);
#10668=VECTOR('',#16694,1000.);
#10669=VECTOR('',#16697,1000.);
#10670=VECTOR('',#16698,1000.);
#10671=VECTOR('',#16701,1000.);
#10672=VECTOR('',#16702,1000.);
#10673=VECTOR('',#16703,1000.);
#10674=VECTOR('',#16704,1000.);
#10675=VECTOR('',#16707,1000.);
#10676=VECTOR('',#16710,1000.);
#10677=VECTOR('',#16711,1000.);
#10678=VECTOR('',#16712,1000.);
#10679=VECTOR('',#16715,1000.);
#10680=VECTOR('',#16718,1000.);
#10681=VECTOR('',#16719,1000.);
#10682=VECTOR('',#16722,1000.);
#10683=VECTOR('',#16723,1000.);
#10684=VECTOR('',#16724,1000.);
#10685=VECTOR('',#16727,1000.);
#10686=VECTOR('',#16730,1000.);
#10687=VECTOR('',#16731,1000.);
#10688=VECTOR('',#16732,1000.);
#10689=VECTOR('',#16735,1000.);
#10690=VECTOR('',#16736,1000.);
#10691=VECTOR('',#16739,1000.);
#10692=VECTOR('',#16740,1000.);
#10693=VECTOR('',#16741,1000.);
#10694=VECTOR('',#16742,1000.);
#10695=VECTOR('',#16745,1000.);
#10696=VECTOR('',#16748,1000.);
#10697=VECTOR('',#16749,1000.);
#10698=VECTOR('',#16750,1000.);
#10699=VECTOR('',#16753,1000.);
#10700=VECTOR('',#16756,1000.);
#10701=VECTOR('',#16757,1000.);
#10702=VECTOR('',#16760,1000.);
#10703=VECTOR('',#16761,1000.);
#10704=VECTOR('',#16762,1000.);
#10705=VECTOR('',#16765,1000.);
#10706=VECTOR('',#16768,1000.);
#10707=VECTOR('',#16769,1000.);
#10708=VECTOR('',#16770,1000.);
#10709=VECTOR('',#16773,1000.);
#10710=VECTOR('',#16774,1000.);
#10711=VECTOR('',#16777,1000.);
#10712=VECTOR('',#16778,1000.);
#10713=VECTOR('',#16779,1000.);
#10714=VECTOR('',#16782,1000.);
#10715=VECTOR('',#16785,1000.);
#10716=VECTOR('',#16786,1000.);
#10717=VECTOR('',#16787,1000.);
#10718=VECTOR('',#16790,1000.);
#10719=VECTOR('',#16791,1000.);
#10720=VECTOR('',#16792,1000.);
#10721=VECTOR('',#16795,1000.);
#10722=VECTOR('',#16796,1000.);
#10723=VECTOR('',#16797,1000.);
#10724=VECTOR('',#16800,1000.);
#10725=VECTOR('',#16803,1000.);
#10726=VECTOR('',#16804,1000.);
#10727=VECTOR('',#16807,1000.);
#10728=VECTOR('',#16808,1000.);
#10729=VECTOR('',#16809,1000.);
#10730=VECTOR('',#16812,1000.);
#10731=VECTOR('',#16815,1000.);
#10732=VECTOR('',#16816,1000.);
#10733=VECTOR('',#16817,1000.);
#10734=VECTOR('',#16820,1000.);
#10735=VECTOR('',#16821,1000.);
#10736=VECTOR('',#16822,1000.);
#10737=VECTOR('',#16825,1000.);
#10738=VECTOR('',#16826,1000.);
#10739=VECTOR('',#16827,1000.);
#10740=VECTOR('',#16830,1000.);
#10741=VECTOR('',#16833,1000.);
#10742=VECTOR('',#16834,1000.);
#10743=VECTOR('',#16837,1000.);
#10744=VECTOR('',#16838,1000.);
#10745=VECTOR('',#16839,1000.);
#10746=VECTOR('',#16842,1000.);
#10747=VECTOR('',#16845,1000.);
#10748=VECTOR('',#16846,1000.);
#10749=VECTOR('',#16847,1000.);
#10750=VECTOR('',#16850,1000.);
#10751=VECTOR('',#16851,1000.);
#10752=VECTOR('',#16852,1000.);
#10753=VECTOR('',#16855,1000.);
#10754=VECTOR('',#16856,1000.);
#10755=VECTOR('',#16857,1000.);
#10756=VECTOR('',#16860,1000.);
#10757=VECTOR('',#16863,1000.);
#10758=VECTOR('',#16864,1000.);
#10759=VECTOR('',#16867,1000.);
#10760=VECTOR('',#16868,1000.);
#10761=VECTOR('',#16869,1000.);
#10762=VECTOR('',#16872,1000.);
#10763=VECTOR('',#16875,1000.);
#10764=VECTOR('',#16876,1000.);
#10765=VECTOR('',#16877,1000.);
#10766=VECTOR('',#16880,1000.);
#10767=VECTOR('',#16881,1000.);
#10768=VECTOR('',#16882,1000.);
#10769=VECTOR('',#16885,1000.);
#10770=VECTOR('',#16886,1000.);
#10771=VECTOR('',#16887,1000.);
#10772=VECTOR('',#16890,1000.);
#10773=VECTOR('',#16893,1000.);
#10774=VECTOR('',#16894,1000.);
#10775=VECTOR('',#16897,1000.);
#10776=VECTOR('',#16898,1000.);
#10777=VECTOR('',#16899,1000.);
#10778=VECTOR('',#16902,1000.);
#10779=VECTOR('',#16905,1000.);
#10780=VECTOR('',#16906,1000.);
#10781=VECTOR('',#16907,1000.);
#10782=VECTOR('',#16910,1000.);
#10783=VECTOR('',#16911,1000.);
#10784=VECTOR('',#16912,1000.);
#10785=VECTOR('',#16915,1000.);
#10786=VECTOR('',#16916,1000.);
#10787=VECTOR('',#16917,1000.);
#10788=VECTOR('',#16920,1000.);
#10789=VECTOR('',#16923,1000.);
#10790=VECTOR('',#16924,1000.);
#10791=VECTOR('',#16927,1000.);
#10792=VECTOR('',#16928,1000.);
#10793=VECTOR('',#16929,1000.);
#10794=VECTOR('',#16930,1000.);
#10795=VECTOR('',#16933,1000.);
#10796=VECTOR('',#16936,1000.);
#10797=VECTOR('',#16937,1000.);
#10798=VECTOR('',#16940,1000.);
#10799=VECTOR('',#16941,1000.);
#10800=VECTOR('',#16942,1000.);
#10801=VECTOR('',#16945,1000.);
#10802=VECTOR('',#16946,1000.);
#10803=VECTOR('',#16947,1000.);
#10804=VECTOR('',#16950,1000.);
#10805=VECTOR('',#16953,1000.);
#10806=VECTOR('',#16954,1000.);
#10807=VECTOR('',#16957,1000.);
#10808=VECTOR('',#16958,1000.);
#10809=VECTOR('',#16961,1000.);
#10810=VECTOR('',#16962,1000.);
#10811=VECTOR('',#16965,1000.);
#10812=VECTOR('',#16966,1000.);
#10813=VECTOR('',#16969,1000.);
#10814=VECTOR('',#16970,1000.);
#10815=VECTOR('',#16973,1000.);
#10816=VECTOR('',#16974,1000.);
#10817=VECTOR('',#16977,1000.);
#10818=VECTOR('',#16978,1000.);
#10819=VECTOR('',#16993,1000.);
#10820=VECTOR('',#16996,1000.);
#10821=VECTOR('',#16999,1000.);
#10822=VECTOR('',#17002,1000.);
#10823=VECTOR('',#17005,1000.);
#10824=VECTOR('',#17008,1000.);
#10825=VECTOR('',#17011,1000.);
#10826=VECTOR('',#17014,1000.);
#10827=VECTOR('',#17017,1000.);
#10828=VECTOR('',#17020,1000.);
#10829=VECTOR('',#17023,1000.);
#10830=VECTOR('',#17026,1000.);
#10831=VECTOR('',#17029,1000.);
#10832=VECTOR('',#17032,1000.);
#10833=VECTOR('',#17035,1000.);
#10834=VECTOR('',#17038,1000.);
#10835=VECTOR('',#17041,1000.);
#10836=VECTOR('',#17044,1000.);
#10837=VECTOR('',#17047,1000.);
#10838=VECTOR('',#17050,1000.);
#10839=VECTOR('',#17053,1000.);
#10840=VECTOR('',#17056,1000.);
#10841=VECTOR('',#17059,1000.);
#10842=VECTOR('',#17062,1000.);
#10843=VECTOR('',#17065,1000.);
#10844=VECTOR('',#17068,1000.);
#10845=VECTOR('',#17071,1000.);
#10846=VECTOR('',#17074,1000.);
#10847=VECTOR('',#17077,1000.);
#10848=VECTOR('',#17080,1000.);
#10849=VECTOR('',#17083,1000.);
#10850=VECTOR('',#17086,1000.);
#10851=VECTOR('',#17089,1000.);
#10852=VECTOR('',#17092,1000.);
#10853=VECTOR('',#17095,1000.);
#10854=VECTOR('',#17098,1000.);
#10855=VECTOR('',#17101,1000.);
#10856=VECTOR('',#17102,1000.);
#10857=VECTOR('',#17105,1000.);
#10858=VECTOR('',#17106,1000.);
#10859=VECTOR('',#17109,1000.);
#10860=VECTOR('',#17110,1000.);
#10861=VECTOR('',#17113,1000.);
#10862=VECTOR('',#17114,1000.);
#10863=VECTOR('',#17117,1000.);
#10864=VECTOR('',#17118,1000.);
#10865=VECTOR('',#17121,1000.);
#10866=VECTOR('',#17122,1000.);
#10867=VECTOR('',#17125,1000.);
#10868=VECTOR('',#17128,1000.);
#10869=VECTOR('',#17131,1000.);
#10870=VECTOR('',#17134,1000.);
#10871=VECTOR('',#17137,1000.);
#10872=VECTOR('',#17140,1000.);
#10873=VECTOR('',#17143,1000.);
#10874=VECTOR('',#17146,1000.);
#10875=VECTOR('',#17149,1000.);
#10876=VECTOR('',#17152,1000.);
#10877=VECTOR('',#17155,1000.);
#10878=VECTOR('',#17158,1000.);
#10879=VECTOR('',#17161,1000.);
#10880=VECTOR('',#17164,1000.);
#10881=VECTOR('',#17167,1000.);
#10882=VECTOR('',#17170,1000.);
#10883=VECTOR('',#17173,1000.);
#10884=VECTOR('',#17176,1000.);
#10885=VECTOR('',#17179,1000.);
#10886=VECTOR('',#17182,1000.);
#10887=VECTOR('',#17185,1000.);
#10888=VECTOR('',#17188,1000.);
#10889=VECTOR('',#17191,1000.);
#10890=VECTOR('',#17194,1000.);
#10891=VECTOR('',#17197,1000.);
#10892=VECTOR('',#17200,1000.);
#10893=VECTOR('',#17203,1000.);
#10894=VECTOR('',#17206,1000.);
#10895=VECTOR('',#17209,1000.);
#10896=VECTOR('',#17212,1000.);
#10897=VECTOR('',#17227,1000.);
#10898=VECTOR('',#17228,1000.);
#10899=VECTOR('',#17233,1000.);
#10900=VECTOR('',#17236,1000.);
#10901=VECTOR('',#17239,1000.);
#10902=VECTOR('',#17242,1000.);
#10903=VECTOR('',#17245,1000.);
#10904=VECTOR('',#17248,1000.);
#10905=VECTOR('',#17251,1000.);
#10906=VECTOR('',#17254,1000.);
#10907=VECTOR('',#17257,1000.);
#10908=VECTOR('',#17260,1000.);
#10909=VECTOR('',#17263,1000.);
#10910=VECTOR('',#17266,1000.);
#10911=VECTOR('',#17269,1000.);
#10912=VECTOR('',#17278,1000.);
#10913=VECTOR('',#17279,1000.);
#10914=VECTOR('',#17280,1000.);
#10915=VECTOR('',#17281,1000.);
#10916=VECTOR('',#17284,1000.);
#10917=VECTOR('',#17285,1000.);
#10918=VECTOR('',#17286,1000.);
#10919=VECTOR('',#17287,1000.);
#10920=VECTOR('',#17290,1000.);
#10921=VECTOR('',#17291,1000.);
#10922=VECTOR('',#17292,1000.);
#10923=VECTOR('',#17293,1000.);
#10924=VECTOR('',#17296,1000.);
#10925=VECTOR('',#17297,1000.);
#10926=VECTOR('',#17298,1000.);
#10927=VECTOR('',#17299,1000.);
#10928=VECTOR('',#17302,1000.);
#10929=VECTOR('',#17303,1000.);
#10930=VECTOR('',#17304,1000.);
#10931=VECTOR('',#17305,1000.);
#10932=VECTOR('',#17308,1000.);
#10933=VECTOR('',#17309,1000.);
#10934=VECTOR('',#17310,1000.);
#10935=VECTOR('',#17311,1000.);
#10936=VECTOR('',#17314,1000.);
#10937=VECTOR('',#17315,1000.);
#10938=VECTOR('',#17316,1000.);
#10939=VECTOR('',#17317,1000.);
#10940=VECTOR('',#17320,1000.);
#10941=VECTOR('',#17321,1000.);
#10942=VECTOR('',#17322,1000.);
#10943=VECTOR('',#17323,1000.);
#10944=VECTOR('',#17326,1000.);
#10945=VECTOR('',#17327,1000.);
#10946=VECTOR('',#17328,1000.);
#10947=VECTOR('',#17329,1000.);
#10948=VECTOR('',#17332,1000.);
#10949=VECTOR('',#17333,1000.);
#10950=VECTOR('',#17334,1000.);
#10951=VECTOR('',#17335,1000.);
#10952=VECTOR('',#17338,1000.);
#10953=VECTOR('',#17339,1000.);
#10954=VECTOR('',#17340,1000.);
#10955=VECTOR('',#17341,1000.);
#10956=VECTOR('',#17344,1000.);
#10957=VECTOR('',#17345,1000.);
#10958=VECTOR('',#17346,1000.);
#10959=VECTOR('',#17347,1000.);
#10960=VECTOR('',#17350,1000.);
#10961=VECTOR('',#17351,1000.);
#10962=VECTOR('',#17352,1000.);
#10963=VECTOR('',#17355,1000.);
#10964=VECTOR('',#17356,1000.);
#10965=VECTOR('',#17357,1000.);
#10966=VECTOR('',#17358,1000.);
#10967=VECTOR('',#17363,1000.);
#10968=VECTOR('',#17366,1000.);
#10969=VECTOR('',#17369,1000.);
#10970=VECTOR('',#17374,1000.);
#10971=VECTOR('',#17375,1000.);
#10972=VECTOR('',#17376,1000.);
#10973=VECTOR('',#17379,1000.);
#10974=VECTOR('',#17382,1000.);
#10975=VECTOR('',#17383,1000.);
#10976=VECTOR('',#17384,1000.);
#10977=VECTOR('',#17387,1000.);
#10978=VECTOR('',#17388,1000.);
#10979=VECTOR('',#17389,1000.);
#10980=VECTOR('',#17392,1000.);
#10981=VECTOR('',#17393,1000.);
#10982=VECTOR('',#17394,1000.);
#10983=VECTOR('',#17395,1000.);
#10984=VECTOR('',#17398,1000.);
#10985=VECTOR('',#17399,1000.);
#10986=VECTOR('',#17400,1000.);
#10987=VECTOR('',#17401,1000.);
#10988=VECTOR('',#17404,1000.);
#10989=VECTOR('',#17407,1000.);
#10990=VECTOR('',#17408,1000.);
#10991=VECTOR('',#17409,1000.);
#10992=VECTOR('',#17414,1000.);
#10993=VECTOR('',#17417,1000.);
#10994=VECTOR('',#17420,1000.);
#10995=VECTOR('',#17425,1000.);
#10996=VECTOR('',#17426,1000.);
#10997=VECTOR('',#17427,1000.);
#10998=VECTOR('',#17428,1000.);
#10999=VECTOR('',#17431,1000.);
#11000=VECTOR('',#17434,1000.);
#11001=VECTOR('',#17435,1000.);
#11002=VECTOR('',#17438,1000.);
#11003=VECTOR('',#17439,1000.);
#11004=VECTOR('',#17440,1000.);
#11005=VECTOR('',#17441,1000.);
#11006=VECTOR('',#17446,1000.);
#11007=VECTOR('',#17449,1000.);
#11008=VECTOR('',#17450,1000.);
#11009=VECTOR('',#17453,1000.);
#11010=VECTOR('',#17454,1000.);
#11011=VECTOR('',#17455,1000.);
#11012=VECTOR('',#17458,1000.);
#11013=VECTOR('',#17463,1000.);
#11014=VECTOR('',#17464,1000.);
#11015=VECTOR('',#17465,1000.);
#11016=VECTOR('',#17466,1000.);
#11017=VECTOR('',#17469,1000.);
#11018=VECTOR('',#17472,1000.);
#11019=VECTOR('',#17473,1000.);
#11020=VECTOR('',#17476,1000.);
#11021=VECTOR('',#17477,1000.);
#11022=VECTOR('',#17480,1000.);
#11023=VECTOR('',#17481,1000.);
#11024=VECTOR('',#17482,1000.);
#11025=VECTOR('',#17483,1000.);
#11026=VECTOR('',#17488,1000.);
#11027=VECTOR('',#17491,1000.);
#11028=VECTOR('',#17492,1000.);
#11029=VECTOR('',#17495,1000.);
#11030=VECTOR('',#17496,1000.);
#11031=VECTOR('',#17497,1000.);
#11032=VECTOR('',#17500,1000.);
#11033=VECTOR('',#17505,1000.);
#11034=VECTOR('',#17506,1000.);
#11035=VECTOR('',#17507,1000.);
#11036=VECTOR('',#17508,1000.);
#11037=VECTOR('',#17511,1000.);
#11038=VECTOR('',#17514,1000.);
#11039=VECTOR('',#17515,1000.);
#11040=VECTOR('',#17518,1000.);
#11041=VECTOR('',#17519,1000.);
#11042=VECTOR('',#17522,1000.);
#11043=VECTOR('',#17523,1000.);
#11044=VECTOR('',#17524,1000.);
#11045=VECTOR('',#17525,1000.);
#11046=VECTOR('',#17530,1000.);
#11047=VECTOR('',#17533,1000.);
#11048=VECTOR('',#17534,1000.);
#11049=VECTOR('',#17537,1000.);
#11050=VECTOR('',#17538,1000.);
#11051=VECTOR('',#17539,1000.);
#11052=VECTOR('',#17542,1000.);
#11053=VECTOR('',#17547,1000.);
#11054=VECTOR('',#17548,1000.);
#11055=VECTOR('',#17549,1000.);
#11056=VECTOR('',#17550,1000.);
#11057=VECTOR('',#17553,1000.);
#11058=VECTOR('',#17556,1000.);
#11059=VECTOR('',#17557,1000.);
#11060=VECTOR('',#17560,1000.);
#11061=VECTOR('',#17561,1000.);
#11062=VECTOR('',#17564,1000.);
#11063=VECTOR('',#17565,1000.);
#11064=VECTOR('',#17566,1000.);
#11065=VECTOR('',#17567,1000.);
#11066=VECTOR('',#17572,1000.);
#11067=VECTOR('',#17575,1000.);
#11068=VECTOR('',#17576,1000.);
#11069=VECTOR('',#17579,1000.);
#11070=VECTOR('',#17580,1000.);
#11071=VECTOR('',#17581,1000.);
#11072=VECTOR('',#17584,1000.);
#11073=VECTOR('',#17589,1000.);
#11074=VECTOR('',#17590,1000.);
#11075=VECTOR('',#17591,1000.);
#11076=VECTOR('',#17592,1000.);
#11077=VECTOR('',#17595,1000.);
#11078=VECTOR('',#17598,1000.);
#11079=VECTOR('',#17599,1000.);
#11080=VECTOR('',#17602,1000.);
#11081=VECTOR('',#17603,1000.);
#11082=VECTOR('',#17606,1000.);
#11083=VECTOR('',#17607,1000.);
#11084=VECTOR('',#17608,1000.);
#11085=VECTOR('',#17609,1000.);
#11086=VECTOR('',#17614,1000.);
#11087=VECTOR('',#17617,1000.);
#11088=VECTOR('',#17618,1000.);
#11089=VECTOR('',#17621,1000.);
#11090=VECTOR('',#17622,1000.);
#11091=VECTOR('',#17623,1000.);
#11092=VECTOR('',#17626,1000.);
#11093=VECTOR('',#17631,1000.);
#11094=VECTOR('',#17632,1000.);
#11095=VECTOR('',#17633,1000.);
#11096=VECTOR('',#17634,1000.);
#11097=VECTOR('',#17637,1000.);
#11098=VECTOR('',#17640,1000.);
#11099=VECTOR('',#17641,1000.);
#11100=VECTOR('',#17644,1000.);
#11101=VECTOR('',#17645,1000.);
#11102=VECTOR('',#17648,1000.);
#11103=VECTOR('',#17649,1000.);
#11104=VECTOR('',#17650,1000.);
#11105=VECTOR('',#17651,1000.);
#11106=VECTOR('',#17656,1000.);
#11107=VECTOR('',#17659,1000.);
#11108=VECTOR('',#17660,1000.);
#11109=VECTOR('',#17663,1000.);
#11110=VECTOR('',#17664,1000.);
#11111=VECTOR('',#17665,1000.);
#11112=VECTOR('',#17668,1000.);
#11113=VECTOR('',#17673,1000.);
#11114=VECTOR('',#17674,1000.);
#11115=VECTOR('',#17675,1000.);
#11116=VECTOR('',#17676,1000.);
#11117=VECTOR('',#17679,1000.);
#11118=VECTOR('',#17682,1000.);
#11119=VECTOR('',#17683,1000.);
#11120=VECTOR('',#17686,1000.);
#11121=VECTOR('',#17687,1000.);
#11122=VECTOR('',#17688,1000.);
#11123=VECTOR('',#17691,1000.);
#11124=VECTOR('',#17696,1000.);
#11125=VECTOR('',#17697,1000.);
#11126=VECTOR('',#17698,1000.);
#11127=VECTOR('',#17701,1000.);
#11128=VECTOR('',#17704,1000.);
#11129=VECTOR('',#17705,1000.);
#11130=VECTOR('',#17706,1000.);
#11131=VECTOR('',#17709,1000.);
#11132=VECTOR('',#17710,1000.);
#11133=VECTOR('',#17711,1000.);
#11134=VECTOR('',#17714,1000.);
#11135=VECTOR('',#17715,1000.);
#11136=VECTOR('',#17716,1000.);
#11137=VECTOR('',#17717,1000.);
#11138=VECTOR('',#17720,1000.);
#11139=VECTOR('',#17723,1000.);
#11140=VECTOR('',#17724,1000.);
#11141=VECTOR('',#17725,1000.);
#11142=VECTOR('',#17730,1000.);
#11143=VECTOR('',#17733,1000.);
#11144=VECTOR('',#17736,1000.);
#11145=VECTOR('',#17737,1000.);
#11146=VECTOR('',#17738,1000.);
#11147=VECTOR('',#17741,1000.);
#11148=VECTOR('',#17746,1000.);
#11149=VECTOR('',#17747,1000.);
#11150=VECTOR('',#17748,1000.);
#11151=VECTOR('',#17751,1000.);
#11152=VECTOR('',#17754,1000.);
#11153=VECTOR('',#17755,1000.);
#11154=VECTOR('',#17756,1000.);
#11155=VECTOR('',#17759,1000.);
#11156=VECTOR('',#17760,1000.);
#11157=VECTOR('',#17761,1000.);
#11158=VECTOR('',#17764,1000.);
#11159=VECTOR('',#17765,1000.);
#11160=VECTOR('',#17766,1000.);
#11161=VECTOR('',#17767,1000.);
#11162=VECTOR('',#17770,1000.);
#11163=VECTOR('',#17773,1000.);
#11164=VECTOR('',#17774,1000.);
#11165=VECTOR('',#17775,1000.);
#11166=VECTOR('',#17780,1000.);
#11167=VECTOR('',#17783,1000.);
#11168=VECTOR('',#17786,1000.);
#11169=VECTOR('',#17787,1000.);
#11170=VECTOR('',#17788,1000.);
#11171=VECTOR('',#17791,1000.);
#11172=VECTOR('',#17796,1000.);
#11173=VECTOR('',#17797,1000.);
#11174=VECTOR('',#17798,1000.);
#11175=VECTOR('',#17801,1000.);
#11176=VECTOR('',#17804,1000.);
#11177=VECTOR('',#17805,1000.);
#11178=VECTOR('',#17806,1000.);
#11179=VECTOR('',#17809,1000.);
#11180=VECTOR('',#17810,1000.);
#11181=VECTOR('',#17811,1000.);
#11182=VECTOR('',#17814,1000.);
#11183=VECTOR('',#17815,1000.);
#11184=VECTOR('',#17816,1000.);
#11185=VECTOR('',#17817,1000.);
#11186=VECTOR('',#17820,1000.);
#11187=VECTOR('',#17823,1000.);
#11188=VECTOR('',#17824,1000.);
#11189=VECTOR('',#17825,1000.);
#11190=VECTOR('',#17830,1000.);
#11191=VECTOR('',#17833,1000.);
#11192=VECTOR('',#17836,1000.);
#11193=VECTOR('',#17837,1000.);
#11194=VECTOR('',#17838,1000.);
#11195=VECTOR('',#17841,1000.);
#11196=VECTOR('',#17846,1000.);
#11197=VECTOR('',#17847,1000.);
#11198=VECTOR('',#17848,1000.);
#11199=VECTOR('',#17851,1000.);
#11200=VECTOR('',#17854,1000.);
#11201=VECTOR('',#17855,1000.);
#11202=VECTOR('',#17856,1000.);
#11203=VECTOR('',#17859,1000.);
#11204=VECTOR('',#17860,1000.);
#11205=VECTOR('',#17861,1000.);
#11206=VECTOR('',#17864,1000.);
#11207=VECTOR('',#17865,1000.);
#11208=VECTOR('',#17866,1000.);
#11209=VECTOR('',#17867,1000.);
#11210=VECTOR('',#17870,1000.);
#11211=VECTOR('',#17873,1000.);
#11212=VECTOR('',#17874,1000.);
#11213=VECTOR('',#17875,1000.);
#11214=VECTOR('',#17880,1000.);
#11215=VECTOR('',#17883,1000.);
#11216=VECTOR('',#17886,1000.);
#11217=VECTOR('',#17887,1000.);
#11218=VECTOR('',#17888,1000.);
#11219=VECTOR('',#17891,1000.);
#11220=VECTOR('',#17896,1000.);
#11221=VECTOR('',#17897,1000.);
#11222=VECTOR('',#17898,1000.);
#11223=VECTOR('',#17901,1000.);
#11224=VECTOR('',#17904,1000.);
#11225=VECTOR('',#17905,1000.);
#11226=VECTOR('',#17906,1000.);
#11227=VECTOR('',#17909,1000.);
#11228=VECTOR('',#17910,1000.);
#11229=VECTOR('',#17911,1000.);
#11230=VECTOR('',#17914,1000.);
#11231=VECTOR('',#17915,1000.);
#11232=VECTOR('',#17916,1000.);
#11233=VECTOR('',#17917,1000.);
#11234=VECTOR('',#17920,1000.);
#11235=VECTOR('',#17923,1000.);
#11236=VECTOR('',#17924,1000.);
#11237=VECTOR('',#17925,1000.);
#11238=VECTOR('',#17930,1000.);
#11239=VECTOR('',#17933,1000.);
#11240=VECTOR('',#17936,1000.);
#11241=VECTOR('',#17937,1000.);
#11242=VECTOR('',#17938,1000.);
#11243=VECTOR('',#17939,1000.);
#11244=VECTOR('',#17942,1000.);
#11245=VECTOR('',#17945,1000.);
#11246=VECTOR('',#17946,1000.);
#11247=VECTOR('',#17947,1000.);
#11248=VECTOR('',#17952,1000.);
#11249=VECTOR('',#17955,1000.);
#11250=VECTOR('',#17956,1000.);
#11251=VECTOR('',#17959,1000.);
#11252=VECTOR('',#17960,1000.);
#11253=VECTOR('',#17961,1000.);
#11254=VECTOR('',#17964,1000.);
#11255=VECTOR('',#17965,1000.);
#11256=VECTOR('',#17968,1000.);
#11257=VECTOR('',#17973,1000.);
#11258=VECTOR('',#17974,1000.);
#11259=VECTOR('',#17975,1000.);
#11260=VECTOR('',#17978,1000.);
#11261=VECTOR('',#17981,1000.);
#11262=VECTOR('',#17982,1000.);
#11263=VECTOR('',#17983,1000.);
#11264=VECTOR('',#17986,1000.);
#11265=VECTOR('',#17989,1000.);
#11266=VECTOR('',#17992,1000.);
#11267=VECTOR('',#17995,1000.);
#11268=VECTOR('',#17998,1000.);
#11269=VECTOR('',#18001,1000.);
#11270=VECTOR('',#18004,1000.);
#11271=VECTOR('',#18007,1000.);
#11272=VECTOR('',#18010,1000.);
#11273=VECTOR('',#18013,1000.);
#11274=VECTOR('',#18016,1000.);
#11275=VECTOR('',#18019,1000.);
#11276=VECTOR('',#18022,1000.);
#11277=VECTOR('',#18025,1000.);
#11278=VECTOR('',#18028,1000.);
#11279=VECTOR('',#18031,1000.);
#11280=VECTOR('',#18034,1000.);
#11281=VECTOR('',#18037,1000.);
#11282=VECTOR('',#18040,1000.);
#11283=VECTOR('',#18043,1000.);
#11284=VECTOR('',#18046,1000.);
#11285=VECTOR('',#18049,1000.);
#11286=VECTOR('',#18052,1000.);
#11287=VECTOR('',#18055,1000.);
#11288=VECTOR('',#18058,1000.);
#11289=VECTOR('',#18061,1000.);
#11290=VECTOR('',#18064,1000.);
#11291=VECTOR('',#18067,1000.);
#11292=VECTOR('',#18070,1000.);
#11293=VECTOR('',#18073,1000.);
#11294=VECTOR('',#18076,1000.);
#11295=VECTOR('',#18079,1000.);
#11296=VECTOR('',#18082,1000.);
#11297=VECTOR('',#18085,1000.);
#11298=VECTOR('',#18088,1000.);
#11299=VECTOR('',#18091,1000.);
#11300=VECTOR('',#18094,1000.);
#11301=VECTOR('',#18097,1000.);
#11302=VECTOR('',#18100,1000.);
#11303=VECTOR('',#18103,1000.);
#11304=VECTOR('',#18106,1000.);
#11305=VECTOR('',#18109,1000.);
#11306=VECTOR('',#18112,1000.);
#11307=VECTOR('',#18115,1000.);
#11308=VECTOR('',#18118,1000.);
#11309=VECTOR('',#18121,1000.);
#11310=VECTOR('',#18124,1000.);
#11311=VECTOR('',#18127,1000.);
#11312=VECTOR('',#18130,1000.);
#11313=VECTOR('',#18133,1000.);
#11314=VECTOR('',#18136,1000.);
#11315=VECTOR('',#18139,1000.);
#11316=VECTOR('',#18142,1000.);
#11317=VECTOR('',#18145,1000.);
#11318=VECTOR('',#18148,1000.);
#11319=VECTOR('',#18151,1000.);
#11320=VECTOR('',#18154,1000.);
#11321=VECTOR('',#18157,1000.);
#11322=VECTOR('',#18160,1000.);
#11323=VECTOR('',#18163,1000.);
#11324=VECTOR('',#18166,1000.);
#11325=VECTOR('',#18167,1000.);
#11326=VECTOR('',#18170,1000.);
#11327=VECTOR('',#18171,1000.);
#11328=VECTOR('',#18174,1000.);
#11329=VECTOR('',#18175,1000.);
#11330=VECTOR('',#18178,1000.);
#11331=VECTOR('',#18179,1000.);
#11332=VECTOR('',#18182,1000.);
#11333=VECTOR('',#18183,1000.);
#11334=VECTOR('',#18186,1000.);
#11335=VECTOR('',#18187,1000.);
#11336=VECTOR('',#18190,1000.);
#11337=VECTOR('',#18193,1000.);
#11338=VECTOR('',#18196,1000.);
#11339=VECTOR('',#18199,1000.);
#11340=VECTOR('',#18202,1000.);
#11341=VECTOR('',#18205,1000.);
#11342=VECTOR('',#18208,1000.);
#11343=VECTOR('',#18211,1000.);
#11344=VECTOR('',#18214,1000.);
#11345=VECTOR('',#18217,1000.);
#11346=VECTOR('',#18220,1000.);
#11347=VECTOR('',#18223,1000.);
#11348=VECTOR('',#18226,1000.);
#11349=VECTOR('',#18229,1000.);
#11350=VECTOR('',#18232,1000.);
#11351=VECTOR('',#18235,1000.);
#11352=VECTOR('',#18238,1000.);
#11353=VECTOR('',#18241,1000.);
#11354=VECTOR('',#18244,1000.);
#11355=VECTOR('',#18247,1000.);
#11356=VECTOR('',#18250,1000.);
#11357=VECTOR('',#18253,1000.);
#11358=VECTOR('',#18256,1000.);
#11359=VECTOR('',#18259,1000.);
#11360=VECTOR('',#18262,1000.);
#11361=VECTOR('',#18265,1000.);
#11362=VECTOR('',#18268,1000.);
#11363=VECTOR('',#18271,1000.);
#11364=VECTOR('',#18274,1000.);
#11365=VECTOR('',#18277,1000.);
#11366=VECTOR('',#18280,1000.);
#11367=VECTOR('',#18283,1000.);
#11368=VECTOR('',#18286,1000.);
#11369=VECTOR('',#18289,1000.);
#11370=VECTOR('',#18292,1000.);
#11371=VECTOR('',#18295,1000.);
#11372=VECTOR('',#18298,1000.);
#11373=VECTOR('',#18301,1000.);
#11374=VECTOR('',#18304,1000.);
#11375=VECTOR('',#18307,1000.);
#11376=VECTOR('',#18310,1000.);
#11377=VECTOR('',#18313,1000.);
#11378=VECTOR('',#18316,1000.);
#11379=VECTOR('',#18319,1000.);
#11380=VECTOR('',#18322,1000.);
#11381=VECTOR('',#18325,1000.);
#11382=VECTOR('',#18328,1000.);
#11383=VECTOR('',#18331,1000.);
#11384=VECTOR('',#18334,1000.);
#11385=VECTOR('',#18337,1000.);
#11386=VECTOR('',#18340,1000.);
#11387=VECTOR('',#18343,1000.);
#11388=VECTOR('',#18346,1000.);
#11389=VECTOR('',#18349,1000.);
#11390=VECTOR('',#18352,1000.);
#11391=VECTOR('',#18355,1000.);
#11392=VECTOR('',#18358,1000.);
#11393=VECTOR('',#18361,1000.);
#11394=VECTOR('',#18364,1000.);
#11395=VECTOR('',#18367,1000.);
#11396=VECTOR('',#18370,1000.);
#11397=VECTOR('',#18373,1000.);
#11398=VECTOR('',#18376,1000.);
#11399=VECTOR('',#18379,1000.);
#11400=VECTOR('',#18382,1000.);
#11401=VECTOR('',#18385,1000.);
#11402=VECTOR('',#18400,1000.);
#11403=VECTOR('',#18403,1000.);
#11404=VECTOR('',#18406,1000.);
#11405=VECTOR('',#18409,1000.);
#11406=VECTOR('',#18412,1000.);
#11407=VECTOR('',#18415,1000.);
#11408=VECTOR('',#18418,1000.);
#11409=VECTOR('',#18421,1000.);
#11410=VECTOR('',#18424,1000.);
#11411=VECTOR('',#18427,1000.);
#11412=VECTOR('',#18430,1000.);
#11413=VECTOR('',#18433,1000.);
#11414=VECTOR('',#18436,1000.);
#11415=VECTOR('',#18439,1000.);
#11416=VECTOR('',#18442,1000.);
#11417=VECTOR('',#18445,1000.);
#11418=VECTOR('',#18448,1000.);
#11419=VECTOR('',#18451,1000.);
#11420=VECTOR('',#18454,1000.);
#11421=VECTOR('',#18457,1000.);
#11422=VECTOR('',#18460,1000.);
#11423=VECTOR('',#18463,1000.);
#11424=VECTOR('',#18466,1000.);
#11425=VECTOR('',#18475,1000.);
#11426=VECTOR('',#18476,1000.);
#11427=VECTOR('',#18477,1000.);
#11428=VECTOR('',#18478,1000.);
#11429=VECTOR('',#18481,1000.);
#11430=VECTOR('',#18482,1000.);
#11431=VECTOR('',#18483,1000.);
#11432=VECTOR('',#18486,1000.);
#11433=VECTOR('',#18487,1000.);
#11434=VECTOR('',#18488,1000.);
#11435=VECTOR('',#18491,1000.);
#11436=VECTOR('',#18492,1000.);
#11437=VECTOR('',#18493,1000.);
#11438=VECTOR('',#18498,1000.);
#11439=VECTOR('',#18503,1000.);
#11440=VECTOR('',#18504,1000.);
#11441=VECTOR('',#18505,1000.);
#11442=VECTOR('',#18510,1000.);
#11443=VECTOR('',#18515,1000.);
#11444=VECTOR('',#18516,1000.);
#11445=VECTOR('',#18517,1000.);
#11446=VECTOR('',#18522,1000.);
#11447=VECTOR('',#18527,1000.);
#11448=VECTOR('',#18528,1000.);
#11449=VECTOR('',#18529,1000.);
#11450=VECTOR('',#18532,1000.);
#11451=VECTOR('',#18533,1000.);
#11452=VECTOR('',#18534,1000.);
#11453=VECTOR('',#18537,1000.);
#11454=VECTOR('',#18538,1000.);
#11455=VECTOR('',#18539,1000.);
#11456=VECTOR('',#18544,1000.);
#11457=VECTOR('',#18549,1000.);
#11458=VECTOR('',#18550,1000.);
#11459=VECTOR('',#18551,1000.);
#11460=VECTOR('',#18556,1000.);
#11461=VECTOR('',#18561,1000.);
#11462=VECTOR('',#18562,1000.);
#11463=VECTOR('',#18563,1000.);
#11464=VECTOR('',#18568,1000.);
#11465=VECTOR('',#18573,1000.);
#11466=VECTOR('',#18574,1000.);
#11467=VECTOR('',#18575,1000.);
#11468=VECTOR('',#18580,1000.);
#11469=VECTOR('',#18585,1000.);
#11470=VECTOR('',#18586,1000.);
#11471=VECTOR('',#18587,1000.);
#11472=VECTOR('',#18590,1000.);
#11473=VECTOR('',#18591,1000.);
#11474=VECTOR('',#18592,1000.);
#11475=VECTOR('',#18595,1000.);
#11476=VECTOR('',#18596,1000.);
#11477=VECTOR('',#18597,1000.);
#11478=VECTOR('',#18600,1000.);
#11479=VECTOR('',#18601,1000.);
#11480=VECTOR('',#18602,1000.);
#11481=VECTOR('',#18605,1000.);
#11482=VECTOR('',#18606,1000.);
#11483=VECTOR('',#18607,1000.);
#11484=VECTOR('',#18610,1000.);
#11485=VECTOR('',#18611,1000.);
#11486=VECTOR('',#18612,1000.);
#11487=VECTOR('',#18617,1000.);
#11488=VECTOR('',#18622,1000.);
#11489=VECTOR('',#18623,1000.);
#11490=VECTOR('',#18624,1000.);
#11491=VECTOR('',#18629,1000.);
#11492=VECTOR('',#18634,1000.);
#11493=VECTOR('',#18635,1000.);
#11494=VECTOR('',#18636,1000.);
#11495=VECTOR('',#18639,1000.);
#11496=VECTOR('',#18640,1000.);
#11497=EDGE_LOOP('',(#373,#374,#375,#376));
#11498=EDGE_LOOP('',(#377,#378,#379,#380));
#11499=EDGE_LOOP('',(#381,#382,#383,#384));
#11500=EDGE_LOOP('',(#385,#386,#387,#388));
#11501=EDGE_LOOP('',(#389,#390,#391,#392,#393,#394));
#11502=EDGE_LOOP('',(#395,#396,#397,#398,#399,#400));
#11503=EDGE_LOOP('',(#401,#402,#403,#404,#405,#406));
#11504=EDGE_LOOP('',(#407,#408,#409,#410,#411,#412));
#11505=EDGE_LOOP('',(#413,#414,#415,#416,#417,#418));
#11506=EDGE_LOOP('',(#419,#420,#421,#422,#423,#424));
#11507=EDGE_LOOP('',(#425,#426,#427,#428,#429,#430,#431,#432));
#11508=EDGE_LOOP('',(#433,#434,#435,#436));
#11509=EDGE_LOOP('',(#437,#438,#439,#440));
#11510=EDGE_LOOP('',(#441,#442,#443,#444));
#11511=EDGE_LOOP('',(#445,#446,#447,#448));
#11512=EDGE_LOOP('',(#449,#450,#451,#452));
#11513=EDGE_LOOP('',(#453,#454,#455,#456));
#11514=EDGE_LOOP('',(#457,#458,#459,#460));
#11515=EDGE_LOOP('',(#461,#462,#463,#464));
#11516=EDGE_LOOP('',(#465,#466,#467,#468));
#11517=EDGE_LOOP('',(#469,#470,#471,#472));
#11518=EDGE_LOOP('',(#473,#474,#475,#476));
#11519=EDGE_LOOP('',(#477,#478,#479,#480));
#11520=EDGE_LOOP('',(#481,#482,#483,#484));
#11521=EDGE_LOOP('',(#485,#486,#487,#488,#489,#490,#491,#492,#493,#494,
#495,#496,#497,#498,#499,#500,#501,#502,#503,#504,#505,#506,#507,#508,#509,
#510,#511,#512,#513,#514,#515,#516,#517,#518,#519,#520,#521,#522,#523,#524,
#525,#526,#527,#528,#529,#530,#531,#532,#533,#534,#535,#536));
#11522=EDGE_LOOP('',(#537,#538,#539,#540));
#11523=EDGE_LOOP('',(#541,#542,#543,#544,#545,#546,#547,#548,#549,#550,
#551,#552,#553,#554,#555,#556));
#11524=EDGE_LOOP('',(#557,#558,#559,#560,#561,#562,#563,#564,#565,#566,
#567,#568,#569,#570,#571,#572,#573,#574,#575,#576));
#11525=EDGE_LOOP('',(#577,#578,#579,#580));
#11526=EDGE_LOOP('',(#581,#582,#583,#584,#585,#586,#587,#588,#589,#590,
#591,#592,#593,#594,#595,#596,#597,#598,#599,#600));
#11527=EDGE_LOOP('',(#601,#602,#603,#604));
#11528=EDGE_LOOP('',(#605,#606,#607,#608,#609,#610,#611,#612,#613,#614,
#615,#616,#617,#618,#619,#620,#621,#622,#623,#624));
#11529=EDGE_LOOP('',(#625,#626,#627,#628));
#11530=EDGE_LOOP('',(#629,#630,#631,#632,#633,#634,#635,#636,#637,#638,
#639,#640,#641,#642,#643,#644,#645,#646,#647,#648));
#11531=EDGE_LOOP('',(#649,#650,#651,#652));
#11532=EDGE_LOOP('',(#653,#654,#655,#656,#657,#658,#659,#660,#661,#662,
#663,#664,#665,#666,#667,#668,#669,#670,#671,#672));
#11533=EDGE_LOOP('',(#673,#674,#675,#676));
#11534=EDGE_LOOP('',(#677,#678,#679,#680));
#11535=EDGE_LOOP('',(#681,#682,#683,#684,#685,#686,#687,#688,#689,#690,
#691,#692,#693,#694,#695,#696));
#11536=EDGE_LOOP('',(#697,#698,#699,#700,#701,#702,#703,#704,#705,#706,
#707,#708,#709,#710,#711,#712));
#11537=EDGE_LOOP('',(#713,#714,#715,#716,#717,#718,#719,#720,#721,#722,
#723,#724,#725,#726,#727,#728,#729,#730,#731,#732));
#11538=EDGE_LOOP('',(#733,#734,#735,#736,#737,#738,#739,#740,#741,#742,
#743,#744,#745,#746,#747,#748,#749,#750,#751,#752));
#11539=EDGE_LOOP('',(#753,#754,#755,#756,#757,#758,#759,#760,#761,#762,
#763,#764,#765,#766,#767,#768,#769,#770,#771,#772));
#11540=EDGE_LOOP('',(#773,#774,#775,#776,#777,#778,#779,#780,#781,#782,
#783,#784,#785,#786,#787,#788,#789,#790,#791,#792));
#11541=EDGE_LOOP('',(#793,#794,#795,#796,#797,#798,#799,#800,#801,#802,
#803,#804,#805,#806,#807,#808,#809,#810,#811,#812));
#11542=EDGE_LOOP('',(#813,#814,#815,#816,#817,#818,#819,#820,#821,#822,
#823,#824,#825,#826,#827,#828));
#11543=EDGE_LOOP('',(#829,#830,#831,#832,#833,#834,#835,#836,#837,#838,
#839,#840,#841,#842,#843,#844,#845,#846,#847,#848,#849,#850,#851,#852,#853,
#854,#855,#856,#857,#858,#859,#860,#861,#862,#863,#864,#865,#866,#867,#868,
#869,#870,#871,#872,#873,#874,#875,#876,#877,#878,#879,#880,#881,#882));
#11544=EDGE_LOOP('',(#883,#884,#885,#886));
#11545=EDGE_LOOP('',(#887,#888,#889,#890));
#11546=EDGE_LOOP('',(#891,#892,#893,#894));
#11547=EDGE_LOOP('',(#895,#896,#897,#898));
#11548=EDGE_LOOP('',(#899,#900,#901,#902));
#11549=EDGE_LOOP('',(#903,#904,#905,#906));
#11550=EDGE_LOOP('',(#907,#908,#909,#910));
#11551=EDGE_LOOP('',(#911,#912,#913,#914));
#11552=EDGE_LOOP('',(#915,#916,#917,#918));
#11553=EDGE_LOOP('',(#919,#920,#921,#922));
#11554=EDGE_LOOP('',(#923,#924,#925,#926));
#11555=EDGE_LOOP('',(#927,#928,#929,#930));
#11556=EDGE_LOOP('',(#931,#932,#933,#934));
#11557=EDGE_LOOP('',(#935,#936,#937,#938));
#11558=EDGE_LOOP('',(#939,#940,#941,#942));
#11559=EDGE_LOOP('',(#943,#944,#945,#946,#947,#948,#949,#950,#951,#952,
#953,#954,#955,#956,#957,#958,#959,#960,#961,#962,#963,#964,#965,#966,#967,
#968,#969,#970,#971,#972,#973,#974,#975,#976,#977,#978,#979,#980,#981,#982,
#983,#984,#985,#986,#987,#988,#989,#990,#991,#992));
#11560=EDGE_LOOP('',(#993,#994,#995,#996));
#11561=EDGE_LOOP('',(#997,#998,#999,#1000,#1001,#1002));
#11562=EDGE_LOOP('',(#1003,#1004,#1005,#1006,#1007,#1008));
#11563=EDGE_LOOP('',(#1009,#1010,#1011,#1012,#1013,#1014));
#11564=EDGE_LOOP('',(#1015,#1016,#1017,#1018,#1019,#1020));
#11565=EDGE_LOOP('',(#1021,#1022,#1023,#1024));
#11566=EDGE_LOOP('',(#1025,#1026,#1027,#1028));
#11567=EDGE_LOOP('',(#1029,#1030,#1031,#1032));
#11568=EDGE_LOOP('',(#1033,#1034,#1035,#1036));
#11569=EDGE_LOOP('',(#1037,#1038,#1039,#1040));
#11570=EDGE_LOOP('',(#1041,#1042,#1043,#1044));
#11571=EDGE_LOOP('',(#1045,#1046,#1047,#1048));
#11572=EDGE_LOOP('',(#1049,#1050,#1051,#1052));
#11573=EDGE_LOOP('',(#1053,#1054,#1055,#1056,#1057));
#11574=EDGE_LOOP('',(#1058,#1059,#1060,#1061,#1062,#1063));
#11575=EDGE_LOOP('',(#1064,#1065,#1066,#1067,#1068,#1069));
#11576=EDGE_LOOP('',(#1070,#1071,#1072,#1073,#1074,#1075));
#11577=EDGE_LOOP('',(#1076,#1077,#1078,#1079,#1080,#1081));
#11578=EDGE_LOOP('',(#1082,#1083,#1084,#1085,#1086,#1087));
#11579=EDGE_LOOP('',(#1088,#1089,#1090,#1091,#1092,#1093));
#11580=EDGE_LOOP('',(#1094,#1095,#1096,#1097,#1098));
#11581=EDGE_LOOP('',(#1099,#1100,#1101,#1102,#1103));
#11582=EDGE_LOOP('',(#1104,#1105,#1106,#1107,#1108,#1109));
#11583=EDGE_LOOP('',(#1110,#1111,#1112,#1113,#1114,#1115));
#11584=EDGE_LOOP('',(#1116,#1117,#1118,#1119,#1120,#1121));
#11585=EDGE_LOOP('',(#1122,#1123,#1124,#1125,#1126,#1127));
#11586=EDGE_LOOP('',(#1128,#1129,#1130,#1131,#1132,#1133));
#11587=EDGE_LOOP('',(#1134,#1135,#1136,#1137,#1138,#1139));
#11588=EDGE_LOOP('',(#1140,#1141,#1142,#1143,#1144));
#11589=EDGE_LOOP('',(#1145,#1146,#1147,#1148,#1149,#1150));
#11590=EDGE_LOOP('',(#1151,#1152,#1153,#1154,#1155,#1156));
#11591=EDGE_LOOP('',(#1157,#1158,#1159,#1160,#1161,#1162));
#11592=EDGE_LOOP('',(#1163,#1164,#1165,#1166,#1167,#1168));
#11593=EDGE_LOOP('',(#1169,#1170,#1171,#1172,#1173,#1174));
#11594=EDGE_LOOP('',(#1175,#1176,#1177,#1178,#1179,#1180));
#11595=EDGE_LOOP('',(#1181,#1182,#1183,#1184,#1185));
#11596=EDGE_LOOP('',(#1186,#1187,#1188,#1189,#1190));
#11597=EDGE_LOOP('',(#1191,#1192,#1193,#1194,#1195,#1196,#1197,#1198,#1199,
#1200,#1201,#1202));
#11598=EDGE_LOOP('',(#1203,#1204,#1205,#1206,#1207,#1208,#1209,#1210,#1211,
#1212,#1213,#1214));
#11599=EDGE_LOOP('',(#1215,#1216,#1217,#1218));
#11600=EDGE_LOOP('',(#1219,#1220,#1221,#1222));
#11601=EDGE_LOOP('',(#1223,#1224,#1225,#1226));
#11602=EDGE_LOOP('',(#1227,#1228,#1229,#1230));
#11603=EDGE_LOOP('',(#1231,#1232,#1233,#1234));
#11604=EDGE_LOOP('',(#1235,#1236,#1237,#1238));
#11605=EDGE_LOOP('',(#1239,#1240,#1241,#1242,#1243,#1244,#1245,#1246,#1247,
#1248,#1249,#1250,#1251,#1252,#1253,#1254));
#11606=EDGE_LOOP('',(#1255,#1256,#1257,#1258,#1259,#1260,#1261,#1262,#1263,
#1264,#1265,#1266,#1267,#1268,#1269,#1270));
#11607=EDGE_LOOP('',(#1271,#1272,#1273,#1274,#1275,#1276,#1277,#1278,#1279,
#1280,#1281,#1282));
#11608=EDGE_LOOP('',(#1283,#1284,#1285,#1286,#1287,#1288,#1289,#1290,#1291,
#1292,#1293,#1294));
#11609=EDGE_LOOP('',(#1295,#1296,#1297,#1298,#1299,#1300));
#11610=EDGE_LOOP('',(#1301,#1302,#1303,#1304,#1305,#1306));
#11611=EDGE_LOOP('',(#1307,#1308,#1309,#1310));
#11612=EDGE_LOOP('',(#1311,#1312,#1313,#1314,#1315,#1316,#1317,#1318));
#11613=EDGE_LOOP('',(#1319,#1320,#1321,#1322,#1323,#1324,#1325,#1326));
#11614=EDGE_LOOP('',(#1327,#1328,#1329,#1330));
#11615=EDGE_LOOP('',(#1331,#1332,#1333,#1334,#1335,#1336,#1337,#1338,#1339,
#1340,#1341,#1342,#1343,#1344,#1345,#1346,#1347,#1348,#1349,#1350,#1351,
#1352,#1353,#1354,#1355,#1356,#1357,#1358,#1359,#1360,#1361,#1362,#1363,
#1364,#1365,#1366,#1367,#1368,#1369,#1370));
#11616=EDGE_LOOP('',(#1371,#1372,#1373,#1374));
#11617=EDGE_LOOP('',(#1375,#1376,#1377,#1378));
#11618=EDGE_LOOP('',(#1379,#1380,#1381,#1382));
#11619=EDGE_LOOP('',(#1383,#1384,#1385,#1386));
#11620=EDGE_LOOP('',(#1387,#1388,#1389,#1390));
#11621=EDGE_LOOP('',(#1391,#1392,#1393,#1394));
#11622=EDGE_LOOP('',(#1395,#1396,#1397,#1398));
#11623=EDGE_LOOP('',(#1399,#1400,#1401,#1402));
#11624=EDGE_LOOP('',(#1403,#1404,#1405,#1406));
#11625=EDGE_LOOP('',(#1407,#1408,#1409,#1410));
#11626=EDGE_LOOP('',(#1411,#1412,#1413,#1414));
#11627=EDGE_LOOP('',(#1415,#1416,#1417,#1418));
#11628=EDGE_LOOP('',(#1419,#1420,#1421,#1422));
#11629=EDGE_LOOP('',(#1423,#1424,#1425,#1426));
#11630=EDGE_LOOP('',(#1427,#1428,#1429,#1430));
#11631=EDGE_LOOP('',(#1431,#1432,#1433,#1434));
#11632=EDGE_LOOP('',(#1435,#1436,#1437,#1438));
#11633=EDGE_LOOP('',(#1439,#1440,#1441,#1442));
#11634=EDGE_LOOP('',(#1443,#1444,#1445,#1446,#1447,#1448,#1449,#1450,#1451,
#1452));
#11635=EDGE_LOOP('',(#1453,#1454,#1455,#1456,#1457,#1458));
#11636=EDGE_LOOP('',(#1459,#1460,#1461,#1462,#1463,#1464));
#11637=EDGE_LOOP('',(#1465,#1466,#1467,#1468,#1469,#1470));
#11638=EDGE_LOOP('',(#1471,#1472,#1473,#1474,#1475,#1476));
#11639=EDGE_LOOP('',(#1477,#1478,#1479,#1480,#1481,#1482));
#11640=EDGE_LOOP('',(#1483,#1484,#1485,#1486,#1487,#1488));
#11641=EDGE_LOOP('',(#1489,#1490,#1491,#1492,#1493,#1494));
#11642=EDGE_LOOP('',(#1495,#1496,#1497,#1498,#1499,#1500));
#11643=EDGE_LOOP('',(#1501,#1502,#1503,#1504,#1505,#1506));
#11644=EDGE_LOOP('',(#1507,#1508,#1509,#1510,#1511,#1512));
#11645=EDGE_LOOP('',(#1513,#1514,#1515,#1516,#1517,#1518,#1519,#1520,#1521,
#1522));
#11646=EDGE_LOOP('',(#1523,#1524,#1525,#1526));
#11647=EDGE_LOOP('',(#1527,#1528,#1529,#1530));
#11648=EDGE_LOOP('',(#1531,#1532,#1533,#1534,#1535,#1536));
#11649=EDGE_LOOP('',(#1537,#1538,#1539,#1540));
#11650=EDGE_LOOP('',(#1541,#1542,#1543,#1544));
#11651=EDGE_LOOP('',(#1545,#1546,#1547,#1548));
#11652=EDGE_LOOP('',(#1549,#1550,#1551,#1552));
#11653=EDGE_LOOP('',(#1553,#1554,#1555,#1556,#1557,#1558));
#11654=EDGE_LOOP('',(#1559,#1560,#1561,#1562));
#11655=EDGE_LOOP('',(#1563,#1564,#1565,#1566));
#11656=EDGE_LOOP('',(#1567,#1568,#1569,#1570));
#11657=EDGE_LOOP('',(#1571,#1572,#1573,#1574));
#11658=EDGE_LOOP('',(#1575,#1576,#1577,#1578));
#11659=EDGE_LOOP('',(#1579,#1580,#1581,#1582));
#11660=EDGE_LOOP('',(#1583,#1584,#1585,#1586));
#11661=EDGE_LOOP('',(#1587,#1588,#1589,#1590));
#11662=EDGE_LOOP('',(#1591,#1592,#1593,#1594));
#11663=EDGE_LOOP('',(#1595,#1596,#1597,#1598));
#11664=EDGE_LOOP('',(#1599,#1600,#1601,#1602));
#11665=EDGE_LOOP('',(#1603,#1604,#1605,#1606));
#11666=EDGE_LOOP('',(#1607,#1608,#1609,#1610));
#11667=EDGE_LOOP('',(#1611,#1612,#1613,#1614));
#11668=EDGE_LOOP('',(#1615,#1616,#1617,#1618));
#11669=EDGE_LOOP('',(#1619,#1620,#1621,#1622));
#11670=EDGE_LOOP('',(#1623,#1624,#1625,#1626));
#11671=EDGE_LOOP('',(#1627,#1628,#1629,#1630));
#11672=EDGE_LOOP('',(#1631,#1632,#1633,#1634));
#11673=EDGE_LOOP('',(#1635,#1636,#1637,#1638));
#11674=EDGE_LOOP('',(#1639,#1640,#1641,#1642));
#11675=EDGE_LOOP('',(#1643,#1644,#1645,#1646));
#11676=EDGE_LOOP('',(#1647,#1648,#1649,#1650));
#11677=EDGE_LOOP('',(#1651,#1652,#1653,#1654));
#11678=EDGE_LOOP('',(#1655,#1656,#1657,#1658));
#11679=EDGE_LOOP('',(#1659,#1660,#1661,#1662));
#11680=EDGE_LOOP('',(#1663,#1664,#1665,#1666));
#11681=EDGE_LOOP('',(#1667,#1668,#1669,#1670));
#11682=EDGE_LOOP('',(#1671,#1672,#1673,#1674,#1675,#1676));
#11683=EDGE_LOOP('',(#1677,#1678,#1679,#1680));
#11684=EDGE_LOOP('',(#1681,#1682,#1683,#1684));
#11685=EDGE_LOOP('',(#1685,#1686,#1687,#1688));
#11686=EDGE_LOOP('',(#1689,#1690,#1691,#1692,#1693,#1694));
#11687=EDGE_LOOP('',(#1695,#1696,#1697,#1698));
#11688=EDGE_LOOP('',(#1699,#1700,#1701,#1702));
#11689=EDGE_LOOP('',(#1703,#1704,#1705,#1706));
#11690=EDGE_LOOP('',(#1707,#1708,#1709,#1710,#1711,#1712));
#11691=EDGE_LOOP('',(#1713,#1714,#1715,#1716));
#11692=EDGE_LOOP('',(#1717,#1718,#1719,#1720));
#11693=EDGE_LOOP('',(#1721,#1722,#1723,#1724));
#11694=EDGE_LOOP('',(#1725,#1726,#1727,#1728,#1729,#1730));
#11695=EDGE_LOOP('',(#1731,#1732,#1733,#1734));
#11696=EDGE_LOOP('',(#1735,#1736,#1737,#1738));
#11697=EDGE_LOOP('',(#1739,#1740,#1741,#1742));
#11698=EDGE_LOOP('',(#1743,#1744,#1745,#1746,#1747,#1748));
#11699=EDGE_LOOP('',(#1749,#1750,#1751,#1752));
#11700=EDGE_LOOP('',(#1753,#1754,#1755,#1756));
#11701=EDGE_LOOP('',(#1757,#1758,#1759,#1760));
#11702=EDGE_LOOP('',(#1761,#1762,#1763,#1764,#1765,#1766));
#11703=EDGE_LOOP('',(#1767,#1768,#1769,#1770));
#11704=EDGE_LOOP('',(#1771,#1772,#1773,#1774));
#11705=EDGE_LOOP('',(#1775,#1776,#1777,#1778));
#11706=EDGE_LOOP('',(#1779,#1780,#1781,#1782,#1783,#1784));
#11707=EDGE_LOOP('',(#1785,#1786,#1787,#1788));
#11708=EDGE_LOOP('',(#1789,#1790,#1791,#1792));
#11709=EDGE_LOOP('',(#1793,#1794,#1795,#1796));
#11710=EDGE_LOOP('',(#1797,#1798,#1799,#1800));
#11711=EDGE_LOOP('',(#1801,#1802,#1803,#1804));
#11712=EDGE_LOOP('',(#1805,#1806,#1807,#1808));
#11713=EDGE_LOOP('',(#1809,#1810,#1811,#1812));
#11714=EDGE_LOOP('',(#1813,#1814,#1815,#1816));
#11715=EDGE_LOOP('',(#1817,#1818,#1819,#1820));
#11716=EDGE_LOOP('',(#1821,#1822,#1823,#1824));
#11717=EDGE_LOOP('',(#1825,#1826,#1827,#1828));
#11718=EDGE_LOOP('',(#1829,#1830,#1831,#1832));
#11719=EDGE_LOOP('',(#1833,#1834,#1835,#1836));
#11720=EDGE_LOOP('',(#1837,#1838,#1839,#1840));
#11721=EDGE_LOOP('',(#1841,#1842,#1843,#1844));
#11722=EDGE_LOOP('',(#1845,#1846,#1847,#1848));
#11723=EDGE_LOOP('',(#1849,#1850,#1851,#1852));
#11724=EDGE_LOOP('',(#1853,#1854,#1855,#1856));
#11725=EDGE_LOOP('',(#1857,#1858,#1859,#1860));
#11726=EDGE_LOOP('',(#1861,#1862,#1863,#1864));
#11727=EDGE_LOOP('',(#1865,#1866,#1867,#1868));
#11728=EDGE_LOOP('',(#1869,#1870,#1871,#1872));
#11729=EDGE_LOOP('',(#1873,#1874,#1875,#1876));
#11730=EDGE_LOOP('',(#1877,#1878,#1879,#1880));
#11731=EDGE_LOOP('',(#1881,#1882,#1883,#1884));
#11732=EDGE_LOOP('',(#1885,#1886,#1887,#1888));
#11733=EDGE_LOOP('',(#1889,#1890,#1891,#1892));
#11734=EDGE_LOOP('',(#1893,#1894,#1895,#1896));
#11735=EDGE_LOOP('',(#1897,#1898,#1899,#1900));
#11736=EDGE_LOOP('',(#1901,#1902,#1903,#1904));
#11737=EDGE_LOOP('',(#1905,#1906,#1907,#1908));
#11738=EDGE_LOOP('',(#1909,#1910,#1911,#1912));
#11739=EDGE_LOOP('',(#1913,#1914,#1915,#1916));
#11740=EDGE_LOOP('',(#1917,#1918,#1919,#1920));
#11741=EDGE_LOOP('',(#1921,#1922,#1923,#1924));
#11742=EDGE_LOOP('',(#1925,#1926,#1927,#1928));
#11743=EDGE_LOOP('',(#1929,#1930,#1931,#1932));
#11744=EDGE_LOOP('',(#1933,#1934,#1935,#1936));
#11745=EDGE_LOOP('',(#1937,#1938,#1939,#1940));
#11746=EDGE_LOOP('',(#1941,#1942,#1943,#1944));
#11747=EDGE_LOOP('',(#1945,#1946,#1947,#1948));
#11748=EDGE_LOOP('',(#1949,#1950,#1951,#1952));
#11749=EDGE_LOOP('',(#1953,#1954,#1955,#1956));
#11750=EDGE_LOOP('',(#1957,#1958,#1959,#1960));
#11751=EDGE_LOOP('',(#1961,#1962,#1963,#1964));
#11752=EDGE_LOOP('',(#1965,#1966,#1967,#1968));
#11753=EDGE_LOOP('',(#1969,#1970,#1971,#1972));
#11754=EDGE_LOOP('',(#1973,#1974,#1975,#1976));
#11755=EDGE_LOOP('',(#1977,#1978,#1979,#1980));
#11756=EDGE_LOOP('',(#1981,#1982,#1983,#1984));
#11757=EDGE_LOOP('',(#1985,#1986,#1987,#1988));
#11758=EDGE_LOOP('',(#1989,#1990,#1991,#1992));
#11759=EDGE_LOOP('',(#1993,#1994,#1995,#1996));
#11760=EDGE_LOOP('',(#1997,#1998,#1999,#2000));
#11761=EDGE_LOOP('',(#2001,#2002,#2003,#2004));
#11762=EDGE_LOOP('',(#2005,#2006,#2007,#2008));
#11763=EDGE_LOOP('',(#2009,#2010,#2011,#2012));
#11764=EDGE_LOOP('',(#2013,#2014,#2015,#2016));
#11765=EDGE_LOOP('',(#2017,#2018,#2019,#2020));
#11766=EDGE_LOOP('',(#2021,#2022,#2023,#2024));
#11767=EDGE_LOOP('',(#2025,#2026,#2027,#2028));
#11768=EDGE_LOOP('',(#2029,#2030,#2031,#2032));
#11769=EDGE_LOOP('',(#2033,#2034,#2035,#2036,#2037));
#11770=EDGE_LOOP('',(#2038,#2039,#2040,#2041,#2042));
#11771=EDGE_LOOP('',(#2043,#2044,#2045,#2046,#2047));
#11772=EDGE_LOOP('',(#2048,#2049,#2050,#2051,#2052));
#11773=EDGE_LOOP('',(#2053,#2054,#2055,#2056));
#11774=EDGE_LOOP('',(#2057,#2058,#2059,#2060));
#11775=EDGE_LOOP('',(#2061,#2062,#2063,#2064));
#11776=EDGE_LOOP('',(#2065,#2066,#2067,#2068));
#11777=EDGE_LOOP('',(#2069,#2070,#2071,#2072));
#11778=EDGE_LOOP('',(#2073,#2074,#2075,#2076));
#11779=EDGE_LOOP('',(#2077,#2078,#2079,#2080));
#11780=EDGE_LOOP('',(#2081,#2082,#2083,#2084));
#11781=EDGE_LOOP('',(#2085,#2086,#2087,#2088));
#11782=EDGE_LOOP('',(#2089,#2090,#2091,#2092));
#11783=EDGE_LOOP('',(#2093,#2094,#2095,#2096));
#11784=EDGE_LOOP('',(#2097,#2098,#2099,#2100));
#11785=EDGE_LOOP('',(#2101,#2102,#2103,#2104,#2105,#2106,#2107,#2108,#2109,
#2110,#2111,#2112,#2113,#2114,#2115,#2116,#2117,#2118,#2119));
#11786=EDGE_LOOP('',(#2120,#2121,#2122,#2123));
#11787=EDGE_LOOP('',(#2124,#2125,#2126,#2127));
#11788=EDGE_LOOP('',(#2128,#2129,#2130,#2131,#2132,#2133,#2134,#2135,#2136,
#2137,#2138,#2139,#2140,#2141,#2142,#2143,#2144,#2145,#2146));
#11789=EDGE_LOOP('',(#2147,#2148,#2149,#2150,#2151,#2152,#2153,#2154,#2155,
#2156,#2157,#2158,#2159));
#11790=EDGE_LOOP('',(#2160,#2161,#2162,#2163,#2164,#2165,#2166,#2167,#2168,
#2169,#2170,#2171,#2172));
#11791=EDGE_LOOP('',(#2173,#2174,#2175,#2176));
#11792=EDGE_LOOP('',(#2177,#2178,#2179,#2180,#2181,#2182,#2183,#2184,#2185,
#2186,#2187,#2188,#2189));
#11793=EDGE_LOOP('',(#2190,#2191,#2192,#2193,#2194,#2195,#2196,#2197,#2198,
#2199,#2200,#2201,#2202));
#11794=EDGE_LOOP('',(#2203,#2204,#2205,#2206));
#11795=EDGE_LOOP('',(#2207,#2208,#2209,#2210,#2211,#2212,#2213,#2214,#2215,
#2216,#2217,#2218,#2219));
#11796=EDGE_LOOP('',(#2220,#2221,#2222,#2223,#2224,#2225,#2226,#2227,#2228,
#2229,#2230,#2231,#2232));
#11797=EDGE_LOOP('',(#2233,#2234,#2235,#2236));
#11798=EDGE_LOOP('',(#2237,#2238,#2239,#2240,#2241,#2242,#2243,#2244,#2245,
#2246,#2247,#2248,#2249));
#11799=EDGE_LOOP('',(#2250,#2251,#2252,#2253,#2254,#2255,#2256,#2257,#2258,
#2259,#2260,#2261,#2262));
#11800=EDGE_LOOP('',(#2263,#2264,#2265,#2266));
#11801=EDGE_LOOP('',(#2267,#2268,#2269,#2270,#2271,#2272,#2273,#2274,#2275,
#2276,#2277,#2278,#2279));
#11802=EDGE_LOOP('',(#2280,#2281,#2282,#2283,#2284,#2285,#2286,#2287,#2288,
#2289,#2290,#2291,#2292));
#11803=EDGE_LOOP('',(#2293,#2294,#2295,#2296));
#11804=EDGE_LOOP('',(#2297,#2298,#2299,#2300,#2301,#2302,#2303,#2304,#2305,
#2306,#2307,#2308,#2309));
#11805=EDGE_LOOP('',(#2310,#2311,#2312,#2313,#2314,#2315,#2316,#2317,#2318,
#2319,#2320,#2321,#2322));
#11806=EDGE_LOOP('',(#2323,#2324,#2325,#2326));
#11807=EDGE_LOOP('',(#2327,#2328,#2329,#2330,#2331,#2332,#2333,#2334,#2335,
#2336));
#11808=EDGE_LOOP('',(#2337,#2338,#2339,#2340));
#11809=EDGE_LOOP('',(#2341,#2342,#2343,#2344,#2345,#2346,#2347,#2348,#2349,
#2350));
#11810=EDGE_LOOP('',(#2351,#2352,#2353,#2354,#2355,#2356,#2357,#2358,#2359,
#2360));
#11811=EDGE_LOOP('',(#2361,#2362,#2363,#2364));
#11812=EDGE_LOOP('',(#2365,#2366,#2367,#2368,#2369,#2370,#2371,#2372,#2373,
#2374));
#11813=EDGE_LOOP('',(#2375,#2376,#2377,#2378,#2379,#2380,#2381,#2382,#2383,
#2384));
#11814=EDGE_LOOP('',(#2385,#2386,#2387,#2388));
#11815=EDGE_LOOP('',(#2389,#2390,#2391,#2392,#2393,#2394,#2395,#2396,#2397,
#2398));
#11816=EDGE_LOOP('',(#2399,#2400,#2401,#2402,#2403,#2404,#2405,#2406,#2407,
#2408));
#11817=EDGE_LOOP('',(#2409,#2410,#2411,#2412));
#11818=EDGE_LOOP('',(#2413,#2414,#2415,#2416,#2417,#2418,#2419,#2420,#2421,
#2422));
#11819=EDGE_LOOP('',(#2423,#2424,#2425,#2426,#2427,#2428,#2429,#2430,#2431,
#2432));
#11820=EDGE_LOOP('',(#2433,#2434,#2435,#2436));
#11821=EDGE_LOOP('',(#2437,#2438,#2439,#2440,#2441,#2442,#2443,#2444,#2445,
#2446));
#11822=EDGE_LOOP('',(#2447,#2448,#2449,#2450,#2451,#2452,#2453,#2454,#2455,
#2456));
#11823=EDGE_LOOP('',(#2457,#2458,#2459,#2460));
#11824=EDGE_LOOP('',(#2461,#2462,#2463,#2464,#2465,#2466,#2467,#2468,#2469,
#2470));
#11825=EDGE_LOOP('',(#2471,#2472,#2473,#2474));
#11826=EDGE_LOOP('',(#2475,#2476,#2477,#2478));
#11827=EDGE_LOOP('',(#2479,#2480,#2481,#2482));
#11828=EDGE_LOOP('',(#2483,#2484,#2485,#2486));
#11829=EDGE_LOOP('',(#2487,#2488,#2489,#2490));
#11830=EDGE_LOOP('',(#2491,#2492,#2493,#2494));
#11831=EDGE_LOOP('',(#2495,#2496,#2497,#2498));
#11832=EDGE_LOOP('',(#2499,#2500,#2501,#2502));
#11833=EDGE_LOOP('',(#2503,#2504,#2505,#2506));
#11834=EDGE_LOOP('',(#2507,#2508,#2509,#2510));
#11835=EDGE_LOOP('',(#2511,#2512,#2513,#2514));
#11836=EDGE_LOOP('',(#2515,#2516,#2517,#2518));
#11837=EDGE_LOOP('',(#2519,#2520,#2521,#2522));
#11838=EDGE_LOOP('',(#2523,#2524,#2525,#2526));
#11839=EDGE_LOOP('',(#2527,#2528,#2529,#2530));
#11840=EDGE_LOOP('',(#2531,#2532,#2533,#2534));
#11841=EDGE_LOOP('',(#2535,#2536,#2537,#2538));
#11842=EDGE_LOOP('',(#2539,#2540,#2541,#2542));
#11843=EDGE_LOOP('',(#2543,#2544,#2545,#2546));
#11844=EDGE_LOOP('',(#2547,#2548,#2549,#2550));
#11845=EDGE_LOOP('',(#2551,#2552,#2553,#2554));
#11846=EDGE_LOOP('',(#2555,#2556,#2557,#2558));
#11847=EDGE_LOOP('',(#2559,#2560,#2561,#2562));
#11848=EDGE_LOOP('',(#2563,#2564,#2565,#2566));
#11849=EDGE_LOOP('',(#2567,#2568,#2569,#2570));
#11850=EDGE_LOOP('',(#2571,#2572,#2573,#2574));
#11851=EDGE_LOOP('',(#2575,#2576,#2577,#2578));
#11852=EDGE_LOOP('',(#2579,#2580,#2581,#2582));
#11853=EDGE_LOOP('',(#2583,#2584,#2585,#2586));
#11854=EDGE_LOOP('',(#2587,#2588,#2589,#2590));
#11855=EDGE_LOOP('',(#2591,#2592,#2593,#2594));
#11856=EDGE_LOOP('',(#2595,#2596,#2597,#2598));
#11857=EDGE_LOOP('',(#2599,#2600,#2601,#2602));
#11858=EDGE_LOOP('',(#2603,#2604,#2605,#2606));
#11859=EDGE_LOOP('',(#2607,#2608,#2609,#2610));
#11860=EDGE_LOOP('',(#2611,#2612,#2613,#2614));
#11861=EDGE_LOOP('',(#2615,#2616,#2617,#2618));
#11862=EDGE_LOOP('',(#2619,#2620,#2621,#2622));
#11863=EDGE_LOOP('',(#2623,#2624,#2625,#2626));
#11864=EDGE_LOOP('',(#2627,#2628,#2629,#2630));
#11865=EDGE_LOOP('',(#2631,#2632,#2633,#2634));
#11866=EDGE_LOOP('',(#2635,#2636,#2637,#2638));
#11867=EDGE_LOOP('',(#2639,#2640,#2641,#2642));
#11868=EDGE_LOOP('',(#2643,#2644,#2645,#2646));
#11869=EDGE_LOOP('',(#2647,#2648,#2649,#2650));
#11870=EDGE_LOOP('',(#2651,#2652,#2653,#2654));
#11871=EDGE_LOOP('',(#2655,#2656,#2657,#2658));
#11872=EDGE_LOOP('',(#2659,#2660,#2661,#2662));
#11873=EDGE_LOOP('',(#2663,#2664,#2665,#2666));
#11874=EDGE_LOOP('',(#2667,#2668,#2669,#2670));
#11875=EDGE_LOOP('',(#2671,#2672,#2673,#2674));
#11876=EDGE_LOOP('',(#2675,#2676,#2677,#2678));
#11877=EDGE_LOOP('',(#2679,#2680,#2681,#2682));
#11878=EDGE_LOOP('',(#2683,#2684,#2685,#2686));
#11879=EDGE_LOOP('',(#2687,#2688,#2689,#2690));
#11880=EDGE_LOOP('',(#2691,#2692,#2693,#2694));
#11881=EDGE_LOOP('',(#2695,#2696,#2697,#2698));
#11882=EDGE_LOOP('',(#2699,#2700,#2701,#2702));
#11883=EDGE_LOOP('',(#2703,#2704,#2705,#2706));
#11884=EDGE_LOOP('',(#2707,#2708,#2709,#2710));
#11885=EDGE_LOOP('',(#2711,#2712,#2713,#2714));
#11886=EDGE_LOOP('',(#2715,#2716,#2717,#2718));
#11887=EDGE_LOOP('',(#2719,#2720,#2721,#2722));
#11888=EDGE_LOOP('',(#2723,#2724,#2725,#2726));
#11889=EDGE_LOOP('',(#2727,#2728,#2729,#2730));
#11890=EDGE_LOOP('',(#2731,#2732,#2733,#2734));
#11891=EDGE_LOOP('',(#2735,#2736,#2737,#2738));
#11892=EDGE_LOOP('',(#2739,#2740,#2741,#2742));
#11893=EDGE_LOOP('',(#2743,#2744,#2745,#2746));
#11894=EDGE_LOOP('',(#2747,#2748,#2749,#2750));
#11895=EDGE_LOOP('',(#2751,#2752,#2753,#2754));
#11896=EDGE_LOOP('',(#2755,#2756,#2757,#2758));
#11897=EDGE_LOOP('',(#2759,#2760,#2761,#2762));
#11898=EDGE_LOOP('',(#2763,#2764,#2765,#2766));
#11899=EDGE_LOOP('',(#2767,#2768,#2769,#2770));
#11900=EDGE_LOOP('',(#2771,#2772,#2773,#2774));
#11901=EDGE_LOOP('',(#2775,#2776,#2777,#2778));
#11902=EDGE_LOOP('',(#2779,#2780,#2781,#2782));
#11903=EDGE_LOOP('',(#2783,#2784,#2785,#2786));
#11904=EDGE_LOOP('',(#2787,#2788,#2789,#2790));
#11905=EDGE_LOOP('',(#2791,#2792,#2793,#2794));
#11906=EDGE_LOOP('',(#2795,#2796,#2797,#2798));
#11907=EDGE_LOOP('',(#2799,#2800,#2801,#2802));
#11908=EDGE_LOOP('',(#2803,#2804,#2805,#2806));
#11909=EDGE_LOOP('',(#2807,#2808,#2809,#2810));
#11910=EDGE_LOOP('',(#2811,#2812,#2813,#2814));
#11911=EDGE_LOOP('',(#2815,#2816,#2817,#2818));
#11912=EDGE_LOOP('',(#2819,#2820,#2821,#2822));
#11913=EDGE_LOOP('',(#2823,#2824,#2825,#2826));
#11914=EDGE_LOOP('',(#2827,#2828,#2829,#2830));
#11915=EDGE_LOOP('',(#2831,#2832,#2833,#2834));
#11916=EDGE_LOOP('',(#2835,#2836,#2837,#2838));
#11917=EDGE_LOOP('',(#2839,#2840,#2841,#2842));
#11918=EDGE_LOOP('',(#2843,#2844,#2845,#2846));
#11919=EDGE_LOOP('',(#2847,#2848,#2849,#2850));
#11920=EDGE_LOOP('',(#2851,#2852,#2853,#2854));
#11921=EDGE_LOOP('',(#2855,#2856,#2857,#2858));
#11922=EDGE_LOOP('',(#2859,#2860,#2861,#2862));
#11923=EDGE_LOOP('',(#2863,#2864,#2865,#2866,#2867,#2868,#2869,#2870,#2871,
#2872,#2873,#2874,#2875,#2876,#2877,#2878,#2879,#2880,#2881,#2882,#2883,
#2884,#2885,#2886,#2887,#2888,#2889,#2890,#2891,#2892,#2893,#2894,#2895,
#2896,#2897,#2898,#2899,#2900,#2901,#2902,#2903,#2904,#2905,#2906,#2907,
#2908,#2909,#2910,#2911,#2912,#2913,#2914));
#11924=EDGE_LOOP('',(#2915,#2916,#2917,#2918));
#11925=EDGE_LOOP('',(#2919,#2920,#2921,#2922));
#11926=EDGE_LOOP('',(#2923,#2924,#2925,#2926));
#11927=EDGE_LOOP('',(#2927,#2928,#2929,#2930));
#11928=EDGE_LOOP('',(#2931,#2932,#2933,#2934));
#11929=EDGE_LOOP('',(#2935,#2936,#2937,#2938));
#11930=EDGE_LOOP('',(#2939,#2940,#2941,#2942));
#11931=EDGE_LOOP('',(#2943,#2944,#2945,#2946,#2947,#2948,#2949,#2950,#2951,
#2952,#2953,#2954,#2955,#2956,#2957,#2958,#2959,#2960,#2961,#2962,#2963,
#2964,#2965,#2966,#2967,#2968,#2969,#2970,#2971,#2972,#2973,#2974,#2975,
#2976,#2977,#2978,#2979,#2980,#2981,#2982,#2983,#2984,#2985,#2986,#2987,
#2988,#2989,#2990,#2991,#2992,#2993,#2994));
#11932=EDGE_LOOP('',(#2995,#2996,#2997,#2998));
#11933=EDGE_LOOP('',(#2999,#3000,#3001,#3002));
#11934=EDGE_LOOP('',(#3003,#3004,#3005,#3006));
#11935=EDGE_LOOP('',(#3007,#3008,#3009,#3010));
#11936=EDGE_LOOP('',(#3011,#3012,#3013,#3014));
#11937=EDGE_LOOP('',(#3015,#3016,#3017,#3018));
#11938=EDGE_LOOP('',(#3019,#3020,#3021,#3022));
#11939=EDGE_LOOP('',(#3023,#3024,#3025,#3026));
#11940=EDGE_LOOP('',(#3027,#3028,#3029,#3030));
#11941=EDGE_LOOP('',(#3031,#3032,#3033,#3034));
#11942=EDGE_LOOP('',(#3035,#3036,#3037,#3038));
#11943=EDGE_LOOP('',(#3039,#3040,#3041,#3042));
#11944=EDGE_LOOP('',(#3043,#3044,#3045,#3046,#3047,#3048,#3049,#3050,#3051,
#3052,#3053,#3054,#3055,#3056,#3057,#3058,#3059,#3060,#3061,#3062,#3063,
#3064,#3065,#3066,#3067,#3068,#3069));
#11945=EDGE_LOOP('',(#3070,#3071,#3072,#3073));
#11946=EDGE_LOOP('',(#3074,#3075,#3076,#3077));
#11947=EDGE_LOOP('',(#3078,#3079,#3080,#3081,#3082,#3083,#3084,#3085,#3086,
#3087,#3088,#3089,#3090,#3091,#3092,#3093,#3094,#3095,#3096,#3097,#3098,
#3099,#3100,#3101,#3102,#3103,#3104));
#11948=EDGE_LOOP('',(#3105,#3106,#3107,#3108,#3109,#3110,#3111,#3112,#3113,
#3114,#3115,#3116,#3117,#3118));
#11949=EDGE_LOOP('',(#3119,#3120,#3121,#3122,#3123,#3124,#3125,#3126,#3127,
#3128,#3129,#3130,#3131,#3132));
#11950=EDGE_LOOP('',(#3133,#3134,#3135,#3136));
#11951=EDGE_LOOP('',(#3137,#3138,#3139,#3140,#3141,#3142,#3143,#3144,#3145,
#3146,#3147,#3148,#3149,#3150));
#11952=EDGE_LOOP('',(#3151,#3152,#3153,#3154,#3155,#3156,#3157,#3158,#3159,
#3160,#3161,#3162,#3163,#3164));
#11953=EDGE_LOOP('',(#3165,#3166,#3167,#3168));
#11954=EDGE_LOOP('',(#3169,#3170,#3171,#3172,#3173,#3174,#3175,#3176,#3177,
#3178,#3179,#3180,#3181,#3182));
#11955=EDGE_LOOP('',(#3183,#3184,#3185,#3186,#3187,#3188,#3189,#3190,#3191,
#3192,#3193,#3194,#3195,#3196));
#11956=EDGE_LOOP('',(#3197,#3198,#3199,#3200));
#11957=EDGE_LOOP('',(#3201,#3202,#3203,#3204,#3205,#3206,#3207,#3208,#3209,
#3210,#3211,#3212,#3213,#3214));
#11958=EDGE_LOOP('',(#3215,#3216,#3217,#3218,#3219,#3220,#3221,#3222,#3223,
#3224,#3225,#3226,#3227,#3228));
#11959=EDGE_LOOP('',(#3229,#3230,#3231,#3232));
#11960=EDGE_LOOP('',(#3233,#3234,#3235,#3236,#3237,#3238,#3239,#3240,#3241,
#3242,#3243,#3244,#3245,#3246));
#11961=EDGE_LOOP('',(#3247,#3248,#3249,#3250,#3251,#3252,#3253,#3254,#3255,
#3256,#3257,#3258,#3259,#3260));
#11962=EDGE_LOOP('',(#3261,#3262,#3263,#3264));
#11963=EDGE_LOOP('',(#3265,#3266,#3267,#3268,#3269,#3270,#3271,#3272,#3273,
#3274,#3275,#3276,#3277,#3278));
#11964=EDGE_LOOP('',(#3279,#3280,#3281,#3282,#3283,#3284,#3285,#3286,#3287,
#3288,#3289,#3290,#3291,#3292));
#11965=EDGE_LOOP('',(#3293,#3294,#3295,#3296));
#11966=EDGE_LOOP('',(#3297,#3298,#3299,#3300,#3301,#3302,#3303,#3304,#3305,
#3306,#3307,#3308,#3309,#3310,#3311,#3312,#3313));
#11967=EDGE_LOOP('',(#3314,#3315,#3316,#3317));
#11968=EDGE_LOOP('',(#3318,#3319,#3320,#3321,#3322,#3323,#3324,#3325,#3326,
#3327,#3328,#3329,#3330,#3331,#3332,#3333,#3334));
#11969=EDGE_LOOP('',(#3335,#3336,#3337,#3338,#3339,#3340,#3341,#3342,#3343,
#3344,#3345,#3346,#3347,#3348,#3349,#3350,#3351));
#11970=EDGE_LOOP('',(#3352,#3353,#3354,#3355));
#11971=EDGE_LOOP('',(#3356,#3357,#3358,#3359,#3360,#3361,#3362,#3363,#3364,
#3365,#3366,#3367,#3368,#3369,#3370,#3371,#3372));
#11972=EDGE_LOOP('',(#3373,#3374,#3375,#3376,#3377,#3378,#3379,#3380,#3381,
#3382,#3383,#3384,#3385,#3386,#3387,#3388,#3389));
#11973=EDGE_LOOP('',(#3390,#3391,#3392,#3393));
#11974=EDGE_LOOP('',(#3394,#3395,#3396,#3397,#3398,#3399,#3400,#3401,#3402,
#3403,#3404,#3405,#3406,#3407,#3408,#3409,#3410));
#11975=EDGE_LOOP('',(#3411,#3412,#3413,#3414,#3415,#3416,#3417,#3418,#3419,
#3420,#3421,#3422,#3423,#3424,#3425,#3426,#3427));
#11976=EDGE_LOOP('',(#3428,#3429,#3430,#3431));
#11977=EDGE_LOOP('',(#3432,#3433,#3434,#3435,#3436,#3437,#3438,#3439,#3440,
#3441,#3442,#3443,#3444,#3445,#3446,#3447,#3448));
#11978=EDGE_LOOP('',(#3449,#3450,#3451,#3452,#3453,#3454,#3455,#3456,#3457,
#3458,#3459,#3460,#3461,#3462,#3463,#3464,#3465));
#11979=EDGE_LOOP('',(#3466,#3467,#3468,#3469));
#11980=EDGE_LOOP('',(#3470,#3471,#3472,#3473,#3474,#3475,#3476,#3477,#3478,
#3479,#3480,#3481,#3482,#3483,#3484,#3485,#3486));
#11981=EDGE_LOOP('',(#3487,#3488,#3489,#3490,#3491,#3492,#3493,#3494,#3495,
#3496,#3497,#3498,#3499,#3500,#3501,#3502,#3503));
#11982=EDGE_LOOP('',(#3504,#3505,#3506,#3507));
#11983=EDGE_LOOP('',(#3508,#3509,#3510,#3511,#3512,#3513,#3514,#3515,#3516,
#3517,#3518,#3519,#3520,#3521,#3522,#3523,#3524));
#11984=EDGE_LOOP('',(#3525,#3526,#3527,#3528));
#11985=EDGE_LOOP('',(#3529,#3530,#3531,#3532));
#11986=EDGE_LOOP('',(#3533,#3534,#3535,#3536));
#11987=EDGE_LOOP('',(#3537,#3538,#3539,#3540));
#11988=EDGE_LOOP('',(#3541,#3542,#3543,#3544));
#11989=EDGE_LOOP('',(#3545,#3546,#3547,#3548));
#11990=EDGE_LOOP('',(#3549,#3550,#3551,#3552));
#11991=EDGE_LOOP('',(#3553,#3554,#3555,#3556));
#11992=EDGE_LOOP('',(#3557,#3558,#3559,#3560));
#11993=EDGE_LOOP('',(#3561,#3562,#3563,#3564));
#11994=EDGE_LOOP('',(#3565,#3566,#3567,#3568));
#11995=EDGE_LOOP('',(#3569,#3570,#3571,#3572));
#11996=EDGE_LOOP('',(#3573,#3574,#3575,#3576));
#11997=EDGE_LOOP('',(#3577,#3578,#3579,#3580));
#11998=EDGE_LOOP('',(#3581,#3582,#3583,#3584));
#11999=EDGE_LOOP('',(#3585,#3586,#3587,#3588));
#12000=EDGE_LOOP('',(#3589,#3590,#3591,#3592));
#12001=EDGE_LOOP('',(#3593,#3594,#3595,#3596));
#12002=EDGE_LOOP('',(#3597,#3598,#3599,#3600));
#12003=EDGE_LOOP('',(#3601,#3602,#3603,#3604));
#12004=EDGE_LOOP('',(#3605,#3606,#3607,#3608));
#12005=EDGE_LOOP('',(#3609,#3610,#3611,#3612));
#12006=EDGE_LOOP('',(#3613,#3614,#3615,#3616));
#12007=EDGE_LOOP('',(#3617,#3618,#3619,#3620));
#12008=EDGE_LOOP('',(#3621,#3622,#3623,#3624));
#12009=EDGE_LOOP('',(#3625,#3626,#3627,#3628));
#12010=EDGE_LOOP('',(#3629,#3630,#3631,#3632));
#12011=EDGE_LOOP('',(#3633,#3634,#3635,#3636));
#12012=EDGE_LOOP('',(#3637,#3638,#3639,#3640));
#12013=EDGE_LOOP('',(#3641,#3642,#3643,#3644));
#12014=EDGE_LOOP('',(#3645,#3646,#3647,#3648));
#12015=EDGE_LOOP('',(#3649,#3650,#3651,#3652));
#12016=EDGE_LOOP('',(#3653,#3654,#3655,#3656));
#12017=EDGE_LOOP('',(#3657,#3658,#3659,#3660));
#12018=EDGE_LOOP('',(#3661,#3662,#3663,#3664));
#12019=EDGE_LOOP('',(#3665,#3666,#3667,#3668));
#12020=EDGE_LOOP('',(#3669,#3670,#3671,#3672));
#12021=EDGE_LOOP('',(#3673,#3674,#3675,#3676));
#12022=EDGE_LOOP('',(#3677,#3678,#3679,#3680));
#12023=EDGE_LOOP('',(#3681,#3682,#3683,#3684));
#12024=EDGE_LOOP('',(#3685,#3686,#3687,#3688));
#12025=EDGE_LOOP('',(#3689,#3690,#3691,#3692));
#12026=EDGE_LOOP('',(#3693,#3694,#3695,#3696));
#12027=EDGE_LOOP('',(#3697,#3698,#3699,#3700));
#12028=EDGE_LOOP('',(#3701,#3702,#3703,#3704));
#12029=EDGE_LOOP('',(#3705,#3706,#3707,#3708));
#12030=EDGE_LOOP('',(#3709,#3710,#3711,#3712));
#12031=EDGE_LOOP('',(#3713,#3714,#3715,#3716));
#12032=EDGE_LOOP('',(#3717,#3718,#3719,#3720));
#12033=EDGE_LOOP('',(#3721,#3722,#3723,#3724));
#12034=EDGE_LOOP('',(#3725,#3726,#3727,#3728));
#12035=EDGE_LOOP('',(#3729,#3730,#3731,#3732));
#12036=EDGE_LOOP('',(#3733,#3734,#3735,#3736));
#12037=EDGE_LOOP('',(#3737,#3738,#3739,#3740));
#12038=EDGE_LOOP('',(#3741,#3742,#3743,#3744));
#12039=EDGE_LOOP('',(#3745,#3746,#3747,#3748));
#12040=EDGE_LOOP('',(#3749,#3750,#3751,#3752));
#12041=EDGE_LOOP('',(#3753,#3754,#3755,#3756));
#12042=EDGE_LOOP('',(#3757,#3758,#3759,#3760));
#12043=EDGE_LOOP('',(#3761,#3762,#3763,#3764));
#12044=EDGE_LOOP('',(#3765,#3766,#3767,#3768));
#12045=EDGE_LOOP('',(#3769,#3770,#3771,#3772));
#12046=EDGE_LOOP('',(#3773,#3774,#3775,#3776));
#12047=EDGE_LOOP('',(#3777,#3778,#3779,#3780));
#12048=EDGE_LOOP('',(#3781,#3782,#3783,#3784));
#12049=EDGE_LOOP('',(#3785,#3786,#3787,#3788));
#12050=EDGE_LOOP('',(#3789,#3790,#3791,#3792));
#12051=EDGE_LOOP('',(#3793,#3794,#3795,#3796));
#12052=EDGE_LOOP('',(#3797,#3798,#3799,#3800));
#12053=EDGE_LOOP('',(#3801,#3802,#3803,#3804));
#12054=EDGE_LOOP('',(#3805,#3806,#3807,#3808));
#12055=EDGE_LOOP('',(#3809,#3810,#3811,#3812));
#12056=EDGE_LOOP('',(#3813,#3814,#3815,#3816));
#12057=EDGE_LOOP('',(#3817,#3818,#3819,#3820));
#12058=EDGE_LOOP('',(#3821,#3822,#3823,#3824));
#12059=EDGE_LOOP('',(#3825,#3826,#3827,#3828));
#12060=EDGE_LOOP('',(#3829,#3830,#3831,#3832));
#12061=EDGE_LOOP('',(#3833,#3834,#3835,#3836));
#12062=EDGE_LOOP('',(#3837,#3838,#3839,#3840));
#12063=EDGE_LOOP('',(#3841,#3842,#3843,#3844));
#12064=EDGE_LOOP('',(#3845,#3846,#3847,#3848));
#12065=EDGE_LOOP('',(#3849,#3850,#3851,#3852));
#12066=EDGE_LOOP('',(#3853,#3854,#3855,#3856));
#12067=EDGE_LOOP('',(#3857,#3858,#3859,#3860));
#12068=EDGE_LOOP('',(#3861,#3862,#3863,#3864));
#12069=EDGE_LOOP('',(#3865,#3866,#3867,#3868));
#12070=EDGE_LOOP('',(#3869,#3870,#3871,#3872));
#12071=EDGE_LOOP('',(#3873,#3874,#3875,#3876));
#12072=EDGE_LOOP('',(#3877,#3878,#3879,#3880));
#12073=EDGE_LOOP('',(#3881,#3882,#3883,#3884));
#12074=EDGE_LOOP('',(#3885,#3886,#3887,#3888));
#12075=EDGE_LOOP('',(#3889,#3890,#3891,#3892));
#12076=EDGE_LOOP('',(#3893,#3894,#3895,#3896));
#12077=EDGE_LOOP('',(#3897,#3898,#3899,#3900));
#12078=EDGE_LOOP('',(#3901,#3902,#3903,#3904));
#12079=EDGE_LOOP('',(#3905,#3906,#3907,#3908));
#12080=EDGE_LOOP('',(#3909,#3910,#3911,#3912));
#12081=EDGE_LOOP('',(#3913,#3914,#3915,#3916));
#12082=EDGE_LOOP('',(#3917,#3918,#3919,#3920));
#12083=EDGE_LOOP('',(#3921,#3922,#3923,#3924));
#12084=EDGE_LOOP('',(#3925,#3926,#3927,#3928));
#12085=EDGE_LOOP('',(#3929,#3930,#3931,#3932));
#12086=EDGE_LOOP('',(#3933,#3934,#3935,#3936));
#12087=EDGE_LOOP('',(#3937,#3938,#3939,#3940));
#12088=EDGE_LOOP('',(#3941,#3942,#3943,#3944));
#12089=EDGE_LOOP('',(#3945,#3946,#3947,#3948));
#12090=EDGE_LOOP('',(#3949,#3950,#3951,#3952));
#12091=EDGE_LOOP('',(#3953,#3954,#3955,#3956));
#12092=EDGE_LOOP('',(#3957,#3958,#3959,#3960));
#12093=EDGE_LOOP('',(#3961,#3962,#3963,#3964));
#12094=EDGE_LOOP('',(#3965,#3966,#3967,#3968));
#12095=EDGE_LOOP('',(#3969,#3970,#3971,#3972));
#12096=EDGE_LOOP('',(#3973,#3974,#3975,#3976));
#12097=EDGE_LOOP('',(#3977,#3978,#3979,#3980));
#12098=EDGE_LOOP('',(#3981,#3982,#3983,#3984));
#12099=EDGE_LOOP('',(#3985,#3986,#3987,#3988));
#12100=EDGE_LOOP('',(#3989,#3990,#3991,#3992));
#12101=EDGE_LOOP('',(#3993,#3994,#3995,#3996));
#12102=EDGE_LOOP('',(#3997,#3998,#3999,#4000));
#12103=EDGE_LOOP('',(#4001,#4002,#4003,#4004));
#12104=EDGE_LOOP('',(#4005,#4006,#4007,#4008));
#12105=EDGE_LOOP('',(#4009,#4010,#4011,#4012));
#12106=EDGE_LOOP('',(#4013,#4014,#4015,#4016));
#12107=EDGE_LOOP('',(#4017,#4018,#4019,#4020));
#12108=EDGE_LOOP('',(#4021,#4022,#4023,#4024));
#12109=EDGE_LOOP('',(#4025,#4026,#4027,#4028));
#12110=EDGE_LOOP('',(#4029,#4030,#4031,#4032));
#12111=EDGE_LOOP('',(#4033,#4034,#4035,#4036));
#12112=EDGE_LOOP('',(#4037,#4038,#4039,#4040));
#12113=EDGE_LOOP('',(#4041,#4042,#4043,#4044));
#12114=EDGE_LOOP('',(#4045,#4046,#4047,#4048));
#12115=EDGE_LOOP('',(#4049,#4050,#4051,#4052));
#12116=EDGE_LOOP('',(#4053,#4054,#4055,#4056));
#12117=EDGE_LOOP('',(#4057,#4058,#4059,#4060));
#12118=EDGE_LOOP('',(#4061,#4062,#4063,#4064));
#12119=EDGE_LOOP('',(#4065,#4066,#4067,#4068));
#12120=EDGE_LOOP('',(#4069,#4070,#4071,#4072));
#12121=EDGE_LOOP('',(#4073,#4074,#4075,#4076));
#12122=EDGE_LOOP('',(#4077,#4078,#4079,#4080));
#12123=EDGE_LOOP('',(#4081,#4082,#4083,#4084));
#12124=EDGE_LOOP('',(#4085,#4086,#4087,#4088));
#12125=EDGE_LOOP('',(#4089,#4090,#4091,#4092));
#12126=EDGE_LOOP('',(#4093,#4094,#4095,#4096));
#12127=EDGE_LOOP('',(#4097,#4098,#4099,#4100));
#12128=EDGE_LOOP('',(#4101,#4102,#4103,#4104));
#12129=EDGE_LOOP('',(#4105,#4106,#4107,#4108));
#12130=EDGE_LOOP('',(#4109,#4110,#4111,#4112));
#12131=EDGE_LOOP('',(#4113,#4114,#4115,#4116));
#12132=EDGE_LOOP('',(#4117,#4118,#4119,#4120,#4121,#4122,#4123,#4124,#4125,
#4126,#4127,#4128,#4129,#4130,#4131,#4132,#4133,#4134,#4135,#4136,#4137,
#4138,#4139,#4140,#4141,#4142,#4143,#4144,#4145,#4146,#4147,#4148,#4149,
#4150,#4151,#4152,#4153,#4154,#4155,#4156,#4157,#4158,#4159,#4160,#4161,
#4162,#4163,#4164,#4165,#4166,#4167,#4168));
#12133=EDGE_LOOP('',(#4169,#4170,#4171,#4172));
#12134=EDGE_LOOP('',(#4173,#4174,#4175,#4176));
#12135=EDGE_LOOP('',(#4177,#4178,#4179,#4180));
#12136=EDGE_LOOP('',(#4181,#4182,#4183,#4184));
#12137=EDGE_LOOP('',(#4185,#4186,#4187,#4188));
#12138=EDGE_LOOP('',(#4189,#4190,#4191,#4192));
#12139=EDGE_LOOP('',(#4193,#4194,#4195,#4196));
#12140=EDGE_LOOP('',(#4197,#4198,#4199,#4200));
#12141=EDGE_LOOP('',(#4201,#4202,#4203,#4204));
#12142=EDGE_LOOP('',(#4205,#4206,#4207,#4208));
#12143=EDGE_LOOP('',(#4209,#4210,#4211,#4212));
#12144=EDGE_LOOP('',(#4213,#4214,#4215,#4216));
#12145=EDGE_LOOP('',(#4217,#4218,#4219,#4220));
#12146=EDGE_LOOP('',(#4221,#4222,#4223,#4224,#4225,#4226,#4227,#4228,#4229,
#4230,#4231,#4232,#4233,#4234,#4235,#4236,#4237,#4238,#4239,#4240,#4241,
#4242,#4243,#4244,#4245,#4246,#4247,#4248,#4249,#4250,#4251,#4252,#4253,
#4254,#4255,#4256,#4257,#4258,#4259,#4260,#4261,#4262,#4263,#4264,#4265,
#4266,#4267,#4268,#4269,#4270,#4271,#4272));
#12147=EDGE_LOOP('',(#4273,#4274,#4275,#4276));
#12148=EDGE_LOOP('',(#4277,#4278,#4279,#4280));
#12149=EDGE_LOOP('',(#4281,#4282,#4283,#4284));
#12150=EDGE_LOOP('',(#4285,#4286,#4287,#4288));
#12151=EDGE_LOOP('',(#4289,#4290,#4291,#4292));
#12152=EDGE_LOOP('',(#4293,#4294,#4295,#4296));
#12153=EDGE_LOOP('',(#4297,#4298,#4299,#4300));
#12154=EDGE_LOOP('',(#4301,#4302,#4303,#4304));
#12155=EDGE_LOOP('',(#4305,#4306,#4307,#4308));
#12156=EDGE_LOOP('',(#4309,#4310,#4311,#4312));
#12157=EDGE_LOOP('',(#4313,#4314,#4315,#4316));
#12158=EDGE_LOOP('',(#4317,#4318,#4319,#4320));
#12159=EDGE_LOOP('',(#4321,#4322,#4323,#4324));
#12160=EDGE_LOOP('',(#4325,#4326,#4327,#4328));
#12161=EDGE_LOOP('',(#4329,#4330,#4331,#4332));
#12162=EDGE_LOOP('',(#4333,#4334,#4335,#4336));
#12163=EDGE_LOOP('',(#4337,#4338,#4339,#4340));
#12164=EDGE_LOOP('',(#4341,#4342,#4343,#4344));
#12165=EDGE_LOOP('',(#4345,#4346,#4347,#4348));
#12166=EDGE_LOOP('',(#4349,#4350,#4351,#4352));
#12167=EDGE_LOOP('',(#4353,#4354,#4355,#4356));
#12168=EDGE_LOOP('',(#4357,#4358,#4359,#4360));
#12169=EDGE_LOOP('',(#4361,#4362,#4363,#4364));
#12170=EDGE_LOOP('',(#4365,#4366,#4367,#4368));
#12171=EDGE_LOOP('',(#4369,#4370,#4371,#4372));
#12172=EDGE_LOOP('',(#4373,#4374,#4375,#4376));
#12173=EDGE_LOOP('',(#4377,#4378,#4379,#4380));
#12174=EDGE_LOOP('',(#4381,#4382,#4383,#4384));
#12175=EDGE_LOOP('',(#4385,#4386,#4387,#4388));
#12176=EDGE_LOOP('',(#4389,#4390,#4391,#4392));
#12177=EDGE_LOOP('',(#4393,#4394,#4395,#4396,#4397,#4398,#4399,#4400,#4401,
#4402,#4403,#4404,#4405,#4406,#4407,#4408,#4409,#4410,#4411,#4412,#4413,
#4414,#4415,#4416,#4417,#4418,#4419,#4420,#4421,#4422));
#12178=EDGE_LOOP('',(#4423,#4424,#4425,#4426,#4427,#4428,#4429,#4430,#4431,
#4432,#4433,#4434,#4435,#4436,#4437,#4438,#4439,#4440,#4441,#4442,#4443,
#4444,#4445,#4446,#4447,#4448,#4449,#4450,#4451,#4452));
#12179=FACE_BOUND('',#11497,.T.);
#12180=FACE_BOUND('',#11498,.T.);
#12181=FACE_BOUND('',#11499,.T.);
#12182=FACE_BOUND('',#11500,.T.);
#12183=FACE_BOUND('',#11501,.T.);
#12184=FACE_BOUND('',#11502,.T.);
#12185=FACE_BOUND('',#11503,.T.);
#12186=FACE_BOUND('',#11504,.T.);
#12187=FACE_BOUND('',#11505,.T.);
#12188=FACE_BOUND('',#11506,.T.);
#12189=FACE_BOUND('',#11507,.T.);
#12190=FACE_BOUND('',#11508,.T.);
#12191=FACE_BOUND('',#11509,.T.);
#12192=FACE_BOUND('',#11510,.T.);
#12193=FACE_BOUND('',#11511,.T.);
#12194=FACE_BOUND('',#11512,.T.);
#12195=FACE_BOUND('',#11513,.T.);
#12196=FACE_BOUND('',#11514,.T.);
#12197=FACE_BOUND('',#11515,.T.);
#12198=FACE_BOUND('',#11516,.T.);
#12199=FACE_BOUND('',#11517,.T.);
#12200=FACE_BOUND('',#11518,.T.);
#12201=FACE_BOUND('',#11519,.T.);
#12202=FACE_BOUND('',#11520,.T.);
#12203=FACE_BOUND('',#11521,.T.);
#12204=FACE_BOUND('',#11522,.T.);
#12205=FACE_BOUND('',#11523,.T.);
#12206=FACE_BOUND('',#11524,.T.);
#12207=FACE_BOUND('',#11525,.T.);
#12208=FACE_BOUND('',#11526,.T.);
#12209=FACE_BOUND('',#11527,.T.);
#12210=FACE_BOUND('',#11528,.T.);
#12211=FACE_BOUND('',#11529,.T.);
#12212=FACE_BOUND('',#11530,.T.);
#12213=FACE_BOUND('',#11531,.T.);
#12214=FACE_BOUND('',#11532,.T.);
#12215=FACE_BOUND('',#11533,.T.);
#12216=FACE_BOUND('',#11534,.T.);
#12217=FACE_BOUND('',#11535,.T.);
#12218=FACE_BOUND('',#11536,.T.);
#12219=FACE_BOUND('',#11537,.T.);
#12220=FACE_BOUND('',#11538,.T.);
#12221=FACE_BOUND('',#11539,.T.);
#12222=FACE_BOUND('',#11540,.T.);
#12223=FACE_BOUND('',#11541,.T.);
#12224=FACE_BOUND('',#11542,.T.);
#12225=FACE_BOUND('',#11543,.T.);
#12226=FACE_BOUND('',#11544,.T.);
#12227=FACE_BOUND('',#11545,.T.);
#12228=FACE_BOUND('',#11546,.T.);
#12229=FACE_BOUND('',#11547,.T.);
#12230=FACE_BOUND('',#11548,.T.);
#12231=FACE_BOUND('',#11549,.T.);
#12232=FACE_BOUND('',#11550,.T.);
#12233=FACE_BOUND('',#11551,.T.);
#12234=FACE_BOUND('',#11552,.T.);
#12235=FACE_BOUND('',#11553,.T.);
#12236=FACE_BOUND('',#11554,.T.);
#12237=FACE_BOUND('',#11555,.T.);
#12238=FACE_BOUND('',#11556,.T.);
#12239=FACE_BOUND('',#11557,.T.);
#12240=FACE_BOUND('',#11558,.T.);
#12241=FACE_BOUND('',#11559,.T.);
#12242=FACE_BOUND('',#11560,.T.);
#12243=FACE_BOUND('',#11561,.T.);
#12244=FACE_BOUND('',#11562,.T.);
#12245=FACE_BOUND('',#11563,.T.);
#12246=FACE_BOUND('',#11564,.T.);
#12247=FACE_BOUND('',#11565,.T.);
#12248=FACE_BOUND('',#11566,.T.);
#12249=FACE_BOUND('',#11567,.T.);
#12250=FACE_BOUND('',#11568,.T.);
#12251=FACE_BOUND('',#11569,.T.);
#12252=FACE_BOUND('',#11570,.T.);
#12253=FACE_BOUND('',#11571,.T.);
#12254=FACE_BOUND('',#11572,.T.);
#12255=FACE_BOUND('',#11573,.T.);
#12256=FACE_BOUND('',#11574,.T.);
#12257=FACE_BOUND('',#11575,.T.);
#12258=FACE_BOUND('',#11576,.T.);
#12259=FACE_BOUND('',#11577,.T.);
#12260=FACE_BOUND('',#11578,.T.);
#12261=FACE_BOUND('',#11579,.T.);
#12262=FACE_BOUND('',#11580,.T.);
#12263=FACE_BOUND('',#11581,.T.);
#12264=FACE_BOUND('',#11582,.T.);
#12265=FACE_BOUND('',#11583,.T.);
#12266=FACE_BOUND('',#11584,.T.);
#12267=FACE_BOUND('',#11585,.T.);
#12268=FACE_BOUND('',#11586,.T.);
#12269=FACE_BOUND('',#11587,.T.);
#12270=FACE_BOUND('',#11588,.T.);
#12271=FACE_BOUND('',#11589,.T.);
#12272=FACE_BOUND('',#11590,.T.);
#12273=FACE_BOUND('',#11591,.T.);
#12274=FACE_BOUND('',#11592,.T.);
#12275=FACE_BOUND('',#11593,.T.);
#12276=FACE_BOUND('',#11594,.T.);
#12277=FACE_BOUND('',#11595,.T.);
#12278=FACE_BOUND('',#11596,.T.);
#12279=FACE_BOUND('',#11597,.T.);
#12280=FACE_BOUND('',#11598,.T.);
#12281=FACE_BOUND('',#11599,.T.);
#12282=FACE_BOUND('',#11600,.T.);
#12283=FACE_BOUND('',#11601,.T.);
#12284=FACE_BOUND('',#11602,.T.);
#12285=FACE_BOUND('',#11603,.T.);
#12286=FACE_BOUND('',#11604,.T.);
#12287=FACE_BOUND('',#11605,.T.);
#12288=FACE_BOUND('',#11606,.T.);
#12289=FACE_BOUND('',#11607,.T.);
#12290=FACE_BOUND('',#11608,.T.);
#12291=FACE_BOUND('',#11609,.T.);
#12292=FACE_BOUND('',#11610,.T.);
#12293=FACE_BOUND('',#11611,.T.);
#12294=FACE_BOUND('',#11612,.T.);
#12295=FACE_BOUND('',#11613,.T.);
#12296=FACE_BOUND('',#11614,.T.);
#12297=FACE_BOUND('',#11615,.T.);
#12298=FACE_BOUND('',#11616,.T.);
#12299=FACE_BOUND('',#11617,.T.);
#12300=FACE_BOUND('',#11618,.T.);
#12301=FACE_BOUND('',#11619,.T.);
#12302=FACE_BOUND('',#11620,.T.);
#12303=FACE_BOUND('',#11621,.T.);
#12304=FACE_BOUND('',#11622,.T.);
#12305=FACE_BOUND('',#11623,.T.);
#12306=FACE_BOUND('',#11624,.T.);
#12307=FACE_BOUND('',#11625,.T.);
#12308=FACE_BOUND('',#11626,.T.);
#12309=FACE_BOUND('',#11627,.T.);
#12310=FACE_BOUND('',#11628,.T.);
#12311=FACE_BOUND('',#11629,.T.);
#12312=FACE_BOUND('',#11630,.T.);
#12313=FACE_BOUND('',#11631,.T.);
#12314=FACE_BOUND('',#11632,.T.);
#12315=FACE_BOUND('',#11633,.T.);
#12316=FACE_BOUND('',#11634,.T.);
#12317=FACE_BOUND('',#11635,.T.);
#12318=FACE_BOUND('',#11636,.T.);
#12319=FACE_BOUND('',#11637,.T.);
#12320=FACE_BOUND('',#11638,.T.);
#12321=FACE_BOUND('',#11639,.T.);
#12322=FACE_BOUND('',#11640,.T.);
#12323=FACE_BOUND('',#11641,.T.);
#12324=FACE_BOUND('',#11642,.T.);
#12325=FACE_BOUND('',#11643,.T.);
#12326=FACE_BOUND('',#11644,.T.);
#12327=FACE_BOUND('',#11645,.T.);
#12328=FACE_BOUND('',#11646,.T.);
#12329=FACE_BOUND('',#11647,.T.);
#12330=FACE_BOUND('',#11648,.T.);
#12331=FACE_BOUND('',#11649,.T.);
#12332=FACE_BOUND('',#11650,.T.);
#12333=FACE_BOUND('',#11651,.T.);
#12334=FACE_BOUND('',#11652,.T.);
#12335=FACE_BOUND('',#11653,.T.);
#12336=FACE_BOUND('',#11654,.T.);
#12337=FACE_BOUND('',#11655,.T.);
#12338=FACE_BOUND('',#11656,.T.);
#12339=FACE_BOUND('',#11657,.T.);
#12340=FACE_BOUND('',#11658,.T.);
#12341=FACE_BOUND('',#11659,.T.);
#12342=FACE_BOUND('',#11660,.T.);
#12343=FACE_BOUND('',#11661,.T.);
#12344=FACE_BOUND('',#11662,.T.);
#12345=FACE_BOUND('',#11663,.T.);
#12346=FACE_BOUND('',#11664,.T.);
#12347=FACE_BOUND('',#11665,.T.);
#12348=FACE_BOUND('',#11666,.T.);
#12349=FACE_BOUND('',#11667,.T.);
#12350=FACE_BOUND('',#11668,.T.);
#12351=FACE_BOUND('',#11669,.T.);
#12352=FACE_BOUND('',#11670,.T.);
#12353=FACE_BOUND('',#11671,.T.);
#12354=FACE_BOUND('',#11672,.T.);
#12355=FACE_BOUND('',#11673,.T.);
#12356=FACE_BOUND('',#11674,.T.);
#12357=FACE_BOUND('',#11675,.T.);
#12358=FACE_BOUND('',#11676,.T.);
#12359=FACE_BOUND('',#11677,.T.);
#12360=FACE_BOUND('',#11678,.T.);
#12361=FACE_BOUND('',#11679,.T.);
#12362=FACE_BOUND('',#11680,.T.);
#12363=FACE_BOUND('',#11681,.T.);
#12364=FACE_BOUND('',#11682,.T.);
#12365=FACE_BOUND('',#11683,.T.);
#12366=FACE_BOUND('',#11684,.T.);
#12367=FACE_BOUND('',#11685,.T.);
#12368=FACE_BOUND('',#11686,.T.);
#12369=FACE_BOUND('',#11687,.T.);
#12370=FACE_BOUND('',#11688,.T.);
#12371=FACE_BOUND('',#11689,.T.);
#12372=FACE_BOUND('',#11690,.T.);
#12373=FACE_BOUND('',#11691,.T.);
#12374=FACE_BOUND('',#11692,.T.);
#12375=FACE_BOUND('',#11693,.T.);
#12376=FACE_BOUND('',#11694,.T.);
#12377=FACE_BOUND('',#11695,.T.);
#12378=FACE_BOUND('',#11696,.T.);
#12379=FACE_BOUND('',#11697,.T.);
#12380=FACE_BOUND('',#11698,.T.);
#12381=FACE_BOUND('',#11699,.T.);
#12382=FACE_BOUND('',#11700,.T.);
#12383=FACE_BOUND('',#11701,.T.);
#12384=FACE_BOUND('',#11702,.T.);
#12385=FACE_BOUND('',#11703,.T.);
#12386=FACE_BOUND('',#11704,.T.);
#12387=FACE_BOUND('',#11705,.T.);
#12388=FACE_BOUND('',#11706,.T.);
#12389=FACE_BOUND('',#11707,.T.);
#12390=FACE_BOUND('',#11708,.T.);
#12391=FACE_BOUND('',#11709,.T.);
#12392=FACE_BOUND('',#11710,.T.);
#12393=FACE_BOUND('',#11711,.T.);
#12394=FACE_BOUND('',#11712,.T.);
#12395=FACE_BOUND('',#11713,.T.);
#12396=FACE_BOUND('',#11714,.T.);
#12397=FACE_BOUND('',#11715,.T.);
#12398=FACE_BOUND('',#11716,.T.);
#12399=FACE_BOUND('',#11717,.T.);
#12400=FACE_BOUND('',#11718,.T.);
#12401=FACE_BOUND('',#11719,.T.);
#12402=FACE_BOUND('',#11720,.T.);
#12403=FACE_BOUND('',#11721,.T.);
#12404=FACE_BOUND('',#11722,.T.);
#12405=FACE_BOUND('',#11723,.T.);
#12406=FACE_BOUND('',#11724,.T.);
#12407=FACE_BOUND('',#11725,.T.);
#12408=FACE_BOUND('',#11726,.T.);
#12409=FACE_BOUND('',#11727,.T.);
#12410=FACE_BOUND('',#11728,.T.);
#12411=FACE_BOUND('',#11729,.T.);
#12412=FACE_BOUND('',#11730,.T.);
#12413=FACE_BOUND('',#11731,.T.);
#12414=FACE_BOUND('',#11732,.T.);
#12415=FACE_BOUND('',#11733,.T.);
#12416=FACE_BOUND('',#11734,.T.);
#12417=FACE_BOUND('',#11735,.T.);
#12418=FACE_BOUND('',#11736,.T.);
#12419=FACE_BOUND('',#11737,.T.);
#12420=FACE_BOUND('',#11738,.T.);
#12421=FACE_BOUND('',#11739,.T.);
#12422=FACE_BOUND('',#11740,.T.);
#12423=FACE_BOUND('',#11741,.T.);
#12424=FACE_BOUND('',#11742,.T.);
#12425=FACE_BOUND('',#11743,.T.);
#12426=FACE_BOUND('',#11744,.T.);
#12427=FACE_BOUND('',#11745,.T.);
#12428=FACE_BOUND('',#11746,.T.);
#12429=FACE_BOUND('',#11747,.T.);
#12430=FACE_BOUND('',#11748,.T.);
#12431=FACE_BOUND('',#11749,.T.);
#12432=FACE_BOUND('',#11750,.T.);
#12433=FACE_BOUND('',#11751,.T.);
#12434=FACE_BOUND('',#11752,.T.);
#12435=FACE_BOUND('',#11753,.T.);
#12436=FACE_BOUND('',#11754,.T.);
#12437=FACE_BOUND('',#11755,.T.);
#12438=FACE_BOUND('',#11756,.T.);
#12439=FACE_BOUND('',#11757,.T.);
#12440=FACE_BOUND('',#11758,.T.);
#12441=FACE_BOUND('',#11759,.T.);
#12442=FACE_BOUND('',#11760,.T.);
#12443=FACE_BOUND('',#11761,.T.);
#12444=FACE_BOUND('',#11762,.T.);
#12445=FACE_BOUND('',#11763,.T.);
#12446=FACE_BOUND('',#11764,.T.);
#12447=FACE_BOUND('',#11765,.T.);
#12448=FACE_BOUND('',#11766,.T.);
#12449=FACE_BOUND('',#11767,.T.);
#12450=FACE_BOUND('',#11768,.T.);
#12451=FACE_BOUND('',#11769,.T.);
#12452=FACE_BOUND('',#11770,.T.);
#12453=FACE_BOUND('',#11771,.T.);
#12454=FACE_BOUND('',#11772,.T.);
#12455=FACE_BOUND('',#11773,.T.);
#12456=FACE_BOUND('',#11774,.T.);
#12457=FACE_BOUND('',#11775,.T.);
#12458=FACE_BOUND('',#11776,.T.);
#12459=FACE_BOUND('',#11777,.T.);
#12460=FACE_BOUND('',#11778,.T.);
#12461=FACE_BOUND('',#11779,.T.);
#12462=FACE_BOUND('',#11780,.T.);
#12463=FACE_BOUND('',#11781,.T.);
#12464=FACE_BOUND('',#11782,.T.);
#12465=FACE_BOUND('',#11783,.T.);
#12466=FACE_BOUND('',#11784,.T.);
#12467=FACE_BOUND('',#11785,.T.);
#12468=FACE_BOUND('',#11786,.T.);
#12469=FACE_BOUND('',#11787,.T.);
#12470=FACE_BOUND('',#11788,.T.);
#12471=FACE_BOUND('',#11789,.T.);
#12472=FACE_BOUND('',#11790,.T.);
#12473=FACE_BOUND('',#11791,.T.);
#12474=FACE_BOUND('',#11792,.T.);
#12475=FACE_BOUND('',#11793,.T.);
#12476=FACE_BOUND('',#11794,.T.);
#12477=FACE_BOUND('',#11795,.T.);
#12478=FACE_BOUND('',#11796,.T.);
#12479=FACE_BOUND('',#11797,.T.);
#12480=FACE_BOUND('',#11798,.T.);
#12481=FACE_BOUND('',#11799,.T.);
#12482=FACE_BOUND('',#11800,.T.);
#12483=FACE_BOUND('',#11801,.T.);
#12484=FACE_BOUND('',#11802,.T.);
#12485=FACE_BOUND('',#11803,.T.);
#12486=FACE_BOUND('',#11804,.T.);
#12487=FACE_BOUND('',#11805,.T.);
#12488=FACE_BOUND('',#11806,.T.);
#12489=FACE_BOUND('',#11807,.T.);
#12490=FACE_BOUND('',#11808,.T.);
#12491=FACE_BOUND('',#11809,.T.);
#12492=FACE_BOUND('',#11810,.T.);
#12493=FACE_BOUND('',#11811,.T.);
#12494=FACE_BOUND('',#11812,.T.);
#12495=FACE_BOUND('',#11813,.T.);
#12496=FACE_BOUND('',#11814,.T.);
#12497=FACE_BOUND('',#11815,.T.);
#12498=FACE_BOUND('',#11816,.T.);
#12499=FACE_BOUND('',#11817,.T.);
#12500=FACE_BOUND('',#11818,.T.);
#12501=FACE_BOUND('',#11819,.T.);
#12502=FACE_BOUND('',#11820,.T.);
#12503=FACE_BOUND('',#11821,.T.);
#12504=FACE_BOUND('',#11822,.T.);
#12505=FACE_BOUND('',#11823,.T.);
#12506=FACE_BOUND('',#11824,.T.);
#12507=FACE_BOUND('',#11825,.T.);
#12508=FACE_BOUND('',#11826,.T.);
#12509=FACE_BOUND('',#11827,.T.);
#12510=FACE_BOUND('',#11828,.T.);
#12511=FACE_BOUND('',#11829,.T.);
#12512=FACE_BOUND('',#11830,.T.);
#12513=FACE_BOUND('',#11831,.T.);
#12514=FACE_BOUND('',#11832,.T.);
#12515=FACE_BOUND('',#11833,.T.);
#12516=FACE_BOUND('',#11834,.T.);
#12517=FACE_BOUND('',#11835,.T.);
#12518=FACE_BOUND('',#11836,.T.);
#12519=FACE_BOUND('',#11837,.T.);
#12520=FACE_BOUND('',#11838,.T.);
#12521=FACE_BOUND('',#11839,.T.);
#12522=FACE_BOUND('',#11840,.T.);
#12523=FACE_BOUND('',#11841,.T.);
#12524=FACE_BOUND('',#11842,.T.);
#12525=FACE_BOUND('',#11843,.T.);
#12526=FACE_BOUND('',#11844,.T.);
#12527=FACE_BOUND('',#11845,.T.);
#12528=FACE_BOUND('',#11846,.T.);
#12529=FACE_BOUND('',#11847,.T.);
#12530=FACE_BOUND('',#11848,.T.);
#12531=FACE_BOUND('',#11849,.T.);
#12532=FACE_BOUND('',#11850,.T.);
#12533=FACE_BOUND('',#11851,.T.);
#12534=FACE_BOUND('',#11852,.T.);
#12535=FACE_BOUND('',#11853,.T.);
#12536=FACE_BOUND('',#11854,.T.);
#12537=FACE_BOUND('',#11855,.T.);
#12538=FACE_BOUND('',#11856,.T.);
#12539=FACE_BOUND('',#11857,.T.);
#12540=FACE_BOUND('',#11858,.T.);
#12541=FACE_BOUND('',#11859,.T.);
#12542=FACE_BOUND('',#11860,.T.);
#12543=FACE_BOUND('',#11861,.T.);
#12544=FACE_BOUND('',#11862,.T.);
#12545=FACE_BOUND('',#11863,.T.);
#12546=FACE_BOUND('',#11864,.T.);
#12547=FACE_BOUND('',#11865,.T.);
#12548=FACE_BOUND('',#11866,.T.);
#12549=FACE_BOUND('',#11867,.T.);
#12550=FACE_BOUND('',#11868,.T.);
#12551=FACE_BOUND('',#11869,.T.);
#12552=FACE_BOUND('',#11870,.T.);
#12553=FACE_BOUND('',#11871,.T.);
#12554=FACE_BOUND('',#11872,.T.);
#12555=FACE_BOUND('',#11873,.T.);
#12556=FACE_BOUND('',#11874,.T.);
#12557=FACE_BOUND('',#11875,.T.);
#12558=FACE_BOUND('',#11876,.T.);
#12559=FACE_BOUND('',#11877,.T.);
#12560=FACE_BOUND('',#11878,.T.);
#12561=FACE_BOUND('',#11879,.T.);
#12562=FACE_BOUND('',#11880,.T.);
#12563=FACE_BOUND('',#11881,.T.);
#12564=FACE_BOUND('',#11882,.T.);
#12565=FACE_BOUND('',#11883,.T.);
#12566=FACE_BOUND('',#11884,.T.);
#12567=FACE_BOUND('',#11885,.T.);
#12568=FACE_BOUND('',#11886,.T.);
#12569=FACE_BOUND('',#11887,.T.);
#12570=FACE_BOUND('',#11888,.T.);
#12571=FACE_BOUND('',#11889,.T.);
#12572=FACE_BOUND('',#11890,.T.);
#12573=FACE_BOUND('',#11891,.T.);
#12574=FACE_BOUND('',#11892,.T.);
#12575=FACE_BOUND('',#11893,.T.);
#12576=FACE_BOUND('',#11894,.T.);
#12577=FACE_BOUND('',#11895,.T.);
#12578=FACE_BOUND('',#11896,.T.);
#12579=FACE_BOUND('',#11897,.T.);
#12580=FACE_BOUND('',#11898,.T.);
#12581=FACE_BOUND('',#11899,.T.);
#12582=FACE_BOUND('',#11900,.T.);
#12583=FACE_BOUND('',#11901,.T.);
#12584=FACE_BOUND('',#11902,.T.);
#12585=FACE_BOUND('',#11903,.T.);
#12586=FACE_BOUND('',#11904,.T.);
#12587=FACE_BOUND('',#11905,.T.);
#12588=FACE_BOUND('',#11906,.T.);
#12589=FACE_BOUND('',#11907,.T.);
#12590=FACE_BOUND('',#11908,.T.);
#12591=FACE_BOUND('',#11909,.T.);
#12592=FACE_BOUND('',#11910,.T.);
#12593=FACE_BOUND('',#11911,.T.);
#12594=FACE_BOUND('',#11912,.T.);
#12595=FACE_BOUND('',#11913,.T.);
#12596=FACE_BOUND('',#11914,.T.);
#12597=FACE_BOUND('',#11915,.T.);
#12598=FACE_BOUND('',#11916,.T.);
#12599=FACE_BOUND('',#11917,.T.);
#12600=FACE_BOUND('',#11918,.T.);
#12601=FACE_BOUND('',#11919,.T.);
#12602=FACE_BOUND('',#11920,.T.);
#12603=FACE_BOUND('',#11921,.T.);
#12604=FACE_BOUND('',#11922,.T.);
#12605=FACE_BOUND('',#11923,.T.);
#12606=FACE_BOUND('',#11924,.T.);
#12607=FACE_BOUND('',#11925,.T.);
#12608=FACE_BOUND('',#11926,.T.);
#12609=FACE_BOUND('',#11927,.T.);
#12610=FACE_BOUND('',#11928,.T.);
#12611=FACE_BOUND('',#11929,.T.);
#12612=FACE_BOUND('',#11930,.T.);
#12613=FACE_BOUND('',#11931,.T.);
#12614=FACE_BOUND('',#11932,.T.);
#12615=FACE_BOUND('',#11933,.T.);
#12616=FACE_BOUND('',#11934,.T.);
#12617=FACE_BOUND('',#11935,.T.);
#12618=FACE_BOUND('',#11936,.T.);
#12619=FACE_BOUND('',#11937,.T.);
#12620=FACE_BOUND('',#11938,.T.);
#12621=FACE_BOUND('',#11939,.T.);
#12622=FACE_BOUND('',#11940,.T.);
#12623=FACE_BOUND('',#11941,.T.);
#12624=FACE_BOUND('',#11942,.T.);
#12625=FACE_BOUND('',#11943,.T.);
#12626=FACE_BOUND('',#11944,.T.);
#12627=FACE_BOUND('',#11945,.T.);
#12628=FACE_BOUND('',#11946,.T.);
#12629=FACE_BOUND('',#11947,.T.);
#12630=FACE_BOUND('',#11948,.T.);
#12631=FACE_BOUND('',#11949,.T.);
#12632=FACE_BOUND('',#11950,.T.);
#12633=FACE_BOUND('',#11951,.T.);
#12634=FACE_BOUND('',#11952,.T.);
#12635=FACE_BOUND('',#11953,.T.);
#12636=FACE_BOUND('',#11954,.T.);
#12637=FACE_BOUND('',#11955,.T.);
#12638=FACE_BOUND('',#11956,.T.);
#12639=FACE_BOUND('',#11957,.T.);
#12640=FACE_BOUND('',#11958,.T.);
#12641=FACE_BOUND('',#11959,.T.);
#12642=FACE_BOUND('',#11960,.T.);
#12643=FACE_BOUND('',#11961,.T.);
#12644=FACE_BOUND('',#11962,.T.);
#12645=FACE_BOUND('',#11963,.T.);
#12646=FACE_BOUND('',#11964,.T.);
#12647=FACE_BOUND('',#11965,.T.);
#12648=FACE_BOUND('',#11966,.T.);
#12649=FACE_BOUND('',#11967,.T.);
#12650=FACE_BOUND('',#11968,.T.);
#12651=FACE_BOUND('',#11969,.T.);
#12652=FACE_BOUND('',#11970,.T.);
#12653=FACE_BOUND('',#11971,.T.);
#12654=FACE_BOUND('',#11972,.T.);
#12655=FACE_BOUND('',#11973,.T.);
#12656=FACE_BOUND('',#11974,.T.);
#12657=FACE_BOUND('',#11975,.T.);
#12658=FACE_BOUND('',#11976,.T.);
#12659=FACE_BOUND('',#11977,.T.);
#12660=FACE_BOUND('',#11978,.T.);
#12661=FACE_BOUND('',#11979,.T.);
#12662=FACE_BOUND('',#11980,.T.);
#12663=FACE_BOUND('',#11981,.T.);
#12664=FACE_BOUND('',#11982,.T.);
#12665=FACE_BOUND('',#11983,.T.);
#12666=FACE_BOUND('',#11984,.T.);
#12667=FACE_BOUND('',#11985,.T.);
#12668=FACE_BOUND('',#11986,.T.);
#12669=FACE_BOUND('',#11987,.T.);
#12670=FACE_BOUND('',#11988,.T.);
#12671=FACE_BOUND('',#11989,.T.);
#12672=FACE_BOUND('',#11990,.T.);
#12673=FACE_BOUND('',#11991,.T.);
#12674=FACE_BOUND('',#11992,.T.);
#12675=FACE_BOUND('',#11993,.T.);
#12676=FACE_BOUND('',#11994,.T.);
#12677=FACE_BOUND('',#11995,.T.);
#12678=FACE_BOUND('',#11996,.T.);
#12679=FACE_BOUND('',#11997,.T.);
#12680=FACE_BOUND('',#11998,.T.);
#12681=FACE_BOUND('',#11999,.T.);
#12682=FACE_BOUND('',#12000,.T.);
#12683=FACE_BOUND('',#12001,.T.);
#12684=FACE_BOUND('',#12002,.T.);
#12685=FACE_BOUND('',#12003,.T.);
#12686=FACE_BOUND('',#12004,.T.);
#12687=FACE_BOUND('',#12005,.T.);
#12688=FACE_BOUND('',#12006,.T.);
#12689=FACE_BOUND('',#12007,.T.);
#12690=FACE_BOUND('',#12008,.T.);
#12691=FACE_BOUND('',#12009,.T.);
#12692=FACE_BOUND('',#12010,.T.);
#12693=FACE_BOUND('',#12011,.T.);
#12694=FACE_BOUND('',#12012,.T.);
#12695=FACE_BOUND('',#12013,.T.);
#12696=FACE_BOUND('',#12014,.T.);
#12697=FACE_BOUND('',#12015,.T.);
#12698=FACE_BOUND('',#12016,.T.);
#12699=FACE_BOUND('',#12017,.T.);
#12700=FACE_BOUND('',#12018,.T.);
#12701=FACE_BOUND('',#12019,.T.);
#12702=FACE_BOUND('',#12020,.T.);
#12703=FACE_BOUND('',#12021,.T.);
#12704=FACE_BOUND('',#12022,.T.);
#12705=FACE_BOUND('',#12023,.T.);
#12706=FACE_BOUND('',#12024,.T.);
#12707=FACE_BOUND('',#12025,.T.);
#12708=FACE_BOUND('',#12026,.T.);
#12709=FACE_BOUND('',#12027,.T.);
#12710=FACE_BOUND('',#12028,.T.);
#12711=FACE_BOUND('',#12029,.T.);
#12712=FACE_BOUND('',#12030,.T.);
#12713=FACE_BOUND('',#12031,.T.);
#12714=FACE_BOUND('',#12032,.T.);
#12715=FACE_BOUND('',#12033,.T.);
#12716=FACE_BOUND('',#12034,.T.);
#12717=FACE_BOUND('',#12035,.T.);
#12718=FACE_BOUND('',#12036,.T.);
#12719=FACE_BOUND('',#12037,.T.);
#12720=FACE_BOUND('',#12038,.T.);
#12721=FACE_BOUND('',#12039,.T.);
#12722=FACE_BOUND('',#12040,.T.);
#12723=FACE_BOUND('',#12041,.T.);
#12724=FACE_BOUND('',#12042,.T.);
#12725=FACE_BOUND('',#12043,.T.);
#12726=FACE_BOUND('',#12044,.T.);
#12727=FACE_BOUND('',#12045,.T.);
#12728=FACE_BOUND('',#12046,.T.);
#12729=FACE_BOUND('',#12047,.T.);
#12730=FACE_BOUND('',#12048,.T.);
#12731=FACE_BOUND('',#12049,.T.);
#12732=FACE_BOUND('',#12050,.T.);
#12733=FACE_BOUND('',#12051,.T.);
#12734=FACE_BOUND('',#12052,.T.);
#12735=FACE_BOUND('',#12053,.T.);
#12736=FACE_BOUND('',#12054,.T.);
#12737=FACE_BOUND('',#12055,.T.);
#12738=FACE_BOUND('',#12056,.T.);
#12739=FACE_BOUND('',#12057,.T.);
#12740=FACE_BOUND('',#12058,.T.);
#12741=FACE_BOUND('',#12059,.T.);
#12742=FACE_BOUND('',#12060,.T.);
#12743=FACE_BOUND('',#12061,.T.);
#12744=FACE_BOUND('',#12062,.T.);
#12745=FACE_BOUND('',#12063,.T.);
#12746=FACE_BOUND('',#12064,.T.);
#12747=FACE_BOUND('',#12065,.T.);
#12748=FACE_BOUND('',#12066,.T.);
#12749=FACE_BOUND('',#12067,.T.);
#12750=FACE_BOUND('',#12068,.T.);
#12751=FACE_BOUND('',#12069,.T.);
#12752=FACE_BOUND('',#12070,.T.);
#12753=FACE_BOUND('',#12071,.T.);
#12754=FACE_BOUND('',#12072,.T.);
#12755=FACE_BOUND('',#12073,.T.);
#12756=FACE_BOUND('',#12074,.T.);
#12757=FACE_BOUND('',#12075,.T.);
#12758=FACE_BOUND('',#12076,.T.);
#12759=FACE_BOUND('',#12077,.T.);
#12760=FACE_BOUND('',#12078,.T.);
#12761=FACE_BOUND('',#12079,.T.);
#12762=FACE_BOUND('',#12080,.T.);
#12763=FACE_BOUND('',#12081,.T.);
#12764=FACE_BOUND('',#12082,.T.);
#12765=FACE_BOUND('',#12083,.T.);
#12766=FACE_BOUND('',#12084,.T.);
#12767=FACE_BOUND('',#12085,.T.);
#12768=FACE_BOUND('',#12086,.T.);
#12769=FACE_BOUND('',#12087,.T.);
#12770=FACE_BOUND('',#12088,.T.);
#12771=FACE_BOUND('',#12089,.T.);
#12772=FACE_BOUND('',#12090,.T.);
#12773=FACE_BOUND('',#12091,.T.);
#12774=FACE_BOUND('',#12092,.T.);
#12775=FACE_BOUND('',#12093,.T.);
#12776=FACE_BOUND('',#12094,.T.);
#12777=FACE_BOUND('',#12095,.T.);
#12778=FACE_BOUND('',#12096,.T.);
#12779=FACE_BOUND('',#12097,.T.);
#12780=FACE_BOUND('',#12098,.T.);
#12781=FACE_BOUND('',#12099,.T.);
#12782=FACE_BOUND('',#12100,.T.);
#12783=FACE_BOUND('',#12101,.T.);
#12784=FACE_BOUND('',#12102,.T.);
#12785=FACE_BOUND('',#12103,.T.);
#12786=FACE_BOUND('',#12104,.T.);
#12787=FACE_BOUND('',#12105,.T.);
#12788=FACE_BOUND('',#12106,.T.);
#12789=FACE_BOUND('',#12107,.T.);
#12790=FACE_BOUND('',#12108,.T.);
#12791=FACE_BOUND('',#12109,.T.);
#12792=FACE_BOUND('',#12110,.T.);
#12793=FACE_BOUND('',#12111,.T.);
#12794=FACE_BOUND('',#12112,.T.);
#12795=FACE_BOUND('',#12113,.T.);
#12796=FACE_BOUND('',#12114,.T.);
#12797=FACE_BOUND('',#12115,.T.);
#12798=FACE_BOUND('',#12116,.T.);
#12799=FACE_BOUND('',#12117,.T.);
#12800=FACE_BOUND('',#12118,.T.);
#12801=FACE_BOUND('',#12119,.T.);
#12802=FACE_BOUND('',#12120,.T.);
#12803=FACE_BOUND('',#12121,.T.);
#12804=FACE_BOUND('',#12122,.T.);
#12805=FACE_BOUND('',#12123,.T.);
#12806=FACE_BOUND('',#12124,.T.);
#12807=FACE_BOUND('',#12125,.T.);
#12808=FACE_BOUND('',#12126,.T.);
#12809=FACE_BOUND('',#12127,.T.);
#12810=FACE_BOUND('',#12128,.T.);
#12811=FACE_BOUND('',#12129,.T.);
#12812=FACE_BOUND('',#12130,.T.);
#12813=FACE_BOUND('',#12131,.T.);
#12814=FACE_BOUND('',#12132,.T.);
#12815=FACE_BOUND('',#12133,.T.);
#12816=FACE_BOUND('',#12134,.T.);
#12817=FACE_BOUND('',#12135,.T.);
#12818=FACE_BOUND('',#12136,.T.);
#12819=FACE_BOUND('',#12137,.T.);
#12820=FACE_BOUND('',#12138,.T.);
#12821=FACE_BOUND('',#12139,.T.);
#12822=FACE_BOUND('',#12140,.T.);
#12823=FACE_BOUND('',#12141,.T.);
#12824=FACE_BOUND('',#12142,.T.);
#12825=FACE_BOUND('',#12143,.T.);
#12826=FACE_BOUND('',#12144,.T.);
#12827=FACE_BOUND('',#12145,.T.);
#12828=FACE_BOUND('',#12146,.T.);
#12829=FACE_BOUND('',#12147,.T.);
#12830=FACE_BOUND('',#12148,.T.);
#12831=FACE_BOUND('',#12149,.T.);
#12832=FACE_BOUND('',#12150,.T.);
#12833=FACE_BOUND('',#12151,.T.);
#12834=FACE_BOUND('',#12152,.T.);
#12835=FACE_BOUND('',#12153,.T.);
#12836=FACE_BOUND('',#12154,.T.);
#12837=FACE_BOUND('',#12155,.T.);
#12838=FACE_BOUND('',#12156,.T.);
#12839=FACE_BOUND('',#12157,.T.);
#12840=FACE_BOUND('',#12158,.T.);
#12841=FACE_BOUND('',#12159,.T.);
#12842=FACE_BOUND('',#12160,.T.);
#12843=FACE_BOUND('',#12161,.T.);
#12844=FACE_BOUND('',#12162,.T.);
#12845=FACE_BOUND('',#12163,.T.);
#12846=FACE_BOUND('',#12164,.T.);
#12847=FACE_BOUND('',#12165,.T.);
#12848=FACE_BOUND('',#12166,.T.);
#12849=FACE_BOUND('',#12167,.T.);
#12850=FACE_BOUND('',#12168,.T.);
#12851=FACE_BOUND('',#12169,.T.);
#12852=FACE_BOUND('',#12170,.T.);
#12853=FACE_BOUND('',#12171,.T.);
#12854=FACE_BOUND('',#12172,.T.);
#12855=FACE_BOUND('',#12173,.T.);
#12856=FACE_BOUND('',#12174,.T.);
#12857=FACE_BOUND('',#12175,.T.);
#12858=FACE_BOUND('',#12176,.T.);
#12859=FACE_BOUND('',#12177,.T.);
#12860=FACE_BOUND('',#12178,.T.);
#12861=PLANE('',#14143);
#12862=PLANE('',#14144);
#12863=PLANE('',#14145);
#12864=PLANE('',#14149);
#12865=PLANE('',#14150);
#12866=PLANE('',#14151);
#12867=PLANE('',#14152);
#12868=PLANE('',#14153);
#12869=PLANE('',#14154);
#12870=PLANE('',#14155);
#12871=PLANE('',#14156);
#12872=PLANE('',#14157);
#12873=PLANE('',#14158);
#12874=PLANE('',#14159);
#12875=PLANE('',#14160);
#12876=PLANE('',#14161);
#12877=PLANE('',#14162);
#12878=PLANE('',#14163);
#12879=PLANE('',#14164);
#12880=PLANE('',#14165);
#12881=PLANE('',#14166);
#12882=PLANE('',#14167);
#12883=PLANE('',#14168);
#12884=PLANE('',#14169);
#12885=PLANE('',#14170);
#12886=PLANE('',#14171);
#12887=PLANE('',#14172);
#12888=PLANE('',#14173);
#12889=PLANE('',#14174);
#12890=PLANE('',#14175);
#12891=PLANE('',#14176);
#12892=PLANE('',#14177);
#12893=PLANE('',#14178);
#12894=PLANE('',#14179);
#12895=PLANE('',#14180);
#12896=PLANE('',#14181);
#12897=PLANE('',#14182);
#12898=PLANE('',#14183);
#12899=PLANE('',#14184);
#12900=PLANE('',#14185);
#12901=PLANE('',#14186);
#12902=PLANE('',#14187);
#12903=PLANE('',#14188);
#12904=PLANE('',#14189);
#12905=PLANE('',#14190);
#12906=PLANE('',#14191);
#12907=PLANE('',#14192);
#12908=PLANE('',#14193);
#12909=PLANE('',#14194);
#12910=PLANE('',#14195);
#12911=PLANE('',#14196);
#12912=PLANE('',#14197);
#12913=PLANE('',#14198);
#12914=PLANE('',#14199);
#12915=PLANE('',#14200);
#12916=PLANE('',#14201);
#12917=PLANE('',#14202);
#12918=PLANE('',#14203);
#12919=PLANE('',#14204);
#12920=PLANE('',#14205);
#12921=PLANE('',#14206);
#12922=PLANE('',#14207);
#12923=PLANE('',#14208);
#12924=PLANE('',#14209);
#12925=PLANE('',#14210);
#12926=PLANE('',#14211);
#12927=PLANE('',#14212);
#12928=PLANE('',#14213);
#12929=PLANE('',#14214);
#12930=PLANE('',#14215);
#12931=PLANE('',#14216);
#12932=PLANE('',#14217);
#12933=PLANE('',#14218);
#12934=PLANE('',#14219);
#12935=PLANE('',#14220);
#12936=PLANE('',#14221);
#12937=PLANE('',#14222);
#12938=PLANE('',#14223);
#12939=PLANE('',#14224);
#12940=PLANE('',#14225);
#12941=PLANE('',#14226);
#12942=PLANE('',#14227);
#12943=PLANE('',#14228);
#12944=PLANE('',#14229);
#12945=PLANE('',#14230);
#12946=PLANE('',#14231);
#12947=PLANE('',#14232);
#12948=PLANE('',#14233);
#12949=PLANE('',#14234);
#12950=PLANE('',#14235);
#12951=PLANE('',#14236);
#12952=PLANE('',#14237);
#12953=PLANE('',#14238);
#12954=PLANE('',#14239);
#12955=PLANE('',#14240);
#12956=PLANE('',#14241);
#12957=PLANE('',#14242);
#12958=PLANE('',#14243);
#12959=PLANE('',#14244);
#12960=PLANE('',#14245);
#12961=PLANE('',#14246);
#12962=PLANE('',#14247);
#12963=PLANE('',#14248);
#12964=PLANE('',#14249);
#12965=PLANE('',#14250);
#12966=PLANE('',#14251);
#12967=PLANE('',#14252);
#12968=PLANE('',#14253);
#12969=PLANE('',#14254);
#12970=PLANE('',#14255);
#12971=PLANE('',#14256);
#12972=PLANE('',#14257);
#12973=PLANE('',#14258);
#12974=PLANE('',#14259);
#12975=PLANE('',#14260);
#12976=PLANE('',#14261);
#12977=PLANE('',#14262);
#12978=PLANE('',#14263);
#12979=PLANE('',#14264);
#12980=PLANE('',#14265);
#12981=PLANE('',#14266);
#12982=PLANE('',#14267);
#12983=PLANE('',#14268);
#12984=PLANE('',#14269);
#12985=PLANE('',#14270);
#12986=PLANE('',#14271);
#12987=PLANE('',#14272);
#12988=PLANE('',#14273);
#12989=PLANE('',#14274);
#12990=PLANE('',#14275);
#12991=PLANE('',#14276);
#12992=PLANE('',#14277);
#12993=PLANE('',#14278);
#12994=PLANE('',#14279);
#12995=PLANE('',#14280);
#12996=PLANE('',#14281);
#12997=PLANE('',#14282);
#12998=PLANE('',#14283);
#12999=PLANE('',#14284);
#13000=PLANE('',#14285);
#13001=PLANE('',#14286);
#13002=PLANE('',#14287);
#13003=PLANE('',#14288);
#13004=PLANE('',#14289);
#13005=PLANE('',#14290);
#13006=PLANE('',#14291);
#13007=PLANE('',#14292);
#13008=PLANE('',#14293);
#13009=PLANE('',#14294);
#13010=PLANE('',#14295);
#13011=PLANE('',#14296);
#13012=PLANE('',#14297);
#13013=PLANE('',#14298);
#13014=PLANE('',#14299);
#13015=PLANE('',#14300);
#13016=PLANE('',#14301);
#13017=PLANE('',#14302);
#13018=PLANE('',#14303);
#13019=PLANE('',#14304);
#13020=PLANE('',#14305);
#13021=PLANE('',#14306);
#13022=PLANE('',#14307);
#13023=PLANE('',#14308);
#13024=PLANE('',#14309);
#13025=PLANE('',#14310);
#13026=PLANE('',#14311);
#13027=PLANE('',#14312);
#13028=PLANE('',#14313);
#13029=PLANE('',#14314);
#13030=PLANE('',#14315);
#13031=PLANE('',#14316);
#13032=PLANE('',#14317);
#13033=PLANE('',#14318);
#13034=PLANE('',#14319);
#13035=PLANE('',#14320);
#13036=PLANE('',#14321);
#13037=PLANE('',#14322);
#13038=PLANE('',#14323);
#13039=PLANE('',#14324);
#13040=PLANE('',#14325);
#13041=PLANE('',#14326);
#13042=PLANE('',#14327);
#13043=PLANE('',#14328);
#13044=PLANE('',#14329);
#13045=PLANE('',#14330);
#13046=PLANE('',#14331);
#13047=PLANE('',#14332);
#13048=PLANE('',#14333);
#13049=PLANE('',#14334);
#13050=PLANE('',#14335);
#13051=PLANE('',#14336);
#13052=PLANE('',#14337);
#13053=PLANE('',#14338);
#13054=PLANE('',#14339);
#13055=PLANE('',#14340);
#13056=PLANE('',#14341);
#13057=PLANE('',#14342);
#13058=PLANE('',#14343);
#13059=PLANE('',#14344);
#13060=PLANE('',#14345);
#13061=PLANE('',#14346);
#13062=PLANE('',#14347);
#13063=PLANE('',#14348);
#13064=PLANE('',#14349);
#13065=PLANE('',#14350);
#13066=PLANE('',#14351);
#13067=PLANE('',#14352);
#13068=PLANE('',#14353);
#13069=PLANE('',#14354);
#13070=PLANE('',#14355);
#13071=PLANE('',#14356);
#13072=PLANE('',#14357);
#13073=PLANE('',#14358);
#13074=PLANE('',#14359);
#13075=PLANE('',#14360);
#13076=PLANE('',#14361);
#13077=PLANE('',#14362);
#13078=PLANE('',#14363);
#13079=PLANE('',#14364);
#13080=PLANE('',#14365);
#13081=PLANE('',#14366);
#13082=PLANE('',#14367);
#13083=PLANE('',#14368);
#13084=PLANE('',#14369);
#13085=PLANE('',#14370);
#13086=PLANE('',#14371);
#13087=PLANE('',#14372);
#13088=PLANE('',#14373);
#13089=PLANE('',#14374);
#13090=PLANE('',#14375);
#13091=PLANE('',#14376);
#13092=PLANE('',#14377);
#13093=PLANE('',#14378);
#13094=PLANE('',#14379);
#13095=PLANE('',#14380);
#13096=PLANE('',#14381);
#13097=PLANE('',#14382);
#13098=PLANE('',#14383);
#13099=PLANE('',#14384);
#13100=PLANE('',#14385);
#13101=PLANE('',#14386);
#13102=PLANE('',#14387);
#13103=PLANE('',#14388);
#13104=PLANE('',#14389);
#13105=PLANE('',#14390);
#13106=PLANE('',#14391);
#13107=PLANE('',#14392);
#13108=PLANE('',#14393);
#13109=PLANE('',#14394);
#13110=PLANE('',#14395);
#13111=PLANE('',#14396);
#13112=PLANE('',#14397);
#13113=PLANE('',#14398);
#13114=PLANE('',#14399);
#13115=PLANE('',#14400);
#13116=PLANE('',#14401);
#13117=PLANE('',#14402);
#13118=PLANE('',#14403);
#13119=PLANE('',#14404);
#13120=PLANE('',#14408);
#13121=PLANE('',#14409);
#13122=PLANE('',#14410);
#13123=PLANE('',#14411);
#13124=PLANE('',#14413);
#13125=PLANE('',#14414);
#13126=PLANE('',#14415);
#13127=PLANE('',#14416);
#13128=PLANE('',#14417);
#13129=PLANE('',#14418);
#13130=PLANE('',#14419);
#13131=PLANE('',#14420);
#13132=PLANE('',#14421);
#13133=PLANE('',#14422);
#13134=PLANE('',#14423);
#13135=PLANE('',#14424);
#13136=PLANE('',#14425);
#13137=PLANE('',#14431);
#13138=PLANE('',#14432);
#13139=PLANE('',#14433);
#13140=PLANE('',#14439);
#13141=PLANE('',#14443);
#13142=PLANE('',#14447);
#13143=PLANE('',#14448);
#13144=PLANE('',#14452);
#13145=PLANE('',#14456);
#13146=PLANE('',#14457);
#13147=PLANE('',#14461);
#13148=PLANE('',#14465);
#13149=PLANE('',#14466);
#13150=PLANE('',#14470);
#13151=PLANE('',#14474);
#13152=PLANE('',#14475);
#13153=PLANE('',#14479);
#13154=PLANE('',#14483);
#13155=PLANE('',#14484);
#13156=PLANE('',#14488);
#13157=PLANE('',#14492);
#13158=PLANE('',#14493);
#13159=PLANE('',#14496);
#13160=PLANE('',#14497);
#13161=PLANE('',#14500);
#13162=PLANE('',#14503);
#13163=PLANE('',#14504);
#13164=PLANE('',#14507);
#13165=PLANE('',#14510);
#13166=PLANE('',#14511);
#13167=PLANE('',#14514);
#13168=PLANE('',#14517);
#13169=PLANE('',#14518);
#13170=PLANE('',#14521);
#13171=PLANE('',#14524);
#13172=PLANE('',#14525);
#13173=PLANE('',#14528);
#13174=PLANE('',#14531);
#13175=PLANE('',#14532);
#13176=PLANE('',#14541);
#13177=PLANE('',#14542);
#13178=PLANE('',#14543);
#13179=PLANE('',#14544);
#13180=PLANE('',#14545);
#13181=PLANE('',#14546);
#13182=PLANE('',#14547);
#13183=PLANE('',#14548);
#13184=PLANE('',#14549);
#13185=PLANE('',#14550);
#13186=PLANE('',#14551);
#13187=PLANE('',#14552);
#13188=PLANE('',#14553);
#13189=PLANE('',#14554);
#13190=PLANE('',#14555);
#13191=PLANE('',#14556);
#13192=PLANE('',#14557);
#13193=PLANE('',#14558);
#13194=PLANE('',#14565);
#13195=PLANE('',#14566);
#13196=PLANE('',#14567);
#13197=PLANE('',#14568);
#13198=PLANE('',#14569);
#13199=PLANE('',#14570);
#13200=PLANE('',#14577);
#13201=PLANE('',#14578);
#13202=PLANE('',#14579);
#13203=PLANE('',#14580);
#13204=PLANE('',#14581);
#13205=PLANE('',#14582);
#13206=PLANE('',#14583);
#13207=PLANE('',#14584);
#13208=PLANE('',#14585);
#13209=PLANE('',#14586);
#13210=PLANE('',#14587);
#13211=PLANE('',#14588);
#13212=PLANE('',#14595);
#13213=PLANE('',#14596);
#13214=PLANE('',#14597);
#13215=PLANE('',#14598);
#13216=PLANE('',#14599);
#13217=PLANE('',#14600);
#13218=PLANE('',#14607);
#13219=PLANE('',#14608);
#13220=PLANE('',#14609);
#13221=PLANE('',#14610);
#13222=PLANE('',#14611);
#13223=PLANE('',#14612);
#13224=PLANE('',#14613);
#13225=PLANE('',#14614);
#13226=PLANE('',#14615);
#13227=PLANE('',#14616);
#13228=PLANE('',#14617);
#13229=PLANE('',#14618);
#13230=PLANE('',#14619);
#13231=PLANE('',#14620);
#13232=PLANE('',#14621);
#13233=PLANE('',#14622);
#13234=PLANE('',#14623);
#13235=PLANE('',#14624);
#13236=PLANE('',#14626);
#13237=PLANE('',#14627);
#13238=PLANE('',#14628);
#13239=PLANE('',#14630);
#13240=PLANE('',#14632);
#13241=PLANE('',#14633);
#13242=PLANE('',#14634);
#13243=PLANE('',#14636);
#13244=PLANE('',#14638);
#13245=PLANE('',#14639);
#13246=PLANE('',#14640);
#13247=PLANE('',#14641);
#13248=PLANE('',#14643);
#13249=PLANE('',#14644);
#13250=PLANE('',#14645);
#13251=PLANE('',#14646);
#13252=PLANE('',#14647);
#13253=PLANE('',#14648);
#13254=PLANE('',#14649);
#13255=PLANE('',#14650);
#13256=PLANE('',#14651);
#13257=PLANE('',#14652);
#13258=PLANE('',#14653);
#13259=PLANE('',#14654);
#13260=PLANE('',#14655);
#13261=PLANE('',#14665);
#13262=PLANE('',#14666);
#13263=PLANE('',#14667);
#13264=PLANE('',#14677);
#13265=PLANE('',#14682);
#13266=PLANE('',#14687);
#13267=PLANE('',#14688);
#13268=PLANE('',#14693);
#13269=PLANE('',#14698);
#13270=PLANE('',#14699);
#13271=PLANE('',#14704);
#13272=PLANE('',#14709);
#13273=PLANE('',#14710);
#13274=PLANE('',#14715);
#13275=PLANE('',#14720);
#13276=PLANE('',#14721);
#13277=PLANE('',#14726);
#13278=PLANE('',#14731);
#13279=PLANE('',#14732);
#13280=PLANE('',#14737);
#13281=PLANE('',#14742);
#13282=PLANE('',#14743);
#13283=PLANE('',#14749);
#13284=PLANE('',#14750);
#13285=PLANE('',#14756);
#13286=PLANE('',#14762);
#13287=PLANE('',#14763);
#13288=PLANE('',#14769);
#13289=PLANE('',#14775);
#13290=PLANE('',#14776);
#13291=PLANE('',#14782);
#13292=PLANE('',#14788);
#13293=PLANE('',#14789);
#13294=PLANE('',#14795);
#13295=PLANE('',#14801);
#13296=PLANE('',#14802);
#13297=PLANE('',#14808);
#13298=PLANE('',#14814);
#13299=PLANE('',#14815);
#13300=PLANE('',#14821);
#13301=PLANE('',#14822);
#13302=PLANE('',#14823);
#13303=PLANE('',#14824);
#13304=PLANE('',#14825);
#13305=PLANE('',#14826);
#13306=PLANE('',#14833);
#13307=PLANE('',#14834);
#13308=PLANE('',#14835);
#13309=PLANE('',#14836);
#13310=PLANE('',#14837);
#13311=PLANE('',#14838);
#13312=PLANE('',#14839);
#13313=PLANE('',#14840);
#13314=PLANE('',#14841);
#13315=PLANE('',#14842);
#13316=PLANE('',#14843);
#13317=PLANE('',#14844);
#13318=PLANE('',#14845);
#13319=PLANE('',#14846);
#13320=PLANE('',#14847);
#13321=PLANE('',#14848);
#13322=PLANE('',#14849);
#13323=PLANE('',#14850);
#13324=PLANE('',#14851);
#13325=PLANE('',#14852);
#13326=PLANE('',#14853);
#13327=PLANE('',#14854);
#13328=PLANE('',#14855);
#13329=PLANE('',#14856);
#13330=PLANE('',#14869);
#13331=PLANE('',#14870);
#13332=PLANE('',#14871);
#13333=PLANE('',#14872);
#13334=PLANE('',#14873);
#13335=PLANE('',#14874);
#13336=PLANE('',#14887);
#13337=PLANE('',#14888);
#13338=PLANE('',#14889);
#13339=PLANE('',#14890);
#13340=PLANE('',#14891);
#13341=PLANE('',#14892);
#13342=PLANE('',#14905);
#13343=PLANE('',#14906);
#13344=PLANE('',#14907);
#13345=PLANE('',#14908);
#13346=PLANE('',#14909);
#13347=PLANE('',#14910);
#13348=PLANE('',#14911);
#13349=PLANE('',#14912);
#13350=PLANE('',#14913);
#13351=PLANE('',#14914);
#13352=PLANE('',#14915);
#13353=PLANE('',#14916);
#13354=PLANE('',#14917);
#13355=PLANE('',#14918);
#13356=PLANE('',#14919);
#13357=PLANE('',#14920);
#13358=PLANE('',#14921);
#13359=PLANE('',#14922);
#13360=PLANE('',#14929);
#13361=PLANE('',#14930);
#13362=PLANE('',#14931);
#13363=PLANE('',#14932);
#13364=PLANE('',#14933);
#13365=PLANE('',#14934);
#13366=PLANE('',#14941);
#13367=PLANE('',#14942);
#13368=PLANE('',#14943);
#13369=PLANE('',#14944);
#13370=PLANE('',#14945);
#13371=PLANE('',#14946);
#13372=PLANE('',#14947);
#13373=PLANE('',#14948);
#13374=PLANE('',#14949);
#13375=PLANE('',#14950);
#13376=PLANE('',#14951);
#13377=PLANE('',#14952);
#13378=PLANE('',#14953);
#13379=PLANE('',#14954);
#13380=PLANE('',#14955);
#13381=PLANE('',#14956);
#13382=PLANE('',#14957);
#13383=PLANE('',#14958);
#13384=PLANE('',#14959);
#13385=PLANE('',#14961);
#13386=PLANE('',#14962);
#13387=PLANE('',#14963);
#13388=PLANE('',#14964);
#13389=PLANE('',#14967);
#13390=PLANE('',#14969);
#13391=PLANE('',#14971);
#13392=PLANE('',#14974);
#13393=PLANE('',#14975);
#13394=PLANE('',#14976);
#13395=PLANE('',#14978);
#13396=PLANE('',#14980);
#13397=PLANE('',#14981);
#13398=PLANE('',#14982);
#13399=PLANE('',#14983);
#13400=PLANE('',#14985);
#13401=PLANE('',#14986);
#13402=PLANE('',#14987);
#13403=PLANE('',#14988);
#13404=PLANE('',#14992);
#13405=PLANE('',#14996);
#13406=PLANE('',#15000);
#13407=PLANE('',#15001);
#13408=PLANE('',#15002);
#13409=PLANE('',#15006);
#13410=PLANE('',#15010);
#13411=PLANE('',#15014);
#13412=PLANE('',#15018);
#13413=PLANE('',#15019);
#13414=PLANE('',#15020);
#13415=PLANE('',#15021);
#13416=PLANE('',#15022);
#13417=PLANE('',#15023);
#13418=PLANE('',#15027);
#13419=PLANE('',#15031);
#13420=PLANE('',#15032);
#13421=PLANE('',#15033);
#13422=PLANE('',#15034);
#13423=ADVANCED_FACE('',(#12179),#12861,.F.);
#13424=ADVANCED_FACE('',(#12180),#12862,.F.);
#13425=ADVANCED_FACE('',(#12181),#12863,.F.);
#13426=ADVANCED_FACE('',(#12182),#264,.T.);
#13427=ADVANCED_FACE('',(#12183),#12864,.T.);
#13428=ADVANCED_FACE('',(#12184),#12865,.F.);
#13429=ADVANCED_FACE('',(#12185),#12866,.F.);
#13430=ADVANCED_FACE('',(#12186),#12867,.T.);
#13431=ADVANCED_FACE('',(#12187),#12868,.F.);
#13432=ADVANCED_FACE('',(#12188),#12869,.F.);
#13433=ADVANCED_FACE('',(#12189,#12190),#12870,.F.);
#13434=ADVANCED_FACE('',(#12191),#12871,.F.);
#13435=ADVANCED_FACE('',(#12192),#12872,.F.);
#13436=ADVANCED_FACE('',(#12193),#12873,.F.);
#13437=ADVANCED_FACE('',(#12194),#12874,.F.);
#13438=ADVANCED_FACE('',(#12195),#12875,.F.);
#13439=ADVANCED_FACE('',(#12196),#12876,.F.);
#13440=ADVANCED_FACE('',(#12197),#12877,.F.);
#13441=ADVANCED_FACE('',(#12198),#12878,.F.);
#13442=ADVANCED_FACE('',(#12199),#12879,.F.);
#13443=ADVANCED_FACE('',(#12200),#12880,.F.);
#13444=ADVANCED_FACE('',(#12201),#12881,.F.);
#13445=ADVANCED_FACE('',(#12202),#12882,.F.);
#13446=ADVANCED_FACE('',(#12203),#12883,.F.);
#13447=ADVANCED_FACE('',(#12204),#12884,.T.);
#13448=ADVANCED_FACE('',(#12205),#12885,.T.);
#13449=ADVANCED_FACE('',(#12206),#12886,.T.);
#13450=ADVANCED_FACE('',(#12207),#12887,.T.);
#13451=ADVANCED_FACE('',(#12208),#12888,.T.);
#13452=ADVANCED_FACE('',(#12209),#12889,.T.);
#13453=ADVANCED_FACE('',(#12210),#12890,.T.);
#13454=ADVANCED_FACE('',(#12211),#12891,.T.);
#13455=ADVANCED_FACE('',(#12212),#12892,.T.);
#13456=ADVANCED_FACE('',(#12213),#12893,.T.);
#13457=ADVANCED_FACE('',(#12214),#12894,.T.);
#13458=ADVANCED_FACE('',(#12215),#12895,.T.);
#13459=ADVANCED_FACE('',(#12216),#12896,.T.);
#13460=ADVANCED_FACE('',(#12217),#12897,.T.);
#13461=ADVANCED_FACE('',(#12218),#12898,.T.);
#13462=ADVANCED_FACE('',(#12219),#12899,.T.);
#13463=ADVANCED_FACE('',(#12220),#12900,.T.);
#13464=ADVANCED_FACE('',(#12221),#12901,.T.);
#13465=ADVANCED_FACE('',(#12222),#12902,.T.);
#13466=ADVANCED_FACE('',(#12223),#12903,.T.);
#13467=ADVANCED_FACE('',(#12224),#12904,.T.);
#13468=ADVANCED_FACE('',(#12225),#12905,.T.);
#13469=ADVANCED_FACE('',(#12226),#12906,.T.);
#13470=ADVANCED_FACE('',(#12227),#12907,.T.);
#13471=ADVANCED_FACE('',(#12228),#12908,.T.);
#13472=ADVANCED_FACE('',(#12229),#12909,.T.);
#13473=ADVANCED_FACE('',(#12230),#12910,.T.);
#13474=ADVANCED_FACE('',(#12231),#12911,.T.);
#13475=ADVANCED_FACE('',(#12232),#12912,.T.);
#13476=ADVANCED_FACE('',(#12233),#12913,.T.);
#13477=ADVANCED_FACE('',(#12234),#12914,.T.);
#13478=ADVANCED_FACE('',(#12235),#12915,.T.);
#13479=ADVANCED_FACE('',(#12236),#12916,.T.);
#13480=ADVANCED_FACE('',(#12237),#12917,.T.);
#13481=ADVANCED_FACE('',(#12238),#12918,.T.);
#13482=ADVANCED_FACE('',(#12239),#12919,.T.);
#13483=ADVANCED_FACE('',(#12240,#12241,#12242),#12920,.T.);
#13484=ADVANCED_FACE('',(#12243),#12921,.T.);
#13485=ADVANCED_FACE('',(#12244),#12922,.T.);
#13486=ADVANCED_FACE('',(#12245),#12923,.T.);
#13487=ADVANCED_FACE('',(#12246),#12924,.T.);
#13488=ADVANCED_FACE('',(#12247),#12925,.T.);
#13489=ADVANCED_FACE('',(#12248),#12926,.T.);
#13490=ADVANCED_FACE('',(#12249),#12927,.T.);
#13491=ADVANCED_FACE('',(#12250),#12928,.T.);
#13492=ADVANCED_FACE('',(#12251),#12929,.T.);
#13493=ADVANCED_FACE('',(#12252),#12930,.T.);
#13494=ADVANCED_FACE('',(#12253),#12931,.T.);
#13495=ADVANCED_FACE('',(#12254),#12932,.T.);
#13496=ADVANCED_FACE('',(#12255),#12933,.T.);
#13497=ADVANCED_FACE('',(#12256),#12934,.T.);
#13498=ADVANCED_FACE('',(#12257),#12935,.T.);
#13499=ADVANCED_FACE('',(#12258),#12936,.T.);
#13500=ADVANCED_FACE('',(#12259),#12937,.T.);
#13501=ADVANCED_FACE('',(#12260),#12938,.T.);
#13502=ADVANCED_FACE('',(#12261),#12939,.T.);
#13503=ADVANCED_FACE('',(#12262),#12940,.T.);
#13504=ADVANCED_FACE('',(#12263),#12941,.T.);
#13505=ADVANCED_FACE('',(#12264),#12942,.T.);
#13506=ADVANCED_FACE('',(#12265),#12943,.T.);
#13507=ADVANCED_FACE('',(#12266),#12944,.T.);
#13508=ADVANCED_FACE('',(#12267),#12945,.T.);
#13509=ADVANCED_FACE('',(#12268),#12946,.T.);
#13510=ADVANCED_FACE('',(#12269),#12947,.T.);
#13511=ADVANCED_FACE('',(#12270),#12948,.T.);
#13512=ADVANCED_FACE('',(#12271),#12949,.T.);
#13513=ADVANCED_FACE('',(#12272),#12950,.T.);
#13514=ADVANCED_FACE('',(#12273),#12951,.T.);
#13515=ADVANCED_FACE('',(#12274),#12952,.T.);
#13516=ADVANCED_FACE('',(#12275),#12953,.T.);
#13517=ADVANCED_FACE('',(#12276),#12954,.T.);
#13518=ADVANCED_FACE('',(#12277),#12955,.T.);
#13519=ADVANCED_FACE('',(#12278),#12956,.T.);
#13520=ADVANCED_FACE('',(#12279),#12957,.T.);
#13521=ADVANCED_FACE('',(#12280),#12958,.F.);
#13522=ADVANCED_FACE('',(#12281),#12959,.T.);
#13523=ADVANCED_FACE('',(#12282),#12960,.T.);
#13524=ADVANCED_FACE('',(#12283),#12961,.T.);
#13525=ADVANCED_FACE('',(#12284),#12962,.T.);
#13526=ADVANCED_FACE('',(#12285),#12963,.T.);
#13527=ADVANCED_FACE('',(#12286),#12964,.T.);
#13528=ADVANCED_FACE('',(#12287),#12965,.F.);
#13529=ADVANCED_FACE('',(#12288,#12289),#12966,.T.);
#13530=ADVANCED_FACE('',(#12290),#12967,.F.);
#13531=ADVANCED_FACE('',(#12291),#12968,.T.);
#13532=ADVANCED_FACE('',(#12292),#12969,.T.);
#13533=ADVANCED_FACE('',(#12293),#12970,.F.);
#13534=ADVANCED_FACE('',(#12294),#12971,.F.);
#13535=ADVANCED_FACE('',(#12295),#12972,.F.);
#13536=ADVANCED_FACE('',(#12296),#12973,.F.);
#13537=ADVANCED_FACE('',(#12297,#12298,#12299,#12300,#12301,#12302,#12303,
#12304),#12974,.T.);
#13538=ADVANCED_FACE('',(#12305),#12975,.T.);
#13539=ADVANCED_FACE('',(#12306),#12976,.F.);
#13540=ADVANCED_FACE('',(#12307),#12977,.F.);
#13541=ADVANCED_FACE('',(#12308),#12978,.F.);
#13542=ADVANCED_FACE('',(#12309),#12979,.F.);
#13543=ADVANCED_FACE('',(#12310),#12980,.F.);
#13544=ADVANCED_FACE('',(#12311),#12981,.T.);
#13545=ADVANCED_FACE('',(#12312),#12982,.F.);
#13546=ADVANCED_FACE('',(#12313),#12983,.F.);
#13547=ADVANCED_FACE('',(#12314),#12984,.F.);
#13548=ADVANCED_FACE('',(#12315),#12985,.F.);
#13549=ADVANCED_FACE('',(#12316),#12986,.T.);
#13550=ADVANCED_FACE('',(#12317),#12987,.T.);
#13551=ADVANCED_FACE('',(#12318),#12988,.T.);
#13552=ADVANCED_FACE('',(#12319),#12989,.T.);
#13553=ADVANCED_FACE('',(#12320),#12990,.T.);
#13554=ADVANCED_FACE('',(#12321),#12991,.T.);
#13555=ADVANCED_FACE('',(#12322),#12992,.T.);
#13556=ADVANCED_FACE('',(#12323),#12993,.F.);
#13557=ADVANCED_FACE('',(#12324),#12994,.F.);
#13558=ADVANCED_FACE('',(#12325),#12995,.F.);
#13559=ADVANCED_FACE('',(#12326),#12996,.F.);
#13560=ADVANCED_FACE('',(#12327),#12997,.F.);
#13561=ADVANCED_FACE('',(#12328),#12998,.T.);
#13562=ADVANCED_FACE('',(#12329),#12999,.F.);
#13563=ADVANCED_FACE('',(#12330),#13000,.T.);
#13564=ADVANCED_FACE('',(#12331),#13001,.T.);
#13565=ADVANCED_FACE('',(#12332),#13002,.T.);
#13566=ADVANCED_FACE('',(#12333),#13003,.T.);
#13567=ADVANCED_FACE('',(#12334),#13004,.T.);
#13568=ADVANCED_FACE('',(#12335),#13005,.T.);
#13569=ADVANCED_FACE('',(#12336),#13006,.T.);
#13570=ADVANCED_FACE('',(#12337),#13007,.T.);
#13571=ADVANCED_FACE('',(#12338),#13008,.T.);
#13572=ADVANCED_FACE('',(#12339),#13009,.T.);
#13573=ADVANCED_FACE('',(#12340),#13010,.T.);
#13574=ADVANCED_FACE('',(#12341),#13011,.T.);
#13575=ADVANCED_FACE('',(#12342),#13012,.T.);
#13576=ADVANCED_FACE('',(#12343),#13013,.T.);
#13577=ADVANCED_FACE('',(#12344),#13014,.T.);
#13578=ADVANCED_FACE('',(#12345),#13015,.T.);
#13579=ADVANCED_FACE('',(#12346),#13016,.T.);
#13580=ADVANCED_FACE('',(#12347),#13017,.T.);
#13581=ADVANCED_FACE('',(#12348),#13018,.T.);
#13582=ADVANCED_FACE('',(#12349),#13019,.T.);
#13583=ADVANCED_FACE('',(#12350),#13020,.T.);
#13584=ADVANCED_FACE('',(#12351),#13021,.T.);
#13585=ADVANCED_FACE('',(#12352),#13022,.T.);
#13586=ADVANCED_FACE('',(#12353),#13023,.T.);
#13587=ADVANCED_FACE('',(#12354),#13024,.T.);
#13588=ADVANCED_FACE('',(#12355),#13025,.T.);
#13589=ADVANCED_FACE('',(#12356),#13026,.T.);
#13590=ADVANCED_FACE('',(#12357),#13027,.T.);
#13591=ADVANCED_FACE('',(#12358),#13028,.T.);
#13592=ADVANCED_FACE('',(#12359),#13029,.T.);
#13593=ADVANCED_FACE('',(#12360),#13030,.T.);
#13594=ADVANCED_FACE('',(#12361),#13031,.T.);
#13595=ADVANCED_FACE('',(#12362),#13032,.T.);
#13596=ADVANCED_FACE('',(#12363),#13033,.T.);
#13597=ADVANCED_FACE('',(#12364),#13034,.F.);
#13598=ADVANCED_FACE('',(#12365),#13035,.T.);
#13599=ADVANCED_FACE('',(#12366),#13036,.T.);
#13600=ADVANCED_FACE('',(#12367),#13037,.T.);
#13601=ADVANCED_FACE('',(#12368),#13038,.F.);
#13602=ADVANCED_FACE('',(#12369),#13039,.T.);
#13603=ADVANCED_FACE('',(#12370),#13040,.T.);
#13604=ADVANCED_FACE('',(#12371),#13041,.T.);
#13605=ADVANCED_FACE('',(#12372),#13042,.F.);
#13606=ADVANCED_FACE('',(#12373),#13043,.T.);
#13607=ADVANCED_FACE('',(#12374),#13044,.T.);
#13608=ADVANCED_FACE('',(#12375),#13045,.T.);
#13609=ADVANCED_FACE('',(#12376),#13046,.F.);
#13610=ADVANCED_FACE('',(#12377),#13047,.T.);
#13611=ADVANCED_FACE('',(#12378),#13048,.T.);
#13612=ADVANCED_FACE('',(#12379),#13049,.T.);
#13613=ADVANCED_FACE('',(#12380),#13050,.F.);
#13614=ADVANCED_FACE('',(#12381),#13051,.T.);
#13615=ADVANCED_FACE('',(#12382),#13052,.T.);
#13616=ADVANCED_FACE('',(#12383),#13053,.T.);
#13617=ADVANCED_FACE('',(#12384),#13054,.F.);
#13618=ADVANCED_FACE('',(#12385),#13055,.T.);
#13619=ADVANCED_FACE('',(#12386),#13056,.T.);
#13620=ADVANCED_FACE('',(#12387),#13057,.T.);
#13621=ADVANCED_FACE('',(#12388),#13058,.F.);
#13622=ADVANCED_FACE('',(#12389),#13059,.T.);
#13623=ADVANCED_FACE('',(#12390),#13060,.T.);
#13624=ADVANCED_FACE('',(#12391),#13061,.T.);
#13625=ADVANCED_FACE('',(#12392),#13062,.T.);
#13626=ADVANCED_FACE('',(#12393),#13063,.T.);
#13627=ADVANCED_FACE('',(#12394),#13064,.T.);
#13628=ADVANCED_FACE('',(#12395),#13065,.T.);
#13629=ADVANCED_FACE('',(#12396),#13066,.T.);
#13630=ADVANCED_FACE('',(#12397),#13067,.T.);
#13631=ADVANCED_FACE('',(#12398),#13068,.T.);
#13632=ADVANCED_FACE('',(#12399),#13069,.T.);
#13633=ADVANCED_FACE('',(#12400),#13070,.T.);
#13634=ADVANCED_FACE('',(#12401),#13071,.T.);
#13635=ADVANCED_FACE('',(#12402),#13072,.T.);
#13636=ADVANCED_FACE('',(#12403),#13073,.T.);
#13637=ADVANCED_FACE('',(#12404),#13074,.T.);
#13638=ADVANCED_FACE('',(#12405),#13075,.T.);
#13639=ADVANCED_FACE('',(#12406),#13076,.T.);
#13640=ADVANCED_FACE('',(#12407),#13077,.T.);
#13641=ADVANCED_FACE('',(#12408),#13078,.T.);
#13642=ADVANCED_FACE('',(#12409),#13079,.T.);
#13643=ADVANCED_FACE('',(#12410),#13080,.T.);
#13644=ADVANCED_FACE('',(#12411),#13081,.T.);
#13645=ADVANCED_FACE('',(#12412),#13082,.T.);
#13646=ADVANCED_FACE('',(#12413),#13083,.T.);
#13647=ADVANCED_FACE('',(#12414),#13084,.F.);
#13648=ADVANCED_FACE('',(#12415),#13085,.F.);
#13649=ADVANCED_FACE('',(#12416),#13086,.F.);
#13650=ADVANCED_FACE('',(#12417),#13087,.F.);
#13651=ADVANCED_FACE('',(#12418),#13088,.T.);
#13652=ADVANCED_FACE('',(#12419),#13089,.T.);
#13653=ADVANCED_FACE('',(#12420),#13090,.T.);
#13654=ADVANCED_FACE('',(#12421),#13091,.T.);
#13655=ADVANCED_FACE('',(#12422),#13092,.T.);
#13656=ADVANCED_FACE('',(#12423),#13093,.T.);
#13657=ADVANCED_FACE('',(#12424),#13094,.T.);
#13658=ADVANCED_FACE('',(#12425),#13095,.T.);
#13659=ADVANCED_FACE('',(#12426),#13096,.F.);
#13660=ADVANCED_FACE('',(#12427),#13097,.T.);
#13661=ADVANCED_FACE('',(#12428),#13098,.F.);
#13662=ADVANCED_FACE('',(#12429),#13099,.T.);
#13663=ADVANCED_FACE('',(#12430),#13100,.T.);
#13664=ADVANCED_FACE('',(#12431),#13101,.T.);
#13665=ADVANCED_FACE('',(#12432),#13102,.T.);
#13666=ADVANCED_FACE('',(#12433),#13103,.T.);
#13667=ADVANCED_FACE('',(#12434),#13104,.T.);
#13668=ADVANCED_FACE('',(#12435),#13105,.T.);
#13669=ADVANCED_FACE('',(#12436),#13106,.T.);
#13670=ADVANCED_FACE('',(#12437),#13107,.T.);
#13671=ADVANCED_FACE('',(#12438),#13108,.F.);
#13672=ADVANCED_FACE('',(#12439),#13109,.T.);
#13673=ADVANCED_FACE('',(#12440),#13110,.F.);
#13674=ADVANCED_FACE('',(#12441),#13111,.T.);
#13675=ADVANCED_FACE('',(#12442),#13112,.T.);
#13676=ADVANCED_FACE('',(#12443),#13113,.F.);
#13677=ADVANCED_FACE('',(#12444),#13114,.F.);
#13678=ADVANCED_FACE('',(#12445),#13115,.F.);
#13679=ADVANCED_FACE('',(#12446),#13116,.T.);
#13680=ADVANCED_FACE('',(#12447),#13117,.F.);
#13681=ADVANCED_FACE('',(#12448),#13118,.F.);
#13682=ADVANCED_FACE('',(#12449),#13119,.F.);
#13683=ADVANCED_FACE('',(#12450),#265,.T.);
#13684=ADVANCED_FACE('',(#12451),#13120,.T.);
#13685=ADVANCED_FACE('',(#12452),#13121,.F.);
#13686=ADVANCED_FACE('',(#12453),#13122,.F.);
#13687=ADVANCED_FACE('',(#12454),#13123,.F.);
#13688=ADVANCED_FACE('',(#12455),#13124,.F.);
#13689=ADVANCED_FACE('',(#12456),#13125,.F.);
#13690=ADVANCED_FACE('',(#12457),#13126,.F.);
#13691=ADVANCED_FACE('',(#12458),#13127,.F.);
#13692=ADVANCED_FACE('',(#12459),#13128,.F.);
#13693=ADVANCED_FACE('',(#12460),#13129,.F.);
#13694=ADVANCED_FACE('',(#12461),#13130,.F.);
#13695=ADVANCED_FACE('',(#12462),#13131,.F.);
#13696=ADVANCED_FACE('',(#12463),#13132,.F.);
#13697=ADVANCED_FACE('',(#12464),#13133,.F.);
#13698=ADVANCED_FACE('',(#12465),#13134,.F.);
#13699=ADVANCED_FACE('',(#12466),#13135,.F.);
#13700=ADVANCED_FACE('',(#12467),#13136,.F.);
#13701=ADVANCED_FACE('',(#12468),#13137,.F.);
#13702=ADVANCED_FACE('',(#12469),#13138,.F.);
#13703=ADVANCED_FACE('',(#12470),#13139,.T.);
#13704=ADVANCED_FACE('',(#12471),#13140,.F.);
#13705=ADVANCED_FACE('',(#12472),#13141,.F.);
#13706=ADVANCED_FACE('',(#12473),#13142,.F.);
#13707=ADVANCED_FACE('',(#12474),#13143,.F.);
#13708=ADVANCED_FACE('',(#12475),#13144,.F.);
#13709=ADVANCED_FACE('',(#12476),#13145,.F.);
#13710=ADVANCED_FACE('',(#12477),#13146,.F.);
#13711=ADVANCED_FACE('',(#12478),#13147,.F.);
#13712=ADVANCED_FACE('',(#12479),#13148,.F.);
#13713=ADVANCED_FACE('',(#12480),#13149,.F.);
#13714=ADVANCED_FACE('',(#12481),#13150,.F.);
#13715=ADVANCED_FACE('',(#12482),#13151,.F.);
#13716=ADVANCED_FACE('',(#12483),#13152,.F.);
#13717=ADVANCED_FACE('',(#12484),#13153,.F.);
#13718=ADVANCED_FACE('',(#12485),#13154,.F.);
#13719=ADVANCED_FACE('',(#12486),#13155,.F.);
#13720=ADVANCED_FACE('',(#12487),#13156,.F.);
#13721=ADVANCED_FACE('',(#12488),#13157,.F.);
#13722=ADVANCED_FACE('',(#12489),#13158,.F.);
#13723=ADVANCED_FACE('',(#12490),#13159,.F.);
#13724=ADVANCED_FACE('',(#12491),#13160,.F.);
#13725=ADVANCED_FACE('',(#12492),#13161,.F.);
#13726=ADVANCED_FACE('',(#12493),#13162,.F.);
#13727=ADVANCED_FACE('',(#12494),#13163,.F.);
#13728=ADVANCED_FACE('',(#12495),#13164,.F.);
#13729=ADVANCED_FACE('',(#12496),#13165,.F.);
#13730=ADVANCED_FACE('',(#12497),#13166,.F.);
#13731=ADVANCED_FACE('',(#12498),#13167,.F.);
#13732=ADVANCED_FACE('',(#12499),#13168,.F.);
#13733=ADVANCED_FACE('',(#12500),#13169,.F.);
#13734=ADVANCED_FACE('',(#12501),#13170,.F.);
#13735=ADVANCED_FACE('',(#12502),#13171,.F.);
#13736=ADVANCED_FACE('',(#12503),#13172,.F.);
#13737=ADVANCED_FACE('',(#12504),#13173,.F.);
#13738=ADVANCED_FACE('',(#12505),#13174,.F.);
#13739=ADVANCED_FACE('',(#12506),#13175,.F.);
#13740=ADVANCED_FACE('',(#12507),#266,.T.);
#13741=ADVANCED_FACE('',(#12508),#267,.T.);
#13742=ADVANCED_FACE('',(#12509),#268,.T.);
#13743=ADVANCED_FACE('',(#12510),#269,.T.);
#13744=ADVANCED_FACE('',(#12511),#270,.T.);
#13745=ADVANCED_FACE('',(#12512),#271,.T.);
#13746=ADVANCED_FACE('',(#12513),#13176,.F.);
#13747=ADVANCED_FACE('',(#12514),#13177,.F.);
#13748=ADVANCED_FACE('',(#12515),#13178,.F.);
#13749=ADVANCED_FACE('',(#12516),#13179,.F.);
#13750=ADVANCED_FACE('',(#12517),#13180,.F.);
#13751=ADVANCED_FACE('',(#12518),#13181,.F.);
#13752=ADVANCED_FACE('',(#12519),#13182,.F.);
#13753=ADVANCED_FACE('',(#12520),#13183,.F.);
#13754=ADVANCED_FACE('',(#12521),#13184,.F.);
#13755=ADVANCED_FACE('',(#12522),#13185,.F.);
#13756=ADVANCED_FACE('',(#12523),#13186,.F.);
#13757=ADVANCED_FACE('',(#12524),#13187,.F.);
#13758=ADVANCED_FACE('',(#12525),#13188,.F.);
#13759=ADVANCED_FACE('',(#12526),#13189,.F.);
#13760=ADVANCED_FACE('',(#12527),#13190,.F.);
#13761=ADVANCED_FACE('',(#12528),#13191,.F.);
#13762=ADVANCED_FACE('',(#12529),#13192,.F.);
#13763=ADVANCED_FACE('',(#12530),#13193,.F.);
#13764=ADVANCED_FACE('',(#12531),#272,.F.);
#13765=ADVANCED_FACE('',(#12532),#273,.F.);
#13766=ADVANCED_FACE('',(#12533),#274,.F.);
#13767=ADVANCED_FACE('',(#12534),#275,.F.);
#13768=ADVANCED_FACE('',(#12535),#276,.F.);
#13769=ADVANCED_FACE('',(#12536),#277,.F.);
#13770=ADVANCED_FACE('',(#12537),#13194,.F.);
#13771=ADVANCED_FACE('',(#12538),#13195,.F.);
#13772=ADVANCED_FACE('',(#12539),#13196,.F.);
#13773=ADVANCED_FACE('',(#12540),#13197,.F.);
#13774=ADVANCED_FACE('',(#12541),#13198,.F.);
#13775=ADVANCED_FACE('',(#12542),#13199,.F.);
#13776=ADVANCED_FACE('',(#12543),#278,.F.);
#13777=ADVANCED_FACE('',(#12544),#279,.F.);
#13778=ADVANCED_FACE('',(#12545),#280,.F.);
#13779=ADVANCED_FACE('',(#12546),#281,.F.);
#13780=ADVANCED_FACE('',(#12547),#282,.F.);
#13781=ADVANCED_FACE('',(#12548),#283,.F.);
#13782=ADVANCED_FACE('',(#12549),#13200,.F.);
#13783=ADVANCED_FACE('',(#12550),#13201,.F.);
#13784=ADVANCED_FACE('',(#12551),#13202,.F.);
#13785=ADVANCED_FACE('',(#12552),#13203,.F.);
#13786=ADVANCED_FACE('',(#12553),#13204,.F.);
#13787=ADVANCED_FACE('',(#12554),#13205,.F.);
#13788=ADVANCED_FACE('',(#12555),#13206,.F.);
#13789=ADVANCED_FACE('',(#12556),#13207,.F.);
#13790=ADVANCED_FACE('',(#12557),#13208,.F.);
#13791=ADVANCED_FACE('',(#12558),#13209,.F.);
#13792=ADVANCED_FACE('',(#12559),#13210,.F.);
#13793=ADVANCED_FACE('',(#12560),#13211,.F.);
#13794=ADVANCED_FACE('',(#12561),#284,.F.);
#13795=ADVANCED_FACE('',(#12562),#285,.F.);
#13796=ADVANCED_FACE('',(#12563),#286,.F.);
#13797=ADVANCED_FACE('',(#12564),#287,.F.);
#13798=ADVANCED_FACE('',(#12565),#288,.F.);
#13799=ADVANCED_FACE('',(#12566),#289,.F.);
#13800=ADVANCED_FACE('',(#12567),#13212,.F.);
#13801=ADVANCED_FACE('',(#12568),#13213,.F.);
#13802=ADVANCED_FACE('',(#12569),#13214,.F.);
#13803=ADVANCED_FACE('',(#12570),#13215,.F.);
#13804=ADVANCED_FACE('',(#12571),#13216,.F.);
#13805=ADVANCED_FACE('',(#12572),#13217,.F.);
#13806=ADVANCED_FACE('',(#12573),#290,.F.);
#13807=ADVANCED_FACE('',(#12574),#291,.F.);
#13808=ADVANCED_FACE('',(#12575),#292,.F.);
#13809=ADVANCED_FACE('',(#12576),#293,.F.);
#13810=ADVANCED_FACE('',(#12577),#294,.F.);
#13811=ADVANCED_FACE('',(#12578),#295,.F.);
#13812=ADVANCED_FACE('',(#12579),#13218,.F.);
#13813=ADVANCED_FACE('',(#12580),#13219,.F.);
#13814=ADVANCED_FACE('',(#12581),#13220,.F.);
#13815=ADVANCED_FACE('',(#12582),#13221,.F.);
#13816=ADVANCED_FACE('',(#12583),#13222,.F.);
#13817=ADVANCED_FACE('',(#12584),#13223,.F.);
#13818=ADVANCED_FACE('',(#12585),#13224,.F.);
#13819=ADVANCED_FACE('',(#12586),#13225,.F.);
#13820=ADVANCED_FACE('',(#12587),#13226,.F.);
#13821=ADVANCED_FACE('',(#12588),#13227,.F.);
#13822=ADVANCED_FACE('',(#12589),#13228,.F.);
#13823=ADVANCED_FACE('',(#12590),#13229,.F.);
#13824=ADVANCED_FACE('',(#12591),#13230,.F.);
#13825=ADVANCED_FACE('',(#12592),#13231,.F.);
#13826=ADVANCED_FACE('',(#12593),#13232,.F.);
#13827=ADVANCED_FACE('',(#12594),#13233,.F.);
#13828=ADVANCED_FACE('',(#12595),#13234,.F.);
#13829=ADVANCED_FACE('',(#12596),#13235,.F.);
#13830=ADVANCED_FACE('',(#12597),#296,.T.);
#13831=ADVANCED_FACE('',(#12598),#13236,.F.);
#13832=ADVANCED_FACE('',(#12599),#13237,.F.);
#13833=ADVANCED_FACE('',(#12600),#13238,.F.);
#13834=ADVANCED_FACE('',(#12601),#297,.F.);
#13835=ADVANCED_FACE('',(#12602),#13239,.F.);
#13836=ADVANCED_FACE('',(#12603),#298,.F.);
#13837=ADVANCED_FACE('',(#12604),#13240,.F.);
#13838=ADVANCED_FACE('',(#12605),#13241,.F.);
#13839=ADVANCED_FACE('',(#12606),#13242,.F.);
#13840=ADVANCED_FACE('',(#12607),#299,.F.);
#13841=ADVANCED_FACE('',(#12608),#13243,.F.);
#13842=ADVANCED_FACE('',(#12609),#300,.F.);
#13843=ADVANCED_FACE('',(#12610),#13244,.F.);
#13844=ADVANCED_FACE('',(#12611),#13245,.F.);
#13845=ADVANCED_FACE('',(#12612),#13246,.F.);
#13846=ADVANCED_FACE('',(#12613),#13247,.T.);
#13847=ADVANCED_FACE('',(#12614),#13248,.F.);
#13848=ADVANCED_FACE('',(#12615),#13249,.F.);
#13849=ADVANCED_FACE('',(#12616),#13250,.F.);
#13850=ADVANCED_FACE('',(#12617),#13251,.F.);
#13851=ADVANCED_FACE('',(#12618),#13252,.F.);
#13852=ADVANCED_FACE('',(#12619),#13253,.F.);
#13853=ADVANCED_FACE('',(#12620),#13254,.F.);
#13854=ADVANCED_FACE('',(#12621),#13255,.F.);
#13855=ADVANCED_FACE('',(#12622),#13256,.F.);
#13856=ADVANCED_FACE('',(#12623),#13257,.F.);
#13857=ADVANCED_FACE('',(#12624),#13258,.F.);
#13858=ADVANCED_FACE('',(#12625),#13259,.F.);
#13859=ADVANCED_FACE('',(#12626),#13260,.F.);
#13860=ADVANCED_FACE('',(#12627),#13261,.F.);
#13861=ADVANCED_FACE('',(#12628),#13262,.F.);
#13862=ADVANCED_FACE('',(#12629),#13263,.T.);
#13863=ADVANCED_FACE('',(#12630),#13264,.F.);
#13864=ADVANCED_FACE('',(#12631),#13265,.F.);
#13865=ADVANCED_FACE('',(#12632),#13266,.F.);
#13866=ADVANCED_FACE('',(#12633),#13267,.F.);
#13867=ADVANCED_FACE('',(#12634),#13268,.F.);
#13868=ADVANCED_FACE('',(#12635),#13269,.F.);
#13869=ADVANCED_FACE('',(#12636),#13270,.F.);
#13870=ADVANCED_FACE('',(#12637),#13271,.F.);
#13871=ADVANCED_FACE('',(#12638),#13272,.F.);
#13872=ADVANCED_FACE('',(#12639),#13273,.F.);
#13873=ADVANCED_FACE('',(#12640),#13274,.F.);
#13874=ADVANCED_FACE('',(#12641),#13275,.F.);
#13875=ADVANCED_FACE('',(#12642),#13276,.F.);
#13876=ADVANCED_FACE('',(#12643),#13277,.F.);
#13877=ADVANCED_FACE('',(#12644),#13278,.F.);
#13878=ADVANCED_FACE('',(#12645),#13279,.F.);
#13879=ADVANCED_FACE('',(#12646),#13280,.F.);
#13880=ADVANCED_FACE('',(#12647),#13281,.F.);
#13881=ADVANCED_FACE('',(#12648),#13282,.F.);
#13882=ADVANCED_FACE('',(#12649),#13283,.F.);
#13883=ADVANCED_FACE('',(#12650),#13284,.F.);
#13884=ADVANCED_FACE('',(#12651),#13285,.F.);
#13885=ADVANCED_FACE('',(#12652),#13286,.F.);
#13886=ADVANCED_FACE('',(#12653),#13287,.F.);
#13887=ADVANCED_FACE('',(#12654),#13288,.F.);
#13888=ADVANCED_FACE('',(#12655),#13289,.F.);
#13889=ADVANCED_FACE('',(#12656),#13290,.F.);
#13890=ADVANCED_FACE('',(#12657),#13291,.F.);
#13891=ADVANCED_FACE('',(#12658),#13292,.F.);
#13892=ADVANCED_FACE('',(#12659),#13293,.F.);
#13893=ADVANCED_FACE('',(#12660),#13294,.F.);
#13894=ADVANCED_FACE('',(#12661),#13295,.F.);
#13895=ADVANCED_FACE('',(#12662),#13296,.F.);
#13896=ADVANCED_FACE('',(#12663),#13297,.F.);
#13897=ADVANCED_FACE('',(#12664),#13298,.F.);
#13898=ADVANCED_FACE('',(#12665),#13299,.F.);
#13899=ADVANCED_FACE('',(#12666),#13300,.F.);
#13900=ADVANCED_FACE('',(#12667),#13301,.F.);
#13901=ADVANCED_FACE('',(#12668),#13302,.F.);
#13902=ADVANCED_FACE('',(#12669),#13303,.F.);
#13903=ADVANCED_FACE('',(#12670),#13304,.F.);
#13904=ADVANCED_FACE('',(#12671),#13305,.F.);
#13905=ADVANCED_FACE('',(#12672),#301,.F.);
#13906=ADVANCED_FACE('',(#12673),#302,.F.);
#13907=ADVANCED_FACE('',(#12674),#303,.F.);
#13908=ADVANCED_FACE('',(#12675),#304,.F.);
#13909=ADVANCED_FACE('',(#12676),#305,.F.);
#13910=ADVANCED_FACE('',(#12677),#306,.F.);
#13911=ADVANCED_FACE('',(#12678),#13306,.F.);
#13912=ADVANCED_FACE('',(#12679),#13307,.F.);
#13913=ADVANCED_FACE('',(#12680),#13308,.F.);
#13914=ADVANCED_FACE('',(#12681),#13309,.F.);
#13915=ADVANCED_FACE('',(#12682),#13310,.F.);
#13916=ADVANCED_FACE('',(#12683),#13311,.F.);
#13917=ADVANCED_FACE('',(#12684),#13312,.F.);
#13918=ADVANCED_FACE('',(#12685),#13313,.F.);
#13919=ADVANCED_FACE('',(#12686),#13314,.F.);
#13920=ADVANCED_FACE('',(#12687),#13315,.F.);
#13921=ADVANCED_FACE('',(#12688),#13316,.F.);
#13922=ADVANCED_FACE('',(#12689),#13317,.F.);
#13923=ADVANCED_FACE('',(#12690),#13318,.F.);
#13924=ADVANCED_FACE('',(#12691),#13319,.F.);
#13925=ADVANCED_FACE('',(#12692),#13320,.F.);
#13926=ADVANCED_FACE('',(#12693),#13321,.F.);
#13927=ADVANCED_FACE('',(#12694),#13322,.F.);
#13928=ADVANCED_FACE('',(#12695),#13323,.F.);
#13929=ADVANCED_FACE('',(#12696),#13324,.F.);
#13930=ADVANCED_FACE('',(#12697),#13325,.F.);
#13931=ADVANCED_FACE('',(#12698),#13326,.F.);
#13932=ADVANCED_FACE('',(#12699),#13327,.F.);
#13933=ADVANCED_FACE('',(#12700),#13328,.F.);
#13934=ADVANCED_FACE('',(#12701),#13329,.F.);
#13935=ADVANCED_FACE('',(#12702),#307,.T.);
#13936=ADVANCED_FACE('',(#12703),#308,.T.);
#13937=ADVANCED_FACE('',(#12704),#309,.T.);
#13938=ADVANCED_FACE('',(#12705),#310,.T.);
#13939=ADVANCED_FACE('',(#12706),#311,.T.);
#13940=ADVANCED_FACE('',(#12707),#312,.T.);
#13941=ADVANCED_FACE('',(#12708),#313,.F.);
#13942=ADVANCED_FACE('',(#12709),#314,.F.);
#13943=ADVANCED_FACE('',(#12710),#315,.F.);
#13944=ADVANCED_FACE('',(#12711),#316,.F.);
#13945=ADVANCED_FACE('',(#12712),#317,.F.);
#13946=ADVANCED_FACE('',(#12713),#318,.F.);
#13947=ADVANCED_FACE('',(#12714),#13330,.F.);
#13948=ADVANCED_FACE('',(#12715),#13331,.F.);
#13949=ADVANCED_FACE('',(#12716),#13332,.F.);
#13950=ADVANCED_FACE('',(#12717),#13333,.F.);
#13951=ADVANCED_FACE('',(#12718),#13334,.F.);
#13952=ADVANCED_FACE('',(#12719),#13335,.F.);
#13953=ADVANCED_FACE('',(#12720),#319,.F.);
#13954=ADVANCED_FACE('',(#12721),#320,.F.);
#13955=ADVANCED_FACE('',(#12722),#321,.F.);
#13956=ADVANCED_FACE('',(#12723),#322,.F.);
#13957=ADVANCED_FACE('',(#12724),#323,.F.);
#13958=ADVANCED_FACE('',(#12725),#324,.F.);
#13959=ADVANCED_FACE('',(#12726),#325,.F.);
#13960=ADVANCED_FACE('',(#12727),#326,.F.);
#13961=ADVANCED_FACE('',(#12728),#327,.F.);
#13962=ADVANCED_FACE('',(#12729),#328,.F.);
#13963=ADVANCED_FACE('',(#12730),#329,.F.);
#13964=ADVANCED_FACE('',(#12731),#330,.F.);
#13965=ADVANCED_FACE('',(#12732),#13336,.F.);
#13966=ADVANCED_FACE('',(#12733),#13337,.F.);
#13967=ADVANCED_FACE('',(#12734),#13338,.F.);
#13968=ADVANCED_FACE('',(#12735),#13339,.F.);
#13969=ADVANCED_FACE('',(#12736),#13340,.F.);
#13970=ADVANCED_FACE('',(#12737),#13341,.F.);
#13971=ADVANCED_FACE('',(#12738),#331,.F.);
#13972=ADVANCED_FACE('',(#12739),#332,.F.);
#13973=ADVANCED_FACE('',(#12740),#333,.F.);
#13974=ADVANCED_FACE('',(#12741),#334,.F.);
#13975=ADVANCED_FACE('',(#12742),#335,.F.);
#13976=ADVANCED_FACE('',(#12743),#336,.F.);
#13977=ADVANCED_FACE('',(#12744),#337,.T.);
#13978=ADVANCED_FACE('',(#12745),#338,.T.);
#13979=ADVANCED_FACE('',(#12746),#339,.T.);
#13980=ADVANCED_FACE('',(#12747),#340,.T.);
#13981=ADVANCED_FACE('',(#12748),#341,.T.);
#13982=ADVANCED_FACE('',(#12749),#342,.T.);
#13983=ADVANCED_FACE('',(#12750),#13342,.F.);
#13984=ADVANCED_FACE('',(#12751),#13343,.F.);
#13985=ADVANCED_FACE('',(#12752),#13344,.F.);
#13986=ADVANCED_FACE('',(#12753),#13345,.F.);
#13987=ADVANCED_FACE('',(#12754),#13346,.F.);
#13988=ADVANCED_FACE('',(#12755),#13347,.F.);
#13989=ADVANCED_FACE('',(#12756),#13348,.F.);
#13990=ADVANCED_FACE('',(#12757),#13349,.F.);
#13991=ADVANCED_FACE('',(#12758),#13350,.F.);
#13992=ADVANCED_FACE('',(#12759),#13351,.F.);
#13993=ADVANCED_FACE('',(#12760),#13352,.F.);
#13994=ADVANCED_FACE('',(#12761),#13353,.F.);
#13995=ADVANCED_FACE('',(#12762),#13354,.F.);
#13996=ADVANCED_FACE('',(#12763),#13355,.F.);
#13997=ADVANCED_FACE('',(#12764),#13356,.F.);
#13998=ADVANCED_FACE('',(#12765),#13357,.F.);
#13999=ADVANCED_FACE('',(#12766),#13358,.F.);
#14000=ADVANCED_FACE('',(#12767),#13359,.F.);
#14001=ADVANCED_FACE('',(#12768),#343,.T.);
#14002=ADVANCED_FACE('',(#12769),#344,.T.);
#14003=ADVANCED_FACE('',(#12770),#345,.T.);
#14004=ADVANCED_FACE('',(#12771),#346,.T.);
#14005=ADVANCED_FACE('',(#12772),#347,.T.);
#14006=ADVANCED_FACE('',(#12773),#348,.T.);
#14007=ADVANCED_FACE('',(#12774),#13360,.F.);
#14008=ADVANCED_FACE('',(#12775),#13361,.F.);
#14009=ADVANCED_FACE('',(#12776),#13362,.F.);
#14010=ADVANCED_FACE('',(#12777),#13363,.F.);
#14011=ADVANCED_FACE('',(#12778),#13364,.F.);
#14012=ADVANCED_FACE('',(#12779),#13365,.F.);
#14013=ADVANCED_FACE('',(#12780),#349,.T.);
#14014=ADVANCED_FACE('',(#12781),#350,.T.);
#14015=ADVANCED_FACE('',(#12782),#351,.T.);
#14016=ADVANCED_FACE('',(#12783),#352,.T.);
#14017=ADVANCED_FACE('',(#12784),#353,.T.);
#14018=ADVANCED_FACE('',(#12785),#354,.T.);
#14019=ADVANCED_FACE('',(#12786),#13366,.F.);
#14020=ADVANCED_FACE('',(#12787),#13367,.F.);
#14021=ADVANCED_FACE('',(#12788),#13368,.F.);
#14022=ADVANCED_FACE('',(#12789),#13369,.F.);
#14023=ADVANCED_FACE('',(#12790),#13370,.F.);
#14024=ADVANCED_FACE('',(#12791),#13371,.F.);
#14025=ADVANCED_FACE('',(#12792),#13372,.F.);
#14026=ADVANCED_FACE('',(#12793),#13373,.F.);
#14027=ADVANCED_FACE('',(#12794),#13374,.F.);
#14028=ADVANCED_FACE('',(#12795),#13375,.F.);
#14029=ADVANCED_FACE('',(#12796),#13376,.F.);
#14030=ADVANCED_FACE('',(#12797),#13377,.F.);
#14031=ADVANCED_FACE('',(#12798),#13378,.F.);
#14032=ADVANCED_FACE('',(#12799),#13379,.F.);
#14033=ADVANCED_FACE('',(#12800),#13380,.F.);
#14034=ADVANCED_FACE('',(#12801),#13381,.F.);
#14035=ADVANCED_FACE('',(#12802),#13382,.F.);
#14036=ADVANCED_FACE('',(#12803),#13383,.F.);
#14037=ADVANCED_FACE('',(#12804),#13384,.F.);
#14038=ADVANCED_FACE('',(#12805),#355,.F.);
#14039=ADVANCED_FACE('',(#12806),#13385,.F.);
#14040=ADVANCED_FACE('',(#12807),#13386,.F.);
#14041=ADVANCED_FACE('',(#12808),#13387,.F.);
#14042=ADVANCED_FACE('',(#12809),#13388,.F.);
#14043=ADVANCED_FACE('',(#12810),#356,.T.);
#14044=ADVANCED_FACE('',(#12811),#357,.F.);
#14045=ADVANCED_FACE('',(#12812),#13389,.F.);
#14046=ADVANCED_FACE('',(#12813),#358,.F.);
#14047=ADVANCED_FACE('',(#12814),#13390,.F.);
#14048=ADVANCED_FACE('',(#12815),#359,.F.);
#14049=ADVANCED_FACE('',(#12816),#13391,.F.);
#14050=ADVANCED_FACE('',(#12817),#360,.F.);
#14051=ADVANCED_FACE('',(#12818),#361,.T.);
#14052=ADVANCED_FACE('',(#12819),#13392,.F.);
#14053=ADVANCED_FACE('',(#12820),#13393,.F.);
#14054=ADVANCED_FACE('',(#12821),#13394,.F.);
#14055=ADVANCED_FACE('',(#12822),#362,.T.);
#14056=ADVANCED_FACE('',(#12823),#13395,.F.);
#14057=ADVANCED_FACE('',(#12824),#363,.T.);
#14058=ADVANCED_FACE('',(#12825),#13396,.F.);
#14059=ADVANCED_FACE('',(#12826),#13397,.F.);
#14060=ADVANCED_FACE('',(#12827),#13398,.F.);
#14061=ADVANCED_FACE('',(#12828),#13399,.T.);
#14062=ADVANCED_FACE('',(#12829),#13400,.F.);
#14063=ADVANCED_FACE('',(#12830),#13401,.F.);
#14064=ADVANCED_FACE('',(#12831),#13402,.F.);
#14065=ADVANCED_FACE('',(#12832),#13403,.F.);
#14066=ADVANCED_FACE('',(#12833),#364,.F.);
#14067=ADVANCED_FACE('',(#12834),#13404,.F.);
#14068=ADVANCED_FACE('',(#12835),#365,.F.);
#14069=ADVANCED_FACE('',(#12836),#13405,.F.);
#14070=ADVANCED_FACE('',(#12837),#366,.T.);
#14071=ADVANCED_FACE('',(#12838),#13406,.F.);
#14072=ADVANCED_FACE('',(#12839),#13407,.F.);
#14073=ADVANCED_FACE('',(#12840),#13408,.F.);
#14074=ADVANCED_FACE('',(#12841),#367,.F.);
#14075=ADVANCED_FACE('',(#12842),#13409,.F.);
#14076=ADVANCED_FACE('',(#12843),#368,.F.);
#14077=ADVANCED_FACE('',(#12844),#13410,.F.);
#14078=ADVANCED_FACE('',(#12845),#369,.F.);
#14079=ADVANCED_FACE('',(#12846),#13411,.F.);
#14080=ADVANCED_FACE('',(#12847),#370,.T.);
#14081=ADVANCED_FACE('',(#12848),#13412,.F.);
#14082=ADVANCED_FACE('',(#12849),#13413,.F.);
#14083=ADVANCED_FACE('',(#12850),#13414,.F.);
#14084=ADVANCED_FACE('',(#12851),#13415,.F.);
#14085=ADVANCED_FACE('',(#12852),#13416,.F.);
#14086=ADVANCED_FACE('',(#12853),#13417,.F.);
#14087=ADVANCED_FACE('',(#12854),#371,.F.);
#14088=ADVANCED_FACE('',(#12855),#13418,.F.);
#14089=ADVANCED_FACE('',(#12856),#372,.F.);
#14090=ADVANCED_FACE('',(#12857),#13419,.F.);
#14091=ADVANCED_FACE('',(#12858),#13420,.F.);
#14092=ADVANCED_FACE('',(#12859),#13421,.T.);
#14093=ADVANCED_FACE('',(#12860),#13422,.F.);
#14094=CLOSED_SHELL('',(#13423,#13424,#13425,#13426,#13427,#13428,#13429,
#13430,#13431,#13432,#13433,#13434,#13435,#13436,#13437,#13438,#13439,#13440,
#13441,#13442,#13443,#13444,#13445,#13446,#13447,#13448,#13449,#13450,#13451,
#13452,#13453,#13454,#13455,#13456,#13457,#13458,#13459,#13460,#13461,#13462,
#13463,#13464,#13465,#13466,#13467,#13468,#13469,#13470,#13471,#13472,#13473,
#13474,#13475,#13476,#13477,#13478,#13479,#13480,#13481,#13482,#13483,#13484,
#13485,#13486,#13487,#13488,#13489,#13490,#13491,#13492,#13493,#13494,#13495,
#13496,#13497,#13498,#13499,#13500,#13501,#13502,#13503,#13504,#13505,#13506,
#13507,#13508,#13509,#13510,#13511,#13512,#13513,#13514,#13515,#13516,#13517,
#13518,#13519,#13520,#13521,#13522,#13523,#13524,#13525,#13526,#13527,#13528,
#13529,#13530,#13531,#13532,#13533,#13534,#13535,#13536,#13537,#13538,#13539,
#13540,#13541,#13542,#13543,#13544,#13545,#13546,#13547,#13548,#13549,#13550,
#13551,#13552,#13553,#13554,#13555,#13556,#13557,#13558,#13559,#13560,#13561,
#13562,#13563,#13564,#13565,#13566,#13567,#13568,#13569,#13570,#13571,#13572,
#13573,#13574,#13575,#13576,#13577,#13578,#13579,#13580,#13581,#13582,#13583,
#13584,#13585,#13586,#13587,#13588,#13589,#13590,#13591,#13592,#13593,#13594,
#13595,#13596,#13597,#13598,#13599,#13600,#13601,#13602,#13603,#13604,#13605,
#13606,#13607,#13608,#13609,#13610,#13611,#13612,#13613,#13614,#13615,#13616,
#13617,#13618,#13619,#13620,#13621,#13622,#13623,#13624,#13625,#13626,#13627,
#13628,#13629,#13630,#13631,#13632,#13633,#13634,#13635,#13636,#13637,#13638,
#13639,#13640,#13641,#13642,#13643,#13644,#13645,#13646,#13647,#13648,#13649,
#13650,#13651,#13652,#13653,#13654,#13655,#13656,#13657,#13658,#13659,#13660,
#13661,#13662,#13663,#13664,#13665,#13666,#13667,#13668,#13669,#13670,#13671,
#13672,#13673,#13674,#13675,#13676,#13677,#13678,#13679,#13680,#13681,#13682,
#13683,#13684,#13685,#13686,#13687));
#14095=CLOSED_SHELL('',(#13688,#13689,#13690,#13691,#13692,#13693,#13694,
#13695,#13696,#13697,#13698,#13699,#13700,#13701,#13702,#13703,#13704,#13705,
#13706,#13707,#13708,#13709,#13710,#13711,#13712,#13713,#13714,#13715,#13716,
#13717,#13718,#13719,#13720,#13721,#13722,#13723,#13724,#13725,#13726,#13727,
#13728,#13729,#13730,#13731,#13732,#13733,#13734,#13735,#13736,#13737,#13738,
#13739,#13740,#13741,#13742,#13743,#13744,#13745,#13746,#13747,#13748,#13749,
#13750,#13751,#13752,#13753,#13754,#13755,#13756,#13757,#13758,#13759,#13760,
#13761,#13762,#13763,#13764,#13765,#13766,#13767,#13768,#13769,#13770,#13771,
#13772,#13773,#13774,#13775,#13776,#13777,#13778,#13779,#13780,#13781,#13782,
#13783,#13784,#13785,#13786,#13787,#13788,#13789,#13790,#13791,#13792,#13793,
#13794,#13795,#13796,#13797,#13798,#13799,#13800,#13801,#13802,#13803,#13804,
#13805,#13806,#13807,#13808,#13809,#13810,#13811,#13812,#13813,#13814,#13815,
#13816,#13817,#13818,#13819,#13820,#13821,#13822,#13823,#13824,#13825,#13826,
#13827,#13828,#13829,#13830,#13831,#13832,#13833,#13834,#13835,#13836,#13837,
#13838,#13839,#13840,#13841,#13842,#13843,#13844,#13845,#13846));
#14096=CLOSED_SHELL('',(#13847,#13848,#13849,#13850,#13851,#13852,#13853,
#13854,#13855,#13856,#13857,#13858,#13859,#13860,#13861,#13862,#13863,#13864,
#13865,#13866,#13867,#13868,#13869,#13870,#13871,#13872,#13873,#13874,#13875,
#13876,#13877,#13878,#13879,#13880,#13881,#13882,#13883,#13884,#13885,#13886,
#13887,#13888,#13889,#13890,#13891,#13892,#13893,#13894,#13895,#13896,#13897,
#13898,#13899,#13900,#13901,#13902,#13903,#13904,#13905,#13906,#13907,#13908,
#13909,#13910,#13911,#13912,#13913,#13914,#13915,#13916,#13917,#13918,#13919,
#13920,#13921,#13922,#13923,#13924,#13925,#13926,#13927,#13928,#13929,#13930,
#13931,#13932,#13933,#13934,#13935,#13936,#13937,#13938,#13939,#13940,#13941,
#13942,#13943,#13944,#13945,#13946,#13947,#13948,#13949,#13950,#13951,#13952,
#13953,#13954,#13955,#13956,#13957,#13958,#13959,#13960,#13961,#13962,#13963,
#13964,#13965,#13966,#13967,#13968,#13969,#13970,#13971,#13972,#13973,#13974,
#13975,#13976,#13977,#13978,#13979,#13980,#13981,#13982,#13983,#13984,#13985,
#13986,#13987,#13988,#13989,#13990,#13991,#13992,#13993,#13994,#13995,#13996,
#13997,#13998,#13999,#14000,#14001,#14002,#14003,#14004,#14005,#14006,#14007,
#14008,#14009,#14010,#14011,#14012,#14013,#14014,#14015,#14016,#14017,#14018,
#14019,#14020,#14021,#14022,#14023,#14024,#14025,#14026,#14027,#14028,#14029,
#14030,#14031,#14032,#14033,#14034,#14035,#14036,#14037,#14038,#14039,#14040,
#14041,#14042,#14043,#14044,#14045,#14046,#14047,#14048,#14049,#14050,#14051,
#14052,#14053,#14054,#14055,#14056,#14057,#14058,#14059,#14060,#14061));
#14097=CLOSED_SHELL('',(#14062,#14063,#14064,#14065,#14066,#14067,#14068,
#14069,#14070,#14071,#14072,#14073,#14074,#14075,#14076,#14077,#14078,#14079,
#14080,#14081,#14082,#14083,#14084,#14085,#14086,#14087,#14088,#14089,#14090,
#14091,#14092,#14093));
#14098=STYLED_ITEM('',(#14102),#14128);
#14099=STYLED_ITEM('',(#14103),#14129);
#14100=STYLED_ITEM('',(#14104),#14130);
#14101=STYLED_ITEM('',(#14105),#14131);
#14102=PRESENTATION_STYLE_ASSIGNMENT((#14106));
#14103=PRESENTATION_STYLE_ASSIGNMENT((#14107));
#14104=PRESENTATION_STYLE_ASSIGNMENT((#14108));
#14105=PRESENTATION_STYLE_ASSIGNMENT((#14109));
#14106=SURFACE_STYLE_USAGE(.BOTH.,#14110);
#14107=SURFACE_STYLE_USAGE(.BOTH.,#14111);
#14108=SURFACE_STYLE_USAGE(.BOTH.,#14112);
#14109=SURFACE_STYLE_USAGE(.BOTH.,#14113);
#14110=SURFACE_SIDE_STYLE('',(#14114));
#14111=SURFACE_SIDE_STYLE('',(#14115));
#14112=SURFACE_SIDE_STYLE('',(#14116));
#14113=SURFACE_SIDE_STYLE('',(#14117));
#14114=SURFACE_STYLE_FILL_AREA(#14118);
#14115=SURFACE_STYLE_FILL_AREA(#14119);
#14116=SURFACE_STYLE_FILL_AREA(#14120);
#14117=SURFACE_STYLE_FILL_AREA(#14121);
#14118=FILL_AREA_STYLE('',(#14122));
#14119=FILL_AREA_STYLE('',(#14123));
#14120=FILL_AREA_STYLE('',(#14124));
#14121=FILL_AREA_STYLE('',(#14125));
#14122=FILL_AREA_STYLE_COLOUR('',#14126);
#14123=FILL_AREA_STYLE_COLOUR('',#14127);
#14124=FILL_AREA_STYLE_COLOUR('',#14127);
#14125=FILL_AREA_STYLE_COLOUR('',#14127);
#14126=COLOUR_RGB('',0.95686274766922,0.95686274766922,0.898039221763611);
#14127=COLOUR_RGB('',1.,0.874509811401367,0.149019613862038);
#14128=MANIFOLD_SOLID_BREP('T1T1M-07-T-S-RA-TR',#14094);
#14129=MANIFOLD_SOLID_BREP('P2T1M-07-GF-S-RA-TR',#14095);
#14130=MANIFOLD_SOLID_BREP('P22T1M-07-GF-S-RA-TR',#14096);
#14131=MANIFOLD_SOLID_BREP('WT-68-01-X_wt',#14097);
#14132=SHAPE_DEFINITION_REPRESENTATION(#22740,#14137);
#14133=SHAPE_DEFINITION_REPRESENTATION(#22741,#14138);
#14134=SHAPE_DEFINITION_REPRESENTATION(#22743,#14139);
#14135=SHAPE_DEFINITION_REPRESENTATION(#22745,#14140);
#14136=SHAPE_DEFINITION_REPRESENTATION(#22747,#14141);
#14137=SHAPE_REPRESENTATION('T1M-07-GF-S-RA-TR',(#14142,#14412,#14642,#14984,
#15035,#15036),#22727);
#14138=SHAPE_REPRESENTATION('T1T1M-07-T-S-RA-TR',(#14142),#22728);
#14139=SHAPE_REPRESENTATION('P2T1M-07-GF-S-RA-TR',(#14142),#22729);
#14140=SHAPE_REPRESENTATION('P22T1M-07-GF-S-RA-TR',(#14142),#22730);
#14141=SHAPE_REPRESENTATION('WT-68-01-X_wt',(#14142),#22731);
#14142=AXIS2_PLACEMENT_3D('',#18649,#15037,#15038);
#14143=AXIS2_PLACEMENT_3D('',#18650,#15039,#15040);
#14144=AXIS2_PLACEMENT_3D('',#18659,#15045,#15046);
#14145=AXIS2_PLACEMENT_3D('',#18668,#15051,#15052);
#14146=AXIS2_PLACEMENT_3D('',#18674,#15056,#15057);
#14147=AXIS2_PLACEMENT_3D('',#18675,#15058,#15059);
#14148=AXIS2_PLACEMENT_3D('',#18676,#15060,#15061);
#14149=AXIS2_PLACEMENT_3D('',#18677,#15062,#15063);
#14150=AXIS2_PLACEMENT_3D('',#18690,#15070,#15071);
#14151=AXIS2_PLACEMENT_3D('',#18703,#15078,#15079);
#14152=AXIS2_PLACEMENT_3D('',#18716,#15086,#15087);
#14153=AXIS2_PLACEMENT_3D('',#18729,#15094,#15095);
#14154=AXIS2_PLACEMENT_3D('',#18742,#15102,#15103);
#14155=AXIS2_PLACEMENT_3D('',#18755,#15110,#15111);
#14156=AXIS2_PLACEMENT_3D('',#18780,#15124,#15125);
#14157=AXIS2_PLACEMENT_3D('',#18789,#15130,#15131);
#14158=AXIS2_PLACEMENT_3D('',#18798,#15136,#15137);
#14159=AXIS2_PLACEMENT_3D('',#18807,#15142,#15143);
#14160=AXIS2_PLACEMENT_3D('',#18816,#15148,#15149);
#14161=AXIS2_PLACEMENT_3D('',#18825,#15154,#15155);
#14162=AXIS2_PLACEMENT_3D('',#18834,#15160,#15161);
#14163=AXIS2_PLACEMENT_3D('',#18843,#15166,#15167);
#14164=AXIS2_PLACEMENT_3D('',#18852,#15172,#15173);
#14165=AXIS2_PLACEMENT_3D('',#18861,#15178,#15179);
#14166=AXIS2_PLACEMENT_3D('',#18870,#15184,#15185);
#14167=AXIS2_PLACEMENT_3D('',#18879,#15190,#15191);
#14168=AXIS2_PLACEMENT_3D('',#18888,#15196,#15197);
#14169=AXIS2_PLACEMENT_3D('',#18987,#15248,#15249);
#14170=AXIS2_PLACEMENT_3D('',#18996,#15254,#15255);
#14171=AXIS2_PLACEMENT_3D('',#19026,#15271,#15272);
#14172=AXIS2_PLACEMENT_3D('',#19067,#15293,#15294);
#14173=AXIS2_PLACEMENT_3D('',#19073,#15298,#15299);
#14174=AXIS2_PLACEMENT_3D('',#19114,#15320,#15321);
#14175=AXIS2_PLACEMENT_3D('',#19120,#15325,#15326);
#14176=AXIS2_PLACEMENT_3D('',#19161,#15347,#15348);
#14177=AXIS2_PLACEMENT_3D('',#19167,#15352,#15353);
#14178=AXIS2_PLACEMENT_3D('',#19208,#15374,#15375);
#14179=AXIS2_PLACEMENT_3D('',#19214,#15379,#15380);
#14180=AXIS2_PLACEMENT_3D('',#19255,#15401,#15402);
#14181=AXIS2_PLACEMENT_3D('',#19261,#15406,#15407);
#14182=AXIS2_PLACEMENT_3D('',#19270,#15412,#15413);
#14183=AXIS2_PLACEMENT_3D('',#19300,#15429,#15430);
#14184=AXIS2_PLACEMENT_3D('',#19330,#15446,#15447);
#14185=AXIS2_PLACEMENT_3D('',#19368,#15467,#15468);
#14186=AXIS2_PLACEMENT_3D('',#19406,#15488,#15489);
#14187=AXIS2_PLACEMENT_3D('',#19444,#15509,#15510);
#14188=AXIS2_PLACEMENT_3D('',#19482,#15530,#15531);
#14189=AXIS2_PLACEMENT_3D('',#19520,#15551,#15552);
#14190=AXIS2_PLACEMENT_3D('',#19550,#15568,#15569);
#14191=AXIS2_PLACEMENT_3D('',#19599,#15604,#15605);
#14192=AXIS2_PLACEMENT_3D('',#19602,#15608,#15609);
#14193=AXIS2_PLACEMENT_3D('',#19605,#15612,#15613);
#14194=AXIS2_PLACEMENT_3D('',#19608,#15616,#15617);
#14195=AXIS2_PLACEMENT_3D('',#19611,#15620,#15621);
#14196=AXIS2_PLACEMENT_3D('',#19614,#15624,#15625);
#14197=AXIS2_PLACEMENT_3D('',#19617,#15628,#15629);
#14198=AXIS2_PLACEMENT_3D('',#19620,#15632,#15633);
#14199=AXIS2_PLACEMENT_3D('',#19623,#15636,#15637);
#14200=AXIS2_PLACEMENT_3D('',#19626,#15640,#15641);
#14201=AXIS2_PLACEMENT_3D('',#19629,#15644,#15645);
#14202=AXIS2_PLACEMENT_3D('',#19632,#15648,#15649);
#14203=AXIS2_PLACEMENT_3D('',#19635,#15652,#15653);
#14204=AXIS2_PLACEMENT_3D('',#19638,#15656,#15657);
#14205=AXIS2_PLACEMENT_3D('',#19641,#15660,#15661);
#14206=AXIS2_PLACEMENT_3D('',#19704,#15702,#15703);
#14207=AXIS2_PLACEMENT_3D('',#19708,#15707,#15708);
#14208=AXIS2_PLACEMENT_3D('',#19712,#15712,#15713);
#14209=AXIS2_PLACEMENT_3D('',#19716,#15717,#15718);
#14210=AXIS2_PLACEMENT_3D('',#19720,#15722,#15723);
#14211=AXIS2_PLACEMENT_3D('',#19726,#15727,#15728);
#14212=AXIS2_PLACEMENT_3D('',#19729,#15731,#15732);
#14213=AXIS2_PLACEMENT_3D('',#19732,#15735,#15736);
#14214=AXIS2_PLACEMENT_3D('',#19735,#15739,#15740);
#14215=AXIS2_PLACEMENT_3D('',#19738,#15743,#15744);
#14216=AXIS2_PLACEMENT_3D('',#19741,#15747,#15748);
#14217=AXIS2_PLACEMENT_3D('',#19744,#15751,#15752);
#14218=AXIS2_PLACEMENT_3D('',#19750,#15756,#15757);
#14219=AXIS2_PLACEMENT_3D('',#19753,#15760,#15761);
#14220=AXIS2_PLACEMENT_3D('',#19756,#15764,#15765);
#14221=AXIS2_PLACEMENT_3D('',#19759,#15768,#15769);
#14222=AXIS2_PLACEMENT_3D('',#19762,#15772,#15773);
#14223=AXIS2_PLACEMENT_3D('',#19765,#15776,#15777);
#14224=AXIS2_PLACEMENT_3D('',#19768,#15780,#15781);
#14225=AXIS2_PLACEMENT_3D('',#19771,#15784,#15785);
#14226=AXIS2_PLACEMENT_3D('',#19774,#15788,#15789);
#14227=AXIS2_PLACEMENT_3D('',#19777,#15792,#15793);
#14228=AXIS2_PLACEMENT_3D('',#19780,#15796,#15797);
#14229=AXIS2_PLACEMENT_3D('',#19783,#15800,#15801);
#14230=AXIS2_PLACEMENT_3D('',#19786,#15804,#15805);
#14231=AXIS2_PLACEMENT_3D('',#19789,#15808,#15809);
#14232=AXIS2_PLACEMENT_3D('',#19792,#15812,#15813);
#14233=AXIS2_PLACEMENT_3D('',#19795,#15816,#15817);
#14234=AXIS2_PLACEMENT_3D('',#19798,#15820,#15821);
#14235=AXIS2_PLACEMENT_3D('',#19802,#15825,#15826);
#14236=AXIS2_PLACEMENT_3D('',#19806,#15830,#15831);
#14237=AXIS2_PLACEMENT_3D('',#19810,#15835,#15836);
#14238=AXIS2_PLACEMENT_3D('',#19814,#15840,#15841);
#14239=AXIS2_PLACEMENT_3D('',#19818,#15845,#15846);
#14240=AXIS2_PLACEMENT_3D('',#19822,#15850,#15851);
#14241=AXIS2_PLACEMENT_3D('',#19827,#15855,#15856);
#14242=AXIS2_PLACEMENT_3D('',#19832,#15860,#15861);
#14243=AXIS2_PLACEMENT_3D('',#19849,#15871,#15872);
#14244=AXIS2_PLACEMENT_3D('',#19863,#15881,#15882);
#14245=AXIS2_PLACEMENT_3D('',#19869,#15886,#15887);
#14246=AXIS2_PLACEMENT_3D('',#19875,#15891,#15892);
#14247=AXIS2_PLACEMENT_3D('',#19881,#15896,#15897);
#14248=AXIS2_PLACEMENT_3D('',#19887,#15901,#15902);
#14249=AXIS2_PLACEMENT_3D('',#19890,#15905,#15906);
#14250=AXIS2_PLACEMENT_3D('',#19893,#15909,#15910);
#14251=AXIS2_PLACEMENT_3D('',#19914,#15922,#15923);
#14252=AXIS2_PLACEMENT_3D('',#19954,#15946,#15947);
#14253=AXIS2_PLACEMENT_3D('',#19959,#15952,#15953);
#14254=AXIS2_PLACEMENT_3D('',#19962,#15956,#15957);
#14255=AXIS2_PLACEMENT_3D('',#19965,#15960,#15961);
#14256=AXIS2_PLACEMENT_3D('',#19971,#15965,#15966);
#14257=AXIS2_PLACEMENT_3D('',#19980,#15972,#15973);
#14258=AXIS2_PLACEMENT_3D('',#19989,#15979,#15980);
#14259=AXIS2_PLACEMENT_3D('',#19991,#15982,#15983);
#14260=AXIS2_PLACEMENT_3D('',#19992,#15984,#15985);
#14261=AXIS2_PLACEMENT_3D('',#19998,#15989,#15990);
#14262=AXIS2_PLACEMENT_3D('',#20000,#15992,#15993);
#14263=AXIS2_PLACEMENT_3D('',#20002,#15995,#15996);
#14264=AXIS2_PLACEMENT_3D('',#20003,#15997,#15998);
#14265=AXIS2_PLACEMENT_3D('',#20007,#16001,#16002);
#14266=AXIS2_PLACEMENT_3D('',#20011,#16005,#16006);
#14267=AXIS2_PLACEMENT_3D('',#20013,#16008,#16009);
#14268=AXIS2_PLACEMENT_3D('',#20014,#16010,#16011);
#14269=AXIS2_PLACEMENT_3D('',#20016,#16013,#16014);
#14270=AXIS2_PLACEMENT_3D('',#20018,#16016,#16017);
#14271=AXIS2_PLACEMENT_3D('',#20019,#16018,#16019);
#14272=AXIS2_PLACEMENT_3D('',#20033,#16027,#16028);
#14273=AXIS2_PLACEMENT_3D('',#20039,#16032,#16033);
#14274=AXIS2_PLACEMENT_3D('',#20044,#16037,#16038);
#14275=AXIS2_PLACEMENT_3D('',#20048,#16041,#16042);
#14276=AXIS2_PLACEMENT_3D('',#20054,#16046,#16047);
#14277=AXIS2_PLACEMENT_3D('',#20059,#16051,#16052);
#14278=AXIS2_PLACEMENT_3D('',#20063,#16055,#16056);
#14279=AXIS2_PLACEMENT_3D('',#20067,#16059,#16060);
#14280=AXIS2_PLACEMENT_3D('',#20071,#16063,#16064);
#14281=AXIS2_PLACEMENT_3D('',#20077,#16068,#16069);
#14282=AXIS2_PLACEMENT_3D('',#20083,#16073,#16074);
#14283=AXIS2_PLACEMENT_3D('',#20090,#16079,#16080);
#14284=AXIS2_PLACEMENT_3D('',#20091,#16081,#16082);
#14285=AXIS2_PLACEMENT_3D('',#20092,#16083,#16084);
#14286=AXIS2_PLACEMENT_3D('',#20093,#16085,#16086);
#14287=AXIS2_PLACEMENT_3D('',#20094,#16087,#16088);
#14288=AXIS2_PLACEMENT_3D('',#20095,#16089,#16090);
#14289=AXIS2_PLACEMENT_3D('',#20096,#16091,#16092);
#14290=AXIS2_PLACEMENT_3D('',#20097,#16093,#16094);
#14291=AXIS2_PLACEMENT_3D('',#20098,#16095,#16096);
#14292=AXIS2_PLACEMENT_3D('',#20099,#16097,#16098);
#14293=AXIS2_PLACEMENT_3D('',#20100,#16099,#16100);
#14294=AXIS2_PLACEMENT_3D('',#20102,#16102,#16103);
#14295=AXIS2_PLACEMENT_3D('',#20103,#16104,#16105);
#14296=AXIS2_PLACEMENT_3D('',#20104,#16106,#16107);
#14297=AXIS2_PLACEMENT_3D('',#20105,#16108,#16109);
#14298=AXIS2_PLACEMENT_3D('',#20106,#16110,#16111);
#14299=AXIS2_PLACEMENT_3D('',#20107,#16112,#16113);
#14300=AXIS2_PLACEMENT_3D('',#20108,#16114,#16115);
#14301=AXIS2_PLACEMENT_3D('',#20109,#16116,#16117);
#14302=AXIS2_PLACEMENT_3D('',#20110,#16118,#16119);
#14303=AXIS2_PLACEMENT_3D('',#20111,#16120,#16121);
#14304=AXIS2_PLACEMENT_3D('',#20112,#16122,#16123);
#14305=AXIS2_PLACEMENT_3D('',#20113,#16124,#16125);
#14306=AXIS2_PLACEMENT_3D('',#20114,#16126,#16127);
#14307=AXIS2_PLACEMENT_3D('',#20115,#16128,#16129);
#14308=AXIS2_PLACEMENT_3D('',#20116,#16130,#16131);
#14309=AXIS2_PLACEMENT_3D('',#20117,#16132,#16133);
#14310=AXIS2_PLACEMENT_3D('',#20118,#16134,#16135);
#14311=AXIS2_PLACEMENT_3D('',#20119,#16136,#16137);
#14312=AXIS2_PLACEMENT_3D('',#20120,#16138,#16139);
#14313=AXIS2_PLACEMENT_3D('',#20121,#16140,#16141);
#14314=AXIS2_PLACEMENT_3D('',#20122,#16142,#16143);
#14315=AXIS2_PLACEMENT_3D('',#20123,#16144,#16145);
#14316=AXIS2_PLACEMENT_3D('',#20124,#16146,#16147);
#14317=AXIS2_PLACEMENT_3D('',#20126,#16149,#16150);
#14318=AXIS2_PLACEMENT_3D('',#20128,#16152,#16153);
#14319=AXIS2_PLACEMENT_3D('',#20130,#16155,#16156);
#14320=AXIS2_PLACEMENT_3D('',#20131,#16157,#16158);
#14321=AXIS2_PLACEMENT_3D('',#20133,#16160,#16161);
#14322=AXIS2_PLACEMENT_3D('',#20135,#16163,#16164);
#14323=AXIS2_PLACEMENT_3D('',#20137,#16166,#16167);
#14324=AXIS2_PLACEMENT_3D('',#20138,#16168,#16169);
#14325=AXIS2_PLACEMENT_3D('',#20140,#16171,#16172);
#14326=AXIS2_PLACEMENT_3D('',#20142,#16174,#16175);
#14327=AXIS2_PLACEMENT_3D('',#20144,#16177,#16178);
#14328=AXIS2_PLACEMENT_3D('',#20145,#16179,#16180);
#14329=AXIS2_PLACEMENT_3D('',#20147,#16182,#16183);
#14330=AXIS2_PLACEMENT_3D('',#20149,#16185,#16186);
#14331=AXIS2_PLACEMENT_3D('',#20151,#16188,#16189);
#14332=AXIS2_PLACEMENT_3D('',#20152,#16190,#16191);
#14333=AXIS2_PLACEMENT_3D('',#20154,#16193,#16194);
#14334=AXIS2_PLACEMENT_3D('',#20156,#16196,#16197);
#14335=AXIS2_PLACEMENT_3D('',#20158,#16199,#16200);
#14336=AXIS2_PLACEMENT_3D('',#20159,#16201,#16202);
#14337=AXIS2_PLACEMENT_3D('',#20161,#16204,#16205);
#14338=AXIS2_PLACEMENT_3D('',#20163,#16207,#16208);
#14339=AXIS2_PLACEMENT_3D('',#20165,#16210,#16211);
#14340=AXIS2_PLACEMENT_3D('',#20166,#16212,#16213);
#14341=AXIS2_PLACEMENT_3D('',#20168,#16215,#16216);
#14342=AXIS2_PLACEMENT_3D('',#20170,#16218,#16219);
#14343=AXIS2_PLACEMENT_3D('',#20172,#16221,#16222);
#14344=AXIS2_PLACEMENT_3D('',#20173,#16223,#16224);
#14345=AXIS2_PLACEMENT_3D('',#20176,#16227,#16228);
#14346=AXIS2_PLACEMENT_3D('',#20178,#16230,#16231);
#14347=AXIS2_PLACEMENT_3D('',#20180,#16233,#16234);
#14348=AXIS2_PLACEMENT_3D('',#20181,#16235,#16236);
#14349=AXIS2_PLACEMENT_3D('',#20182,#16237,#16238);
#14350=AXIS2_PLACEMENT_3D('',#20183,#16239,#16240);
#14351=AXIS2_PLACEMENT_3D('',#20184,#16241,#16242);
#14352=AXIS2_PLACEMENT_3D('',#20185,#16243,#16244);
#14353=AXIS2_PLACEMENT_3D('',#20186,#16245,#16246);
#14354=AXIS2_PLACEMENT_3D('',#20187,#16247,#16248);
#14355=AXIS2_PLACEMENT_3D('',#20188,#16249,#16250);
#14356=AXIS2_PLACEMENT_3D('',#20189,#16251,#16252);
#14357=AXIS2_PLACEMENT_3D('',#20190,#16253,#16254);
#14358=AXIS2_PLACEMENT_3D('',#20191,#16255,#16256);
#14359=AXIS2_PLACEMENT_3D('',#20192,#16257,#16258);
#14360=AXIS2_PLACEMENT_3D('',#20193,#16259,#16260);
#14361=AXIS2_PLACEMENT_3D('',#20194,#16261,#16262);
#14362=AXIS2_PLACEMENT_3D('',#20195,#16263,#16264);
#14363=AXIS2_PLACEMENT_3D('',#20196,#16265,#16266);
#14364=AXIS2_PLACEMENT_3D('',#20197,#16267,#16268);
#14365=AXIS2_PLACEMENT_3D('',#20200,#16271,#16272);
#14366=AXIS2_PLACEMENT_3D('',#20201,#16273,#16274);
#14367=AXIS2_PLACEMENT_3D('',#20203,#16276,#16277);
#14368=AXIS2_PLACEMENT_3D('',#20205,#16279,#16280);
#14369=AXIS2_PLACEMENT_3D('',#20206,#16281,#16282);
#14370=AXIS2_PLACEMENT_3D('',#20212,#16286,#16287);
#14371=AXIS2_PLACEMENT_3D('',#20218,#16291,#16292);
#14372=AXIS2_PLACEMENT_3D('',#20221,#16295,#16296);
#14373=AXIS2_PLACEMENT_3D('',#20222,#16297,#16298);
#14374=AXIS2_PLACEMENT_3D('',#20223,#16299,#16300);
#14375=AXIS2_PLACEMENT_3D('',#20227,#16303,#16304);
#14376=AXIS2_PLACEMENT_3D('',#20229,#16306,#16307);
#14377=AXIS2_PLACEMENT_3D('',#20230,#16308,#16309);
#14378=AXIS2_PLACEMENT_3D('',#20234,#16312,#16313);
#14379=AXIS2_PLACEMENT_3D('',#20236,#16315,#16316);
#14380=AXIS2_PLACEMENT_3D('',#20237,#16317,#16318);
#14381=AXIS2_PLACEMENT_3D('',#20241,#16321,#16322);
#14382=AXIS2_PLACEMENT_3D('',#20243,#16324,#16325);
#14383=AXIS2_PLACEMENT_3D('',#20244,#16326,#16327);
#14384=AXIS2_PLACEMENT_3D('',#20248,#16330,#16331);
#14385=AXIS2_PLACEMENT_3D('',#20250,#16333,#16334);
#14386=AXIS2_PLACEMENT_3D('',#20251,#16335,#16336);
#14387=AXIS2_PLACEMENT_3D('',#20255,#16339,#16340);
#14388=AXIS2_PLACEMENT_3D('',#20257,#16342,#16343);
#14389=AXIS2_PLACEMENT_3D('',#20258,#16344,#16345);
#14390=AXIS2_PLACEMENT_3D('',#20262,#16348,#16349);
#14391=AXIS2_PLACEMENT_3D('',#20264,#16351,#16352);
#14392=AXIS2_PLACEMENT_3D('',#20265,#16353,#16354);
#14393=AXIS2_PLACEMENT_3D('',#20269,#16357,#16358);
#14394=AXIS2_PLACEMENT_3D('',#20271,#16360,#16361);
#14395=AXIS2_PLACEMENT_3D('',#20272,#16362,#16363);
#14396=AXIS2_PLACEMENT_3D('',#20276,#16366,#16367);
#14397=AXIS2_PLACEMENT_3D('',#20278,#16369,#16370);
#14398=AXIS2_PLACEMENT_3D('',#20279,#16371,#16372);
#14399=AXIS2_PLACEMENT_3D('',#20285,#16376,#16377);
#14400=AXIS2_PLACEMENT_3D('',#20287,#16379,#16380);
#14401=AXIS2_PLACEMENT_3D('',#20289,#16382,#16383);
#14402=AXIS2_PLACEMENT_3D('',#20290,#16384,#16385);
#14403=AXIS2_PLACEMENT_3D('',#20296,#16389,#16390);
#14404=AXIS2_PLACEMENT_3D('',#20302,#16394,#16395);
#14405=AXIS2_PLACEMENT_3D('',#20308,#16399,#16400);
#14406=AXIS2_PLACEMENT_3D('',#20309,#16401,#16402);
#14407=AXIS2_PLACEMENT_3D('',#20310,#16403,#16404);
#14408=AXIS2_PLACEMENT_3D('',#20311,#16405,#16406);
#14409=AXIS2_PLACEMENT_3D('',#20312,#16407,#16408);
#14410=AXIS2_PLACEMENT_3D('',#20313,#16409,#16410);
#14411=AXIS2_PLACEMENT_3D('',#20314,#16411,#16412);
#14412=AXIS2_PLACEMENT_3D('',#20315,#16413,#16414);
#14413=AXIS2_PLACEMENT_3D('',#20316,#16415,#16416);
#14414=AXIS2_PLACEMENT_3D('',#20325,#16421,#16422);
#14415=AXIS2_PLACEMENT_3D('',#20334,#16427,#16428);
#14416=AXIS2_PLACEMENT_3D('',#20343,#16433,#16434);
#14417=AXIS2_PLACEMENT_3D('',#20352,#16439,#16440);
#14418=AXIS2_PLACEMENT_3D('',#20361,#16445,#16446);
#14419=AXIS2_PLACEMENT_3D('',#20370,#16451,#16452);
#14420=AXIS2_PLACEMENT_3D('',#20379,#16457,#16458);
#14421=AXIS2_PLACEMENT_3D('',#20388,#16463,#16464);
#14422=AXIS2_PLACEMENT_3D('',#20397,#16469,#16470);
#14423=AXIS2_PLACEMENT_3D('',#20406,#16475,#16476);
#14424=AXIS2_PLACEMENT_3D('',#20415,#16481,#16482);
#14425=AXIS2_PLACEMENT_3D('',#20424,#16487,#16488);
#14426=AXIS2_PLACEMENT_3D('',#20431,#16492,#16493);
#14427=AXIS2_PLACEMENT_3D('',#20435,#16495,#16496);
#14428=AXIS2_PLACEMENT_3D('',#20443,#16500,#16501);
#14429=AXIS2_PLACEMENT_3D('',#20447,#16503,#16504);
#14430=AXIS2_PLACEMENT_3D('',#20455,#16508,#16509);
#14431=AXIS2_PLACEMENT_3D('',#20460,#16512,#16513);
#14432=AXIS2_PLACEMENT_3D('',#20466,#16517,#16518);
#14433=AXIS2_PLACEMENT_3D('',#20475,#16523,#16524);
#14434=AXIS2_PLACEMENT_3D('',#20479,#16527,#16528);
#14435=AXIS2_PLACEMENT_3D('',#20487,#16532,#16533);
#14436=AXIS2_PLACEMENT_3D('',#20491,#16535,#16536);
#14437=AXIS2_PLACEMENT_3D('',#20499,#16540,#16541);
#14438=AXIS2_PLACEMENT_3D('',#20503,#16543,#16544);
#14439=AXIS2_PLACEMENT_3D('',#20508,#16547,#16548);
#14440=AXIS2_PLACEMENT_3D('',#20517,#16553,#16554);
#14441=AXIS2_PLACEMENT_3D('',#20521,#16556,#16557);
#14442=AXIS2_PLACEMENT_3D('',#20529,#16561,#16562);
#14443=AXIS2_PLACEMENT_3D('',#20532,#16564,#16565);
#14444=AXIS2_PLACEMENT_3D('',#20537,#16568,#16569);
#14445=AXIS2_PLACEMENT_3D('',#20545,#16573,#16574);
#14446=AXIS2_PLACEMENT_3D('',#20549,#16576,#16577);
#14447=AXIS2_PLACEMENT_3D('',#20556,#16581,#16582);
#14448=AXIS2_PLACEMENT_3D('',#20559,#16585,#16586);
#14449=AXIS2_PLACEMENT_3D('',#20568,#16591,#16592);
#14450=AXIS2_PLACEMENT_3D('',#20572,#16594,#16595);
#14451=AXIS2_PLACEMENT_3D('',#20580,#16599,#16600);
#14452=AXIS2_PLACEMENT_3D('',#20583,#16602,#16603);
#14453=AXIS2_PLACEMENT_3D('',#20588,#16606,#16607);
#14454=AXIS2_PLACEMENT_3D('',#20596,#16611,#16612);
#14455=AXIS2_PLACEMENT_3D('',#20600,#16614,#16615);
#14456=AXIS2_PLACEMENT_3D('',#20607,#16619,#16620);
#14457=AXIS2_PLACEMENT_3D('',#20610,#16623,#16624);
#14458=AXIS2_PLACEMENT_3D('',#20619,#16629,#16630);
#14459=AXIS2_PLACEMENT_3D('',#20623,#16632,#16633);
#14460=AXIS2_PLACEMENT_3D('',#20631,#16637,#16638);
#14461=AXIS2_PLACEMENT_3D('',#20634,#16640,#16641);
#14462=AXIS2_PLACEMENT_3D('',#20639,#16644,#16645);
#14463=AXIS2_PLACEMENT_3D('',#20647,#16649,#16650);
#14464=AXIS2_PLACEMENT_3D('',#20651,#16652,#16653);
#14465=AXIS2_PLACEMENT_3D('',#20658,#16657,#16658);
#14466=AXIS2_PLACEMENT_3D('',#20661,#16661,#16662);
#14467=AXIS2_PLACEMENT_3D('',#20670,#16667,#16668);
#14468=AXIS2_PLACEMENT_3D('',#20674,#16670,#16671);
#14469=AXIS2_PLACEMENT_3D('',#20682,#16675,#16676);
#14470=AXIS2_PLACEMENT_3D('',#20685,#16678,#16679);
#14471=AXIS2_PLACEMENT_3D('',#20690,#16682,#16683);
#14472=AXIS2_PLACEMENT_3D('',#20698,#16687,#16688);
#14473=AXIS2_PLACEMENT_3D('',#20702,#16690,#16691);
#14474=AXIS2_PLACEMENT_3D('',#20709,#16695,#16696);
#14475=AXIS2_PLACEMENT_3D('',#20712,#16699,#16700);
#14476=AXIS2_PLACEMENT_3D('',#20721,#16705,#16706);
#14477=AXIS2_PLACEMENT_3D('',#20725,#16708,#16709);
#14478=AXIS2_PLACEMENT_3D('',#20733,#16713,#16714);
#14479=AXIS2_PLACEMENT_3D('',#20736,#16716,#16717);
#14480=AXIS2_PLACEMENT_3D('',#20741,#16720,#16721);
#14481=AXIS2_PLACEMENT_3D('',#20749,#16725,#16726);
#14482=AXIS2_PLACEMENT_3D('',#20753,#16728,#16729);
#14483=AXIS2_PLACEMENT_3D('',#20760,#16733,#16734);
#14484=AXIS2_PLACEMENT_3D('',#20763,#16737,#16738);
#14485=AXIS2_PLACEMENT_3D('',#20772,#16743,#16744);
#14486=AXIS2_PLACEMENT_3D('',#20776,#16746,#16747);
#14487=AXIS2_PLACEMENT_3D('',#20784,#16751,#16752);
#14488=AXIS2_PLACEMENT_3D('',#20787,#16754,#16755);
#14489=AXIS2_PLACEMENT_3D('',#20792,#16758,#16759);
#14490=AXIS2_PLACEMENT_3D('',#20800,#16763,#16764);
#14491=AXIS2_PLACEMENT_3D('',#20804,#16766,#16767);
#14492=AXIS2_PLACEMENT_3D('',#20811,#16771,#16772);
#14493=AXIS2_PLACEMENT_3D('',#20814,#16775,#16776);
#14494=AXIS2_PLACEMENT_3D('',#20821,#16780,#16781);
#14495=AXIS2_PLACEMENT_3D('',#20825,#16783,#16784);
#14496=AXIS2_PLACEMENT_3D('',#20832,#16788,#16789);
#14497=AXIS2_PLACEMENT_3D('',#20838,#16793,#16794);
#14498=AXIS2_PLACEMENT_3D('',#20844,#16798,#16799);
#14499=AXIS2_PLACEMENT_3D('',#20848,#16801,#16802);
#14500=AXIS2_PLACEMENT_3D('',#20853,#16805,#16806);
#14501=AXIS2_PLACEMENT_3D('',#20860,#16810,#16811);
#14502=AXIS2_PLACEMENT_3D('',#20864,#16813,#16814);
#14503=AXIS2_PLACEMENT_3D('',#20871,#16818,#16819);
#14504=AXIS2_PLACEMENT_3D('',#20877,#16823,#16824);
#14505=AXIS2_PLACEMENT_3D('',#20883,#16828,#16829);
#14506=AXIS2_PLACEMENT_3D('',#20887,#16831,#16832);
#14507=AXIS2_PLACEMENT_3D('',#20892,#16835,#16836);
#14508=AXIS2_PLACEMENT_3D('',#20899,#16840,#16841);
#14509=AXIS2_PLACEMENT_3D('',#20903,#16843,#16844);
#14510=AXIS2_PLACEMENT_3D('',#20910,#16848,#16849);
#14511=AXIS2_PLACEMENT_3D('',#20916,#16853,#16854);
#14512=AXIS2_PLACEMENT_3D('',#20922,#16858,#16859);
#14513=AXIS2_PLACEMENT_3D('',#20926,#16861,#16862);
#14514=AXIS2_PLACEMENT_3D('',#20931,#16865,#16866);
#14515=AXIS2_PLACEMENT_3D('',#20938,#16870,#16871);
#14516=AXIS2_PLACEMENT_3D('',#20942,#16873,#16874);
#14517=AXIS2_PLACEMENT_3D('',#20949,#16878,#16879);
#14518=AXIS2_PLACEMENT_3D('',#20955,#16883,#16884);
#14519=AXIS2_PLACEMENT_3D('',#20961,#16888,#16889);
#14520=AXIS2_PLACEMENT_3D('',#20965,#16891,#16892);
#14521=AXIS2_PLACEMENT_3D('',#20970,#16895,#16896);
#14522=AXIS2_PLACEMENT_3D('',#20977,#16900,#16901);
#14523=AXIS2_PLACEMENT_3D('',#20981,#16903,#16904);
#14524=AXIS2_PLACEMENT_3D('',#20988,#16908,#16909);
#14525=AXIS2_PLACEMENT_3D('',#20994,#16913,#16914);
#14526=AXIS2_PLACEMENT_3D('',#21000,#16918,#16919);
#14527=AXIS2_PLACEMENT_3D('',#21004,#16921,#16922);
#14528=AXIS2_PLACEMENT_3D('',#21009,#16925,#16926);
#14529=AXIS2_PLACEMENT_3D('',#21018,#16931,#16932);
#14530=AXIS2_PLACEMENT_3D('',#21022,#16934,#16935);
#14531=AXIS2_PLACEMENT_3D('',#21027,#16938,#16939);
#14532=AXIS2_PLACEMENT_3D('',#21033,#16943,#16944);
#14533=AXIS2_PLACEMENT_3D('',#21039,#16948,#16949);
#14534=AXIS2_PLACEMENT_3D('',#21043,#16951,#16952);
#14535=AXIS2_PLACEMENT_3D('',#21048,#16955,#16956);
#14536=AXIS2_PLACEMENT_3D('',#21051,#16959,#16960);
#14537=AXIS2_PLACEMENT_3D('',#21054,#16963,#16964);
#14538=AXIS2_PLACEMENT_3D('',#21057,#16967,#16968);
#14539=AXIS2_PLACEMENT_3D('',#21060,#16971,#16972);
#14540=AXIS2_PLACEMENT_3D('',#21063,#16975,#16976);
#14541=AXIS2_PLACEMENT_3D('',#21066,#16979,#16980);
#14542=AXIS2_PLACEMENT_3D('',#21067,#16981,#16982);
#14543=AXIS2_PLACEMENT_3D('',#21068,#16983,#16984);
#14544=AXIS2_PLACEMENT_3D('',#21069,#16985,#16986);
#14545=AXIS2_PLACEMENT_3D('',#21070,#16987,#16988);
#14546=AXIS2_PLACEMENT_3D('',#21071,#16989,#16990);
#14547=AXIS2_PLACEMENT_3D('',#21072,#16991,#16992);
#14548=AXIS2_PLACEMENT_3D('',#21074,#16994,#16995);
#14549=AXIS2_PLACEMENT_3D('',#21076,#16997,#16998);
#14550=AXIS2_PLACEMENT_3D('',#21078,#17000,#17001);
#14551=AXIS2_PLACEMENT_3D('',#21080,#17003,#17004);
#14552=AXIS2_PLACEMENT_3D('',#21082,#17006,#17007);
#14553=AXIS2_PLACEMENT_3D('',#21084,#17009,#17010);
#14554=AXIS2_PLACEMENT_3D('',#21086,#17012,#17013);
#14555=AXIS2_PLACEMENT_3D('',#21088,#17015,#17016);
#14556=AXIS2_PLACEMENT_3D('',#21090,#17018,#17019);
#14557=AXIS2_PLACEMENT_3D('',#21092,#17021,#17022);
#14558=AXIS2_PLACEMENT_3D('',#21094,#17024,#17025);
#14559=AXIS2_PLACEMENT_3D('',#21096,#17027,#17028);
#14560=AXIS2_PLACEMENT_3D('',#21098,#17030,#17031);
#14561=AXIS2_PLACEMENT_3D('',#21100,#17033,#17034);
#14562=AXIS2_PLACEMENT_3D('',#21102,#17036,#17037);
#14563=AXIS2_PLACEMENT_3D('',#21104,#17039,#17040);
#14564=AXIS2_PLACEMENT_3D('',#21106,#17042,#17043);
#14565=AXIS2_PLACEMENT_3D('',#21108,#17045,#17046);
#14566=AXIS2_PLACEMENT_3D('',#21110,#17048,#17049);
#14567=AXIS2_PLACEMENT_3D('',#21112,#17051,#17052);
#14568=AXIS2_PLACEMENT_3D('',#21114,#17054,#17055);
#14569=AXIS2_PLACEMENT_3D('',#21116,#17057,#17058);
#14570=AXIS2_PLACEMENT_3D('',#21118,#17060,#17061);
#14571=AXIS2_PLACEMENT_3D('',#21120,#17063,#17064);
#14572=AXIS2_PLACEMENT_3D('',#21122,#17066,#17067);
#14573=AXIS2_PLACEMENT_3D('',#21124,#17069,#17070);
#14574=AXIS2_PLACEMENT_3D('',#21126,#17072,#17073);
#14575=AXIS2_PLACEMENT_3D('',#21128,#17075,#17076);
#14576=AXIS2_PLACEMENT_3D('',#21130,#17078,#17079);
#14577=AXIS2_PLACEMENT_3D('',#21132,#17081,#17082);
#14578=AXIS2_PLACEMENT_3D('',#21134,#17084,#17085);
#14579=AXIS2_PLACEMENT_3D('',#21136,#17087,#17088);
#14580=AXIS2_PLACEMENT_3D('',#21138,#17090,#17091);
#14581=AXIS2_PLACEMENT_3D('',#21140,#17093,#17094);
#14582=AXIS2_PLACEMENT_3D('',#21142,#17096,#17097);
#14583=AXIS2_PLACEMENT_3D('',#21144,#17099,#17100);
#14584=AXIS2_PLACEMENT_3D('',#21147,#17103,#17104);
#14585=AXIS2_PLACEMENT_3D('',#21150,#17107,#17108);
#14586=AXIS2_PLACEMENT_3D('',#21153,#17111,#17112);
#14587=AXIS2_PLACEMENT_3D('',#21156,#17115,#17116);
#14588=AXIS2_PLACEMENT_3D('',#21159,#17119,#17120);
#14589=AXIS2_PLACEMENT_3D('',#21162,#17123,#17124);
#14590=AXIS2_PLACEMENT_3D('',#21164,#17126,#17127);
#14591=AXIS2_PLACEMENT_3D('',#21166,#17129,#17130);
#14592=AXIS2_PLACEMENT_3D('',#21168,#17132,#17133);
#14593=AXIS2_PLACEMENT_3D('',#21170,#17135,#17136);
#14594=AXIS2_PLACEMENT_3D('',#21172,#17138,#17139);
#14595=AXIS2_PLACEMENT_3D('',#21174,#17141,#17142);
#14596=AXIS2_PLACEMENT_3D('',#21176,#17144,#17145);
#14597=AXIS2_PLACEMENT_3D('',#21178,#17147,#17148);
#14598=AXIS2_PLACEMENT_3D('',#21180,#17150,#17151);
#14599=AXIS2_PLACEMENT_3D('',#21182,#17153,#17154);
#14600=AXIS2_PLACEMENT_3D('',#21184,#17156,#17157);
#14601=AXIS2_PLACEMENT_3D('',#21186,#17159,#17160);
#14602=AXIS2_PLACEMENT_3D('',#21188,#17162,#17163);
#14603=AXIS2_PLACEMENT_3D('',#21190,#17165,#17166);
#14604=AXIS2_PLACEMENT_3D('',#21192,#17168,#17169);
#14605=AXIS2_PLACEMENT_3D('',#21194,#17171,#17172);
#14606=AXIS2_PLACEMENT_3D('',#21196,#17174,#17175);
#14607=AXIS2_PLACEMENT_3D('',#21198,#17177,#17178);
#14608=AXIS2_PLACEMENT_3D('',#21200,#17180,#17181);
#14609=AXIS2_PLACEMENT_3D('',#21202,#17183,#17184);
#14610=AXIS2_PLACEMENT_3D('',#21204,#17186,#17187);
#14611=AXIS2_PLACEMENT_3D('',#21206,#17189,#17190);
#14612=AXIS2_PLACEMENT_3D('',#21208,#17192,#17193);
#14613=AXIS2_PLACEMENT_3D('',#21210,#17195,#17196);
#14614=AXIS2_PLACEMENT_3D('',#21212,#17198,#17199);
#14615=AXIS2_PLACEMENT_3D('',#21214,#17201,#17202);
#14616=AXIS2_PLACEMENT_3D('',#21216,#17204,#17205);
#14617=AXIS2_PLACEMENT_3D('',#21218,#17207,#17208);
#14618=AXIS2_PLACEMENT_3D('',#21220,#17210,#17211);
#14619=AXIS2_PLACEMENT_3D('',#21222,#17213,#17214);
#14620=AXIS2_PLACEMENT_3D('',#21223,#17215,#17216);
#14621=AXIS2_PLACEMENT_3D('',#21224,#17217,#17218);
#14622=AXIS2_PLACEMENT_3D('',#21225,#17219,#17220);
#14623=AXIS2_PLACEMENT_3D('',#21226,#17221,#17222);
#14624=AXIS2_PLACEMENT_3D('',#21227,#17223,#17224);
#14625=AXIS2_PLACEMENT_3D('',#21228,#17225,#17226);
#14626=AXIS2_PLACEMENT_3D('',#21231,#17229,#17230);
#14627=AXIS2_PLACEMENT_3D('',#21232,#17231,#17232);
#14628=AXIS2_PLACEMENT_3D('',#21234,#17234,#17235);
#14629=AXIS2_PLACEMENT_3D('',#21236,#17237,#17238);
#14630=AXIS2_PLACEMENT_3D('',#21238,#17240,#17241);
#14631=AXIS2_PLACEMENT_3D('',#21240,#17243,#17244);
#14632=AXIS2_PLACEMENT_3D('',#21242,#17246,#17247);
#14633=AXIS2_PLACEMENT_3D('',#21244,#17249,#17250);
#14634=AXIS2_PLACEMENT_3D('',#21246,#17252,#17253);
#14635=AXIS2_PLACEMENT_3D('',#21248,#17255,#17256);
#14636=AXIS2_PLACEMENT_3D('',#21250,#17258,#17259);
#14637=AXIS2_PLACEMENT_3D('',#21252,#17261,#17262);
#14638=AXIS2_PLACEMENT_3D('',#21254,#17264,#17265);
#14639=AXIS2_PLACEMENT_3D('',#21256,#17267,#17268);
#14640=AXIS2_PLACEMENT_3D('',#21258,#17270,#17271);
#14641=AXIS2_PLACEMENT_3D('',#21259,#17272,#17273);
#14642=AXIS2_PLACEMENT_3D('',#21260,#17274,#17275);
#14643=AXIS2_PLACEMENT_3D('',#21261,#17276,#17277);
#14644=AXIS2_PLACEMENT_3D('',#21270,#17282,#17283);
#14645=AXIS2_PLACEMENT_3D('',#21279,#17288,#17289);
#14646=AXIS2_PLACEMENT_3D('',#21288,#17294,#17295);
#14647=AXIS2_PLACEMENT_3D('',#21297,#17300,#17301);
#14648=AXIS2_PLACEMENT_3D('',#21306,#17306,#17307);
#14649=AXIS2_PLACEMENT_3D('',#21315,#17312,#17313);
#14650=AXIS2_PLACEMENT_3D('',#21324,#17318,#17319);
#14651=AXIS2_PLACEMENT_3D('',#21333,#17324,#17325);
#14652=AXIS2_PLACEMENT_3D('',#21342,#17330,#17331);
#14653=AXIS2_PLACEMENT_3D('',#21351,#17336,#17337);
#14654=AXIS2_PLACEMENT_3D('',#21360,#17342,#17343);
#14655=AXIS2_PLACEMENT_3D('',#21369,#17348,#17349);
#14656=AXIS2_PLACEMENT_3D('',#21376,#17353,#17354);
#14657=AXIS2_PLACEMENT_3D('',#21386,#17359,#17360);
#14658=AXIS2_PLACEMENT_3D('',#21388,#17361,#17362);
#14659=AXIS2_PLACEMENT_3D('',#21392,#17364,#17365);
#14660=AXIS2_PLACEMENT_3D('',#21396,#17367,#17368);
#14661=AXIS2_PLACEMENT_3D('',#21400,#17370,#17371);
#14662=AXIS2_PLACEMENT_3D('',#21402,#17372,#17373);
#14663=AXIS2_PLACEMENT_3D('',#21410,#17377,#17378);
#14664=AXIS2_PLACEMENT_3D('',#21414,#17380,#17381);
#14665=AXIS2_PLACEMENT_3D('',#21421,#17385,#17386);
#14666=AXIS2_PLACEMENT_3D('',#21427,#17390,#17391);
#14667=AXIS2_PLACEMENT_3D('',#21436,#17396,#17397);
#14668=AXIS2_PLACEMENT_3D('',#21444,#17402,#17403);
#14669=AXIS2_PLACEMENT_3D('',#21448,#17405,#17406);
#14670=AXIS2_PLACEMENT_3D('',#21456,#17410,#17411);
#14671=AXIS2_PLACEMENT_3D('',#21458,#17412,#17413);
#14672=AXIS2_PLACEMENT_3D('',#21462,#17415,#17416);
#14673=AXIS2_PLACEMENT_3D('',#21466,#17418,#17419);
#14674=AXIS2_PLACEMENT_3D('',#21470,#17421,#17422);
#14675=AXIS2_PLACEMENT_3D('',#21472,#17423,#17424);
#14676=AXIS2_PLACEMENT_3D('',#21482,#17429,#17430);
#14677=AXIS2_PLACEMENT_3D('',#21485,#17432,#17433);
#14678=AXIS2_PLACEMENT_3D('',#21490,#17436,#17437);
#14679=AXIS2_PLACEMENT_3D('',#21500,#17442,#17443);
#14680=AXIS2_PLACEMENT_3D('',#21502,#17444,#17445);
#14681=AXIS2_PLACEMENT_3D('',#21506,#17447,#17448);
#14682=AXIS2_PLACEMENT_3D('',#21511,#17451,#17452);
#14683=AXIS2_PLACEMENT_3D('',#21518,#17456,#17457);
#14684=AXIS2_PLACEMENT_3D('',#21522,#17459,#17460);
#14685=AXIS2_PLACEMENT_3D('',#21524,#17461,#17462);
#14686=AXIS2_PLACEMENT_3D('',#21534,#17467,#17468);
#14687=AXIS2_PLACEMENT_3D('',#21537,#17470,#17471);
#14688=AXIS2_PLACEMENT_3D('',#21540,#17474,#17475);
#14689=AXIS2_PLACEMENT_3D('',#21545,#17478,#17479);
#14690=AXIS2_PLACEMENT_3D('',#21555,#17484,#17485);
#14691=AXIS2_PLACEMENT_3D('',#21557,#17486,#17487);
#14692=AXIS2_PLACEMENT_3D('',#21561,#17489,#17490);
#14693=AXIS2_PLACEMENT_3D('',#21566,#17493,#17494);
#14694=AXIS2_PLACEMENT_3D('',#21573,#17498,#17499);
#14695=AXIS2_PLACEMENT_3D('',#21577,#17501,#17502);
#14696=AXIS2_PLACEMENT_3D('',#21579,#17503,#17504);
#14697=AXIS2_PLACEMENT_3D('',#21589,#17509,#17510);
#14698=AXIS2_PLACEMENT_3D('',#21592,#17512,#17513);
#14699=AXIS2_PLACEMENT_3D('',#21595,#17516,#17517);
#14700=AXIS2_PLACEMENT_3D('',#21600,#17520,#17521);
#14701=AXIS2_PLACEMENT_3D('',#21610,#17526,#17527);
#14702=AXIS2_PLACEMENT_3D('',#21612,#17528,#17529);
#14703=AXIS2_PLACEMENT_3D('',#21616,#17531,#17532);
#14704=AXIS2_PLACEMENT_3D('',#21621,#17535,#17536);
#14705=AXIS2_PLACEMENT_3D('',#21628,#17540,#17541);
#14706=AXIS2_PLACEMENT_3D('',#21632,#17543,#17544);
#14707=AXIS2_PLACEMENT_3D('',#21634,#17545,#17546);
#14708=AXIS2_PLACEMENT_3D('',#21644,#17551,#17552);
#14709=AXIS2_PLACEMENT_3D('',#21647,#17554,#17555);
#14710=AXIS2_PLACEMENT_3D('',#21650,#17558,#17559);
#14711=AXIS2_PLACEMENT_3D('',#21655,#17562,#17563);
#14712=AXIS2_PLACEMENT_3D('',#21665,#17568,#17569);
#14713=AXIS2_PLACEMENT_3D('',#21667,#17570,#17571);
#14714=AXIS2_PLACEMENT_3D('',#21671,#17573,#17574);
#14715=AXIS2_PLACEMENT_3D('',#21676,#17577,#17578);
#14716=AXIS2_PLACEMENT_3D('',#21683,#17582,#17583);
#14717=AXIS2_PLACEMENT_3D('',#21687,#17585,#17586);
#14718=AXIS2_PLACEMENT_3D('',#21689,#17587,#17588);
#14719=AXIS2_PLACEMENT_3D('',#21699,#17593,#17594);
#14720=AXIS2_PLACEMENT_3D('',#21702,#17596,#17597);
#14721=AXIS2_PLACEMENT_3D('',#21705,#17600,#17601);
#14722=AXIS2_PLACEMENT_3D('',#21710,#17604,#17605);
#14723=AXIS2_PLACEMENT_3D('',#21720,#17610,#17611);
#14724=AXIS2_PLACEMENT_3D('',#21722,#17612,#17613);
#14725=AXIS2_PLACEMENT_3D('',#21726,#17615,#17616);
#14726=AXIS2_PLACEMENT_3D('',#21731,#17619,#17620);
#14727=AXIS2_PLACEMENT_3D('',#21738,#17624,#17625);
#14728=AXIS2_PLACEMENT_3D('',#21742,#17627,#17628);
#14729=AXIS2_PLACEMENT_3D('',#21744,#17629,#17630);
#14730=AXIS2_PLACEMENT_3D('',#21754,#17635,#17636);
#14731=AXIS2_PLACEMENT_3D('',#21757,#17638,#17639);
#14732=AXIS2_PLACEMENT_3D('',#21760,#17642,#17643);
#14733=AXIS2_PLACEMENT_3D('',#21765,#17646,#17647);
#14734=AXIS2_PLACEMENT_3D('',#21775,#17652,#17653);
#14735=AXIS2_PLACEMENT_3D('',#21777,#17654,#17655);
#14736=AXIS2_PLACEMENT_3D('',#21781,#17657,#17658);
#14737=AXIS2_PLACEMENT_3D('',#21786,#17661,#17662);
#14738=AXIS2_PLACEMENT_3D('',#21793,#17666,#17667);
#14739=AXIS2_PLACEMENT_3D('',#21797,#17669,#17670);
#14740=AXIS2_PLACEMENT_3D('',#21799,#17671,#17672);
#14741=AXIS2_PLACEMENT_3D('',#21809,#17677,#17678);
#14742=AXIS2_PLACEMENT_3D('',#21812,#17680,#17681);
#14743=AXIS2_PLACEMENT_3D('',#21815,#17684,#17685);
#14744=AXIS2_PLACEMENT_3D('',#21822,#17689,#17690);
#14745=AXIS2_PLACEMENT_3D('',#21826,#17692,#17693);
#14746=AXIS2_PLACEMENT_3D('',#21828,#17694,#17695);
#14747=AXIS2_PLACEMENT_3D('',#21836,#17699,#17700);
#14748=AXIS2_PLACEMENT_3D('',#21840,#17702,#17703);
#14749=AXIS2_PLACEMENT_3D('',#21847,#17707,#17708);
#14750=AXIS2_PLACEMENT_3D('',#21853,#17712,#17713);
#14751=AXIS2_PLACEMENT_3D('',#21861,#17718,#17719);
#14752=AXIS2_PLACEMENT_3D('',#21865,#17721,#17722);
#14753=AXIS2_PLACEMENT_3D('',#21873,#17726,#17727);
#14754=AXIS2_PLACEMENT_3D('',#21875,#17728,#17729);
#14755=AXIS2_PLACEMENT_3D('',#21879,#17731,#17732);
#14756=AXIS2_PLACEMENT_3D('',#21882,#17734,#17735);
#14757=AXIS2_PLACEMENT_3D('',#21889,#17739,#17740);
#14758=AXIS2_PLACEMENT_3D('',#21893,#17742,#17743);
#14759=AXIS2_PLACEMENT_3D('',#21895,#17744,#17745);
#14760=AXIS2_PLACEMENT_3D('',#21903,#17749,#17750);
#14761=AXIS2_PLACEMENT_3D('',#21907,#17752,#17753);
#14762=AXIS2_PLACEMENT_3D('',#21914,#17757,#17758);
#14763=AXIS2_PLACEMENT_3D('',#21920,#17762,#17763);
#14764=AXIS2_PLACEMENT_3D('',#21928,#17768,#17769);
#14765=AXIS2_PLACEMENT_3D('',#21932,#17771,#17772);
#14766=AXIS2_PLACEMENT_3D('',#21940,#17776,#17777);
#14767=AXIS2_PLACEMENT_3D('',#21942,#17778,#17779);
#14768=AXIS2_PLACEMENT_3D('',#21946,#17781,#17782);
#14769=AXIS2_PLACEMENT_3D('',#21949,#17784,#17785);
#14770=AXIS2_PLACEMENT_3D('',#21956,#17789,#17790);
#14771=AXIS2_PLACEMENT_3D('',#21960,#17792,#17793);
#14772=AXIS2_PLACEMENT_3D('',#21962,#17794,#17795);
#14773=AXIS2_PLACEMENT_3D('',#21970,#17799,#17800);
#14774=AXIS2_PLACEMENT_3D('',#21974,#17802,#17803);
#14775=AXIS2_PLACEMENT_3D('',#21981,#17807,#17808);
#14776=AXIS2_PLACEMENT_3D('',#21987,#17812,#17813);
#14777=AXIS2_PLACEMENT_3D('',#21995,#17818,#17819);
#14778=AXIS2_PLACEMENT_3D('',#21999,#17821,#17822);
#14779=AXIS2_PLACEMENT_3D('',#22007,#17826,#17827);
#14780=AXIS2_PLACEMENT_3D('',#22009,#17828,#17829);
#14781=AXIS2_PLACEMENT_3D('',#22013,#17831,#17832);
#14782=AXIS2_PLACEMENT_3D('',#22016,#17834,#17835);
#14783=AXIS2_PLACEMENT_3D('',#22023,#17839,#17840);
#14784=AXIS2_PLACEMENT_3D('',#22027,#17842,#17843);
#14785=AXIS2_PLACEMENT_3D('',#22029,#17844,#17845);
#14786=AXIS2_PLACEMENT_3D('',#22037,#17849,#17850);
#14787=AXIS2_PLACEMENT_3D('',#22041,#17852,#17853);
#14788=AXIS2_PLACEMENT_3D('',#22048,#17857,#17858);
#14789=AXIS2_PLACEMENT_3D('',#22054,#17862,#17863);
#14790=AXIS2_PLACEMENT_3D('',#22062,#17868,#17869);
#14791=AXIS2_PLACEMENT_3D('',#22066,#17871,#17872);
#14792=AXIS2_PLACEMENT_3D('',#22074,#17876,#17877);
#14793=AXIS2_PLACEMENT_3D('',#22076,#17878,#17879);
#14794=AXIS2_PLACEMENT_3D('',#22080,#17881,#17882);
#14795=AXIS2_PLACEMENT_3D('',#22083,#17884,#17885);
#14796=AXIS2_PLACEMENT_3D('',#22090,#17889,#17890);
#14797=AXIS2_PLACEMENT_3D('',#22094,#17892,#17893);
#14798=AXIS2_PLACEMENT_3D('',#22096,#17894,#17895);
#14799=AXIS2_PLACEMENT_3D('',#22104,#17899,#17900);
#14800=AXIS2_PLACEMENT_3D('',#22108,#17902,#17903);
#14801=AXIS2_PLACEMENT_3D('',#22115,#17907,#17908);
#14802=AXIS2_PLACEMENT_3D('',#22121,#17912,#17913);
#14803=AXIS2_PLACEMENT_3D('',#22129,#17918,#17919);
#14804=AXIS2_PLACEMENT_3D('',#22133,#17921,#17922);
#14805=AXIS2_PLACEMENT_3D('',#22141,#17926,#17927);
#14806=AXIS2_PLACEMENT_3D('',#22143,#17928,#17929);
#14807=AXIS2_PLACEMENT_3D('',#22147,#17931,#17932);
#14808=AXIS2_PLACEMENT_3D('',#22150,#17934,#17935);
#14809=AXIS2_PLACEMENT_3D('',#22159,#17940,#17941);
#14810=AXIS2_PLACEMENT_3D('',#22163,#17943,#17944);
#14811=AXIS2_PLACEMENT_3D('',#22171,#17948,#17949);
#14812=AXIS2_PLACEMENT_3D('',#22173,#17950,#17951);
#14813=AXIS2_PLACEMENT_3D('',#22177,#17953,#17954);
#14814=AXIS2_PLACEMENT_3D('',#22182,#17957,#17958);
#14815=AXIS2_PLACEMENT_3D('',#22188,#17962,#17963);
#14816=AXIS2_PLACEMENT_3D('',#22192,#17966,#17967);
#14817=AXIS2_PLACEMENT_3D('',#22196,#17969,#17970);
#14818=AXIS2_PLACEMENT_3D('',#22198,#17971,#17972);
#14819=AXIS2_PLACEMENT_3D('',#22206,#17976,#17977);
#14820=AXIS2_PLACEMENT_3D('',#22210,#17979,#17980);
#14821=AXIS2_PLACEMENT_3D('',#22217,#17984,#17985);
#14822=AXIS2_PLACEMENT_3D('',#22219,#17987,#17988);
#14823=AXIS2_PLACEMENT_3D('',#22221,#17990,#17991);
#14824=AXIS2_PLACEMENT_3D('',#22223,#17993,#17994);
#14825=AXIS2_PLACEMENT_3D('',#22225,#17996,#17997);
#14826=AXIS2_PLACEMENT_3D('',#22227,#17999,#18000);
#14827=AXIS2_PLACEMENT_3D('',#22229,#18002,#18003);
#14828=AXIS2_PLACEMENT_3D('',#22231,#18005,#18006);
#14829=AXIS2_PLACEMENT_3D('',#22233,#18008,#18009);
#14830=AXIS2_PLACEMENT_3D('',#22235,#18011,#18012);
#14831=AXIS2_PLACEMENT_3D('',#22237,#18014,#18015);
#14832=AXIS2_PLACEMENT_3D('',#22239,#18017,#18018);
#14833=AXIS2_PLACEMENT_3D('',#22241,#18020,#18021);
#14834=AXIS2_PLACEMENT_3D('',#22243,#18023,#18024);
#14835=AXIS2_PLACEMENT_3D('',#22245,#18026,#18027);
#14836=AXIS2_PLACEMENT_3D('',#22247,#18029,#18030);
#14837=AXIS2_PLACEMENT_3D('',#22249,#18032,#18033);
#14838=AXIS2_PLACEMENT_3D('',#22251,#18035,#18036);
#14839=AXIS2_PLACEMENT_3D('',#22253,#18038,#18039);
#14840=AXIS2_PLACEMENT_3D('',#22255,#18041,#18042);
#14841=AXIS2_PLACEMENT_3D('',#22257,#18044,#18045);
#14842=AXIS2_PLACEMENT_3D('',#22259,#18047,#18048);
#14843=AXIS2_PLACEMENT_3D('',#22261,#18050,#18051);
#14844=AXIS2_PLACEMENT_3D('',#22263,#18053,#18054);
#14845=AXIS2_PLACEMENT_3D('',#22265,#18056,#18057);
#14846=AXIS2_PLACEMENT_3D('',#22267,#18059,#18060);
#14847=AXIS2_PLACEMENT_3D('',#22269,#18062,#18063);
#14848=AXIS2_PLACEMENT_3D('',#22271,#18065,#18066);
#14849=AXIS2_PLACEMENT_3D('',#22273,#18068,#18069);
#14850=AXIS2_PLACEMENT_3D('',#22275,#18071,#18072);
#14851=AXIS2_PLACEMENT_3D('',#22277,#18074,#18075);
#14852=AXIS2_PLACEMENT_3D('',#22279,#18077,#18078);
#14853=AXIS2_PLACEMENT_3D('',#22281,#18080,#18081);
#14854=AXIS2_PLACEMENT_3D('',#22283,#18083,#18084);
#14855=AXIS2_PLACEMENT_3D('',#22285,#18086,#18087);
#14856=AXIS2_PLACEMENT_3D('',#22287,#18089,#18090);
#14857=AXIS2_PLACEMENT_3D('',#22289,#18092,#18093);
#14858=AXIS2_PLACEMENT_3D('',#22291,#18095,#18096);
#14859=AXIS2_PLACEMENT_3D('',#22293,#18098,#18099);
#14860=AXIS2_PLACEMENT_3D('',#22295,#18101,#18102);
#14861=AXIS2_PLACEMENT_3D('',#22297,#18104,#18105);
#14862=AXIS2_PLACEMENT_3D('',#22299,#18107,#18108);
#14863=AXIS2_PLACEMENT_3D('',#22301,#18110,#18111);
#14864=AXIS2_PLACEMENT_3D('',#22303,#18113,#18114);
#14865=AXIS2_PLACEMENT_3D('',#22305,#18116,#18117);
#14866=AXIS2_PLACEMENT_3D('',#22307,#18119,#18120);
#14867=AXIS2_PLACEMENT_3D('',#22309,#18122,#18123);
#14868=AXIS2_PLACEMENT_3D('',#22311,#18125,#18126);
#14869=AXIS2_PLACEMENT_3D('',#22313,#18128,#18129);
#14870=AXIS2_PLACEMENT_3D('',#22315,#18131,#18132);
#14871=AXIS2_PLACEMENT_3D('',#22317,#18134,#18135);
#14872=AXIS2_PLACEMENT_3D('',#22319,#18137,#18138);
#14873=AXIS2_PLACEMENT_3D('',#22321,#18140,#18141);
#14874=AXIS2_PLACEMENT_3D('',#22323,#18143,#18144);
#14875=AXIS2_PLACEMENT_3D('',#22325,#18146,#18147);
#14876=AXIS2_PLACEMENT_3D('',#22327,#18149,#18150);
#14877=AXIS2_PLACEMENT_3D('',#22329,#18152,#18153);
#14878=AXIS2_PLACEMENT_3D('',#22331,#18155,#18156);
#14879=AXIS2_PLACEMENT_3D('',#22333,#18158,#18159);
#14880=AXIS2_PLACEMENT_3D('',#22335,#18161,#18162);
#14881=AXIS2_PLACEMENT_3D('',#22337,#18164,#18165);
#14882=AXIS2_PLACEMENT_3D('',#22340,#18168,#18169);
#14883=AXIS2_PLACEMENT_3D('',#22343,#18172,#18173);
#14884=AXIS2_PLACEMENT_3D('',#22346,#18176,#18177);
#14885=AXIS2_PLACEMENT_3D('',#22349,#18180,#18181);
#14886=AXIS2_PLACEMENT_3D('',#22352,#18184,#18185);
#14887=AXIS2_PLACEMENT_3D('',#22355,#18188,#18189);
#14888=AXIS2_PLACEMENT_3D('',#22357,#18191,#18192);
#14889=AXIS2_PLACEMENT_3D('',#22359,#18194,#18195);
#14890=AXIS2_PLACEMENT_3D('',#22361,#18197,#18198);
#14891=AXIS2_PLACEMENT_3D('',#22363,#18200,#18201);
#14892=AXIS2_PLACEMENT_3D('',#22365,#18203,#18204);
#14893=AXIS2_PLACEMENT_3D('',#22367,#18206,#18207);
#14894=AXIS2_PLACEMENT_3D('',#22369,#18209,#18210);
#14895=AXIS2_PLACEMENT_3D('',#22371,#18212,#18213);
#14896=AXIS2_PLACEMENT_3D('',#22373,#18215,#18216);
#14897=AXIS2_PLACEMENT_3D('',#22375,#18218,#18219);
#14898=AXIS2_PLACEMENT_3D('',#22377,#18221,#18222);
#14899=AXIS2_PLACEMENT_3D('',#22379,#18224,#18225);
#14900=AXIS2_PLACEMENT_3D('',#22381,#18227,#18228);
#14901=AXIS2_PLACEMENT_3D('',#22383,#18230,#18231);
#14902=AXIS2_PLACEMENT_3D('',#22385,#18233,#18234);
#14903=AXIS2_PLACEMENT_3D('',#22387,#18236,#18237);
#14904=AXIS2_PLACEMENT_3D('',#22389,#18239,#18240);
#14905=AXIS2_PLACEMENT_3D('',#22391,#18242,#18243);
#14906=AXIS2_PLACEMENT_3D('',#22393,#18245,#18246);
#14907=AXIS2_PLACEMENT_3D('',#22395,#18248,#18249);
#14908=AXIS2_PLACEMENT_3D('',#22397,#18251,#18252);
#14909=AXIS2_PLACEMENT_3D('',#22399,#18254,#18255);
#14910=AXIS2_PLACEMENT_3D('',#22401,#18257,#18258);
#14911=AXIS2_PLACEMENT_3D('',#22403,#18260,#18261);
#14912=AXIS2_PLACEMENT_3D('',#22405,#18263,#18264);
#14913=AXIS2_PLACEMENT_3D('',#22407,#18266,#18267);
#14914=AXIS2_PLACEMENT_3D('',#22409,#18269,#18270);
#14915=AXIS2_PLACEMENT_3D('',#22411,#18272,#18273);
#14916=AXIS2_PLACEMENT_3D('',#22413,#18275,#18276);
#14917=AXIS2_PLACEMENT_3D('',#22415,#18278,#18279);
#14918=AXIS2_PLACEMENT_3D('',#22417,#18281,#18282);
#14919=AXIS2_PLACEMENT_3D('',#22419,#18284,#18285);
#14920=AXIS2_PLACEMENT_3D('',#22421,#18287,#18288);
#14921=AXIS2_PLACEMENT_3D('',#22423,#18290,#18291);
#14922=AXIS2_PLACEMENT_3D('',#22425,#18293,#18294);
#14923=AXIS2_PLACEMENT_3D('',#22427,#18296,#18297);
#14924=AXIS2_PLACEMENT_3D('',#22429,#18299,#18300);
#14925=AXIS2_PLACEMENT_3D('',#22431,#18302,#18303);
#14926=AXIS2_PLACEMENT_3D('',#22433,#18305,#18306);
#14927=AXIS2_PLACEMENT_3D('',#22435,#18308,#18309);
#14928=AXIS2_PLACEMENT_3D('',#22437,#18311,#18312);
#14929=AXIS2_PLACEMENT_3D('',#22439,#18314,#18315);
#14930=AXIS2_PLACEMENT_3D('',#22441,#18317,#18318);
#14931=AXIS2_PLACEMENT_3D('',#22443,#18320,#18321);
#14932=AXIS2_PLACEMENT_3D('',#22445,#18323,#18324);
#14933=AXIS2_PLACEMENT_3D('',#22447,#18326,#18327);
#14934=AXIS2_PLACEMENT_3D('',#22449,#18329,#18330);
#14935=AXIS2_PLACEMENT_3D('',#22451,#18332,#18333);
#14936=AXIS2_PLACEMENT_3D('',#22453,#18335,#18336);
#14937=AXIS2_PLACEMENT_3D('',#22455,#18338,#18339);
#14938=AXIS2_PLACEMENT_3D('',#22457,#18341,#18342);
#14939=AXIS2_PLACEMENT_3D('',#22459,#18344,#18345);
#14940=AXIS2_PLACEMENT_3D('',#22461,#18347,#18348);
#14941=AXIS2_PLACEMENT_3D('',#22463,#18350,#18351);
#14942=AXIS2_PLACEMENT_3D('',#22465,#18353,#18354);
#14943=AXIS2_PLACEMENT_3D('',#22467,#18356,#18357);
#14944=AXIS2_PLACEMENT_3D('',#22469,#18359,#18360);
#14945=AXIS2_PLACEMENT_3D('',#22471,#18362,#18363);
#14946=AXIS2_PLACEMENT_3D('',#22473,#18365,#18366);
#14947=AXIS2_PLACEMENT_3D('',#22475,#18368,#18369);
#14948=AXIS2_PLACEMENT_3D('',#22477,#18371,#18372);
#14949=AXIS2_PLACEMENT_3D('',#22479,#18374,#18375);
#14950=AXIS2_PLACEMENT_3D('',#22481,#18377,#18378);
#14951=AXIS2_PLACEMENT_3D('',#22483,#18380,#18381);
#14952=AXIS2_PLACEMENT_3D('',#22485,#18383,#18384);
#14953=AXIS2_PLACEMENT_3D('',#22487,#18386,#18387);
#14954=AXIS2_PLACEMENT_3D('',#22488,#18388,#18389);
#14955=AXIS2_PLACEMENT_3D('',#22489,#18390,#18391);
#14956=AXIS2_PLACEMENT_3D('',#22490,#18392,#18393);
#14957=AXIS2_PLACEMENT_3D('',#22491,#18394,#18395);
#14958=AXIS2_PLACEMENT_3D('',#22492,#18396,#18397);
#14959=AXIS2_PLACEMENT_3D('',#22493,#18398,#18399);
#14960=AXIS2_PLACEMENT_3D('',#22495,#18401,#18402);
#14961=AXIS2_PLACEMENT_3D('',#22497,#18404,#18405);
#14962=AXIS2_PLACEMENT_3D('',#22499,#18407,#18408);
#14963=AXIS2_PLACEMENT_3D('',#22501,#18410,#18411);
#14964=AXIS2_PLACEMENT_3D('',#22503,#18413,#18414);
#14965=AXIS2_PLACEMENT_3D('',#22505,#18416,#18417);
#14966=AXIS2_PLACEMENT_3D('',#22507,#18419,#18420);
#14967=AXIS2_PLACEMENT_3D('',#22509,#18422,#18423);
#14968=AXIS2_PLACEMENT_3D('',#22511,#18425,#18426);
#14969=AXIS2_PLACEMENT_3D('',#22513,#18428,#18429);
#14970=AXIS2_PLACEMENT_3D('',#22515,#18431,#18432);
#14971=AXIS2_PLACEMENT_3D('',#22517,#18434,#18435);
#14972=AXIS2_PLACEMENT_3D('',#22519,#18437,#18438);
#14973=AXIS2_PLACEMENT_3D('',#22521,#18440,#18441);
#14974=AXIS2_PLACEMENT_3D('',#22523,#18443,#18444);
#14975=AXIS2_PLACEMENT_3D('',#22525,#18446,#18447);
#14976=AXIS2_PLACEMENT_3D('',#22527,#18449,#18450);
#14977=AXIS2_PLACEMENT_3D('',#22529,#18452,#18453);
#14978=AXIS2_PLACEMENT_3D('',#22531,#18455,#18456);
#14979=AXIS2_PLACEMENT_3D('',#22533,#18458,#18459);
#14980=AXIS2_PLACEMENT_3D('',#22535,#18461,#18462);
#14981=AXIS2_PLACEMENT_3D('',#22537,#18464,#18465);
#14982=AXIS2_PLACEMENT_3D('',#22539,#18467,#18468);
#14983=AXIS2_PLACEMENT_3D('',#22540,#18469,#18470);
#14984=AXIS2_PLACEMENT_3D('',#22541,#18471,#18472);
#14985=AXIS2_PLACEMENT_3D('',#22542,#18473,#18474);
#14986=AXIS2_PLACEMENT_3D('',#22551,#18479,#18480);
#14987=AXIS2_PLACEMENT_3D('',#22557,#18484,#18485);
#14988=AXIS2_PLACEMENT_3D('',#22563,#18489,#18490);
#14989=AXIS2_PLACEMENT_3D('',#22569,#18494,#18495);
#14990=AXIS2_PLACEMENT_3D('',#22570,#18496,#18497);
#14991=AXIS2_PLACEMENT_3D('',#22574,#18499,#18500);
#14992=AXIS2_PLACEMENT_3D('',#22575,#18501,#18502);
#14993=AXIS2_PLACEMENT_3D('',#22581,#18506,#18507);
#14994=AXIS2_PLACEMENT_3D('',#22582,#18508,#18509);
#14995=AXIS2_PLACEMENT_3D('',#22586,#18511,#18512);
#14996=AXIS2_PLACEMENT_3D('',#22587,#18513,#18514);
#14997=AXIS2_PLACEMENT_3D('',#22593,#18518,#18519);
#14998=AXIS2_PLACEMENT_3D('',#22594,#18520,#18521);
#14999=AXIS2_PLACEMENT_3D('',#22598,#18523,#18524);
#15000=AXIS2_PLACEMENT_3D('',#22599,#18525,#18526);
#15001=AXIS2_PLACEMENT_3D('',#22605,#18530,#18531);
#15002=AXIS2_PLACEMENT_3D('',#22611,#18535,#18536);
#15003=AXIS2_PLACEMENT_3D('',#22617,#18540,#18541);
#15004=AXIS2_PLACEMENT_3D('',#22618,#18542,#18543);
#15005=AXIS2_PLACEMENT_3D('',#22622,#18545,#18546);
#15006=AXIS2_PLACEMENT_3D('',#22623,#18547,#18548);
#15007=AXIS2_PLACEMENT_3D('',#22629,#18552,#18553);
#15008=AXIS2_PLACEMENT_3D('',#22630,#18554,#18555);
#15009=AXIS2_PLACEMENT_3D('',#22634,#18557,#18558);
#15010=AXIS2_PLACEMENT_3D('',#22635,#18559,#18560);
#15011=AXIS2_PLACEMENT_3D('',#22641,#18564,#18565);
#15012=AXIS2_PLACEMENT_3D('',#22642,#18566,#18567);
#15013=AXIS2_PLACEMENT_3D('',#22646,#18569,#18570);
#15014=AXIS2_PLACEMENT_3D('',#22647,#18571,#18572);
#15015=AXIS2_PLACEMENT_3D('',#22653,#18576,#18577);
#15016=AXIS2_PLACEMENT_3D('',#22654,#18578,#18579);
#15017=AXIS2_PLACEMENT_3D('',#22658,#18581,#18582);
#15018=AXIS2_PLACEMENT_3D('',#22659,#18583,#18584);
#15019=AXIS2_PLACEMENT_3D('',#22665,#18588,#18589);
#15020=AXIS2_PLACEMENT_3D('',#22671,#18593,#18594);
#15021=AXIS2_PLACEMENT_3D('',#22677,#18598,#18599);
#15022=AXIS2_PLACEMENT_3D('',#22683,#18603,#18604);
#15023=AXIS2_PLACEMENT_3D('',#22689,#18608,#18609);
#15024=AXIS2_PLACEMENT_3D('',#22695,#18613,#18614);
#15025=AXIS2_PLACEMENT_3D('',#22696,#18615,#18616);
#15026=AXIS2_PLACEMENT_3D('',#22700,#18618,#18619);
#15027=AXIS2_PLACEMENT_3D('',#22701,#18620,#18621);
#15028=AXIS2_PLACEMENT_3D('',#22707,#18625,#18626);
#15029=AXIS2_PLACEMENT_3D('',#22708,#18627,#18628);
#15030=AXIS2_PLACEMENT_3D('',#22712,#18630,#18631);
#15031=AXIS2_PLACEMENT_3D('',#22713,#18632,#18633);
#15032=AXIS2_PLACEMENT_3D('',#22719,#18637,#18638);
#15033=AXIS2_PLACEMENT_3D('',#22722,#18641,#18642);
#15034=AXIS2_PLACEMENT_3D('',#22723,#18643,#18644);
#15035=AXIS2_PLACEMENT_3D('',#22724,#18645,#18646);
#15036=AXIS2_PLACEMENT_3D('',#22725,#18647,#18648);
#15037=DIRECTION('',(0.,0.,1.));
#15038=DIRECTION('',(1.,0.,0.));
#15039=DIRECTION('',(0.,-0.342020150545488,0.939692618158109));
#15040=DIRECTION('',(0.,-0.939692618158109,-0.342020150545488));
#15041=DIRECTION('',(-1.,0.,0.));
#15042=DIRECTION('',(0.,-0.939692618158109,-0.342020150545488));
#15043=DIRECTION('',(-1.,0.,0.));
#15044=DIRECTION('',(0.,0.939692618158109,0.342020150545488));
#15045=DIRECTION('',(0.,0.707106781186548,0.707106781186547));
#15046=DIRECTION('',(0.,-0.707106781186547,0.707106781186548));
#15047=DIRECTION('',(-1.,0.,0.));
#15048=DIRECTION('',(0.,-0.707106781186547,0.707106781186548));
#15049=DIRECTION('',(-1.,0.,0.));
#15050=DIRECTION('',(0.,0.707106781186547,-0.707106781186548));
#15051=DIRECTION('',(0.,-9.03501810404586E-16,1.));
#15052=DIRECTION('',(0.,-1.,-9.03501810404586E-16));
#15053=DIRECTION('',(-1.,0.,0.));
#15054=DIRECTION('',(0.,1.,0.));
#15055=DIRECTION('',(0.,1.,9.03501810404586E-16));
#15056=DIRECTION('',(-1.,0.,0.));
#15057=DIRECTION('',(0.,0.,1.));
#15058=DIRECTION('',(-1.,0.,0.));
#15059=DIRECTION('',(0.,0.,1.));
#15060=DIRECTION('',(1.,0.,0.));
#15061=DIRECTION('',(0.,0.,-1.));
#15062=DIRECTION('',(0.,0.,-1.));
#15063=DIRECTION('',(-1.,0.,0.));
#15064=DIRECTION('',(0.,1.,0.));
#15065=DIRECTION('',(1.,0.,0.));
#15066=DIRECTION('',(0.,-1.,0.));
#15067=DIRECTION('',(1.,0.,0.));
#15068=DIRECTION('',(0.,1.,0.));
#15069=DIRECTION('',(1.,0.,0.));
#15070=DIRECTION('',(0.,0.,1.));
#15071=DIRECTION('',(1.,0.,0.));
#15072=DIRECTION('',(-1.,0.,0.));
#15073=DIRECTION('',(0.,1.,0.));
#15074=DIRECTION('',(-1.,0.,0.));
#15075=DIRECTION('',(0.,1.,0.));
#15076=DIRECTION('',(-1.,0.,0.));
#15077=DIRECTION('',(0.,1.,0.));
#15078=DIRECTION('',(0.,0.,1.));
#15079=DIRECTION('',(1.,0.,0.));
#15080=DIRECTION('',(0.,1.,0.));
#15081=DIRECTION('',(-1.,0.,0.));
#15082=DIRECTION('',(0.,1.,0.));
#15083=DIRECTION('',(-1.,0.,0.));
#15084=DIRECTION('',(0.,1.,0.));
#15085=DIRECTION('',(-1.,0.,0.));
#15086=DIRECTION('',(0.,1.,0.));
#15087=DIRECTION('',(0.,0.,1.));
#15088=DIRECTION('',(0.,0.,-1.));
#15089=DIRECTION('',(-1.,0.,0.));
#15090=DIRECTION('',(0.,0.,1.));
#15091=DIRECTION('',(-1.,0.,0.));
#15092=DIRECTION('',(0.,0.,1.));
#15093=DIRECTION('',(1.,0.,0.));
#15094=DIRECTION('',(0.,-1.,0.));
#15095=DIRECTION('',(0.,0.,-1.));
#15096=DIRECTION('',(1.,0.,0.));
#15097=DIRECTION('',(0.,0.,1.));
#15098=DIRECTION('',(-1.,0.,0.));
#15099=DIRECTION('',(0.,0.,1.));
#15100=DIRECTION('',(1.,0.,0.));
#15101=DIRECTION('',(0.,0.,1.));
#15102=DIRECTION('',(0.,-1.,0.));
#15103=DIRECTION('',(0.,0.,-1.));
#15104=DIRECTION('',(0.,0.,1.));
#15105=DIRECTION('',(-1.,0.,0.));
#15106=DIRECTION('',(0.,0.,1.));
#15107=DIRECTION('',(-1.,0.,0.));
#15108=DIRECTION('',(0.,0.,1.));
#15109=DIRECTION('',(-1.,0.,0.));
#15110=DIRECTION('',(0.,0.,1.));
#15111=DIRECTION('',(1.,0.,0.));
#15112=DIRECTION('',(-1.,0.,0.));
#15113=DIRECTION('',(0.,1.,0.));
#15114=DIRECTION('',(-1.,0.,0.));
#15115=DIRECTION('',(0.,-1.,0.));
#15116=DIRECTION('',(-1.,0.,0.));
#15117=DIRECTION('',(0.,-1.,0.));
#15118=DIRECTION('',(1.,0.,0.));
#15119=DIRECTION('',(0.,1.,0.));
#15120=DIRECTION('',(0.,-1.,0.));
#15121=DIRECTION('',(-1.,0.,0.));
#15122=DIRECTION('',(0.,-1.,0.));
#15123=DIRECTION('',(-1.,0.,0.));
#15124=DIRECTION('',(0.,1.,0.));
#15125=DIRECTION('',(0.,0.,1.));
#15126=DIRECTION('',(0.,0.,-1.));
#15127=DIRECTION('',(1.,0.,0.));
#15128=DIRECTION('',(0.,0.,-1.));
#15129=DIRECTION('',(1.,0.,0.));
#15130=DIRECTION('',(0.,1.,0.));
#15131=DIRECTION('',(0.,0.,1.));
#15132=DIRECTION('',(0.,0.,-1.));
#15133=DIRECTION('',(-1.,0.,0.));
#15134=DIRECTION('',(0.,0.,-1.));
#15135=DIRECTION('',(-1.,0.,0.));
#15136=DIRECTION('',(0.,1.,0.));
#15137=DIRECTION('',(0.,0.,1.));
#15138=DIRECTION('',(0.,0.,-1.));
#15139=DIRECTION('',(1.,0.,0.));
#15140=DIRECTION('',(0.,0.,-1.));
#15141=DIRECTION('',(1.,0.,0.));
#15142=DIRECTION('',(0.,1.,0.));
#15143=DIRECTION('',(0.,0.,1.));
#15144=DIRECTION('',(0.,0.,-1.));
#15145=DIRECTION('',(-1.,0.,0.));
#15146=DIRECTION('',(0.,0.,-1.));
#15147=DIRECTION('',(-1.,0.,0.));
#15148=DIRECTION('',(0.,1.,0.));
#15149=DIRECTION('',(0.,0.,1.));
#15150=DIRECTION('',(0.,0.,-1.));
#15151=DIRECTION('',(1.,0.,0.));
#15152=DIRECTION('',(0.,0.,-1.));
#15153=DIRECTION('',(1.,0.,0.));
#15154=DIRECTION('',(0.,1.,0.));
#15155=DIRECTION('',(0.,0.,1.));
#15156=DIRECTION('',(0.,0.,-1.));
#15157=DIRECTION('',(-1.,0.,0.));
#15158=DIRECTION('',(0.,0.,-1.));
#15159=DIRECTION('',(-1.,0.,0.));
#15160=DIRECTION('',(0.,1.,0.));
#15161=DIRECTION('',(0.,0.,1.));
#15162=DIRECTION('',(0.,0.,-1.));
#15163=DIRECTION('',(1.,0.,0.));
#15164=DIRECTION('',(0.,0.,-1.));
#15165=DIRECTION('',(1.,0.,0.));
#15166=DIRECTION('',(0.,1.,0.));
#15167=DIRECTION('',(0.,0.,1.));
#15168=DIRECTION('',(0.,0.,-1.));
#15169=DIRECTION('',(-1.,0.,0.));
#15170=DIRECTION('',(0.,0.,-1.));
#15171=DIRECTION('',(-1.,0.,0.));
#15172=DIRECTION('',(0.,1.,0.));
#15173=DIRECTION('',(0.,0.,1.));
#15174=DIRECTION('',(0.,0.,-1.));
#15175=DIRECTION('',(1.,0.,0.));
#15176=DIRECTION('',(0.,0.,-1.));
#15177=DIRECTION('',(1.,0.,0.));
#15178=DIRECTION('',(0.,1.,0.));
#15179=DIRECTION('',(0.,0.,1.));
#15180=DIRECTION('',(0.,0.,-1.));
#15181=DIRECTION('',(-1.,0.,0.));
#15182=DIRECTION('',(0.,0.,-1.));
#15183=DIRECTION('',(-1.,0.,0.));
#15184=DIRECTION('',(0.,1.,0.));
#15185=DIRECTION('',(0.,0.,1.));
#15186=DIRECTION('',(0.,0.,-1.));
#15187=DIRECTION('',(1.,0.,0.));
#15188=DIRECTION('',(0.,0.,-1.));
#15189=DIRECTION('',(1.,0.,0.));
#15190=DIRECTION('',(0.,1.,0.));
#15191=DIRECTION('',(0.,0.,1.));
#15192=DIRECTION('',(0.,0.,-1.));
#15193=DIRECTION('',(-1.,0.,0.));
#15194=DIRECTION('',(0.,0.,-1.));
#15195=DIRECTION('',(-1.,0.,0.));
#15196=DIRECTION('',(0.,1.,0.));
#15197=DIRECTION('',(0.,0.,1.));
#15198=DIRECTION('',(0.,0.,-1.));
#15199=DIRECTION('',(-1.,0.,0.));
#15200=DIRECTION('',(0.,0.,-1.));
#15201=DIRECTION('',(-1.,0.,0.));
#15202=DIRECTION('',(0.,0.,-1.));
#15203=DIRECTION('',(-1.,0.,0.));
#15204=DIRECTION('',(0.,0.,-1.));
#15205=DIRECTION('',(-1.,0.,0.));
#15206=DIRECTION('',(0.,0.,-1.));
#15207=DIRECTION('',(-1.,0.,0.));
#15208=DIRECTION('',(0.,0.,1.));
#15209=DIRECTION('',(1.,0.,0.));
#15210=DIRECTION('',(0.,0.,-1.));
#15211=DIRECTION('',(1.,0.,0.));
#15212=DIRECTION('',(0.,0.,1.));
#15213=DIRECTION('',(0.,0.,-1.));
#15214=DIRECTION('',(-1.,0.,0.));
#15215=DIRECTION('',(0.,0.,-1.));
#15216=DIRECTION('',(0.,0.,-1.));
#15217=DIRECTION('',(1.,0.,0.));
#15218=DIRECTION('',(0.,0.,-1.));
#15219=DIRECTION('',(1.,0.,0.));
#15220=DIRECTION('',(0.,0.,-1.));
#15221=DIRECTION('',(-1.,0.,0.));
#15222=DIRECTION('',(0.,0.,-1.));
#15223=DIRECTION('',(-1.,0.,0.));
#15224=DIRECTION('',(0.,0.,-1.));
#15225=DIRECTION('',(-1.,0.,0.));
#15226=DIRECTION('',(0.,0.,-1.));
#15227=DIRECTION('',(-1.,0.,0.));
#15228=DIRECTION('',(0.,0.,-1.));
#15229=DIRECTION('',(-1.,0.,0.));
#15230=DIRECTION('',(0.,0.,-1.));
#15231=DIRECTION('',(-1.,0.,0.));
#15232=DIRECTION('',(0.,0.,-1.));
#15233=DIRECTION('',(-1.,0.,0.));
#15234=DIRECTION('',(0.,0.,-1.));
#15235=DIRECTION('',(-1.,0.,0.));
#15236=DIRECTION('',(0.,0.,-1.));
#15237=DIRECTION('',(-1.,0.,0.));
#15238=DIRECTION('',(0.,0.,-1.));
#15239=DIRECTION('',(-1.,0.,0.));
#15240=DIRECTION('',(0.,0.,-1.));
#15241=DIRECTION('',(-1.,0.,0.));
#15242=DIRECTION('',(0.,0.,-1.));
#15243=DIRECTION('',(-1.,0.,0.));
#15244=DIRECTION('',(0.,0.,-1.));
#15245=DIRECTION('',(-1.,0.,0.));
#15246=DIRECTION('',(0.,0.,-1.));
#15247=DIRECTION('',(-1.,0.,0.));
#15248=DIRECTION('',(0.,0.,-1.));
#15249=DIRECTION('',(-1.,0.,0.));
#15250=DIRECTION('',(0.,-1.,0.));
#15251=DIRECTION('',(-1.,0.,0.));
#15252=DIRECTION('',(0.,-1.,0.));
#15253=DIRECTION('',(1.,0.,0.));
#15254=DIRECTION('',(-1.,0.,0.));
#15255=DIRECTION('',(0.,0.,1.));
#15256=DIRECTION('',(0.,-1.,0.));
#15257=DIRECTION('',(0.,0.,-1.));
#15258=DIRECTION('',(0.,0.,-1.));
#15259=DIRECTION('',(0.,-1.,0.));
#15260=DIRECTION('',(0.,0.,-1.));
#15261=DIRECTION('',(0.,1.,0.));
#15262=DIRECTION('',(0.,0.,-1.));
#15263=DIRECTION('',(0.,1.,0.));
#15264=DIRECTION('',(0.,9.85638338623186E-17,1.));
#15265=DIRECTION('',(0.,1.,0.));
#15266=DIRECTION('',(0.,0.,-1.));
#15267=DIRECTION('',(0.,1.,0.));
#15268=DIRECTION('',(0.,0.,1.));
#15269=DIRECTION('',(0.,-1.,0.));
#15270=DIRECTION('',(0.,0.,-1.));
#15271=DIRECTION('',(-1.,0.,0.));
#15272=DIRECTION('',(0.,0.,1.));
#15273=DIRECTION('',(0.,-1.,0.));
#15274=DIRECTION('',(0.,0.,-1.));
#15275=DIRECTION('',(0.,1.,0.));
#15276=DIRECTION('',(0.,0.,-1.));
#15277=DIRECTION('',(0.,1.,0.));
#15278=DIRECTION('',(0.,9.85638338623186E-17,1.));
#15279=DIRECTION('',(0.,1.,0.));
#15280=DIRECTION('',(0.,0.,-1.));
#15281=DIRECTION('',(0.,1.,0.));
#15282=DIRECTION('',(0.,0.,1.));
#15283=DIRECTION('',(0.,1.,0.));
#15284=DIRECTION('',(0.,0.,-1.));
#15285=DIRECTION('',(0.,-1.,0.));
#15286=DIRECTION('',(0.,0.,-1.));
#15287=DIRECTION('',(0.,-1.,0.));
#15288=DIRECTION('',(0.,0.,-1.));
#15289=DIRECTION('',(0.,-1.,0.));
#15290=DIRECTION('',(0.,0.,-1.));
#15291=DIRECTION('',(0.,-1.,0.));
#15292=DIRECTION('',(0.,0.,-1.));
#15293=DIRECTION('',(0.,0.,-1.));
#15294=DIRECTION('',(-1.,0.,0.));
#15295=DIRECTION('',(-1.,0.,0.));
#15296=DIRECTION('',(0.,-1.,0.));
#15297=DIRECTION('',(1.,0.,0.));
#15298=DIRECTION('',(-1.,0.,0.));
#15299=DIRECTION('',(0.,0.,1.));
#15300=DIRECTION('',(0.,-1.,0.));
#15301=DIRECTION('',(0.,0.,-1.));
#15302=DIRECTION('',(0.,1.,0.));
#15303=DIRECTION('',(0.,0.,-1.));
#15304=DIRECTION('',(0.,1.,0.));
#15305=DIRECTION('',(0.,9.85638338623186E-17,1.));
#15306=DIRECTION('',(0.,1.,0.));
#15307=DIRECTION('',(0.,0.,-1.));
#15308=DIRECTION('',(0.,1.,0.));
#15309=DIRECTION('',(0.,0.,1.));
#15310=DIRECTION('',(0.,1.,0.));
#15311=DIRECTION('',(0.,0.,-1.));
#15312=DIRECTION('',(0.,-1.,0.));
#15313=DIRECTION('',(0.,0.,-1.));
#15314=DIRECTION('',(0.,-1.,0.));
#15315=DIRECTION('',(0.,0.,-1.));
#15316=DIRECTION('',(0.,-1.,0.));
#15317=DIRECTION('',(0.,0.,-1.));
#15318=DIRECTION('',(0.,-1.,0.));
#15319=DIRECTION('',(0.,0.,-1.));
#15320=DIRECTION('',(0.,0.,-1.));
#15321=DIRECTION('',(-1.,0.,0.));
#15322=DIRECTION('',(-1.,0.,0.));
#15323=DIRECTION('',(0.,-1.,0.));
#15324=DIRECTION('',(1.,0.,0.));
#15325=DIRECTION('',(-1.,0.,0.));
#15326=DIRECTION('',(0.,0.,1.));
#15327=DIRECTION('',(0.,-1.,0.));
#15328=DIRECTION('',(0.,0.,-1.));
#15329=DIRECTION('',(0.,1.,0.));
#15330=DIRECTION('',(0.,0.,-1.));
#15331=DIRECTION('',(0.,1.,0.));
#15332=DIRECTION('',(0.,9.85638338623186E-17,1.));
#15333=DIRECTION('',(0.,1.,0.));
#15334=DIRECTION('',(0.,0.,-1.));
#15335=DIRECTION('',(0.,1.,0.));
#15336=DIRECTION('',(0.,0.,1.));
#15337=DIRECTION('',(0.,1.,0.));
#15338=DIRECTION('',(0.,0.,-1.));
#15339=DIRECTION('',(0.,-1.,0.));
#15340=DIRECTION('',(0.,0.,-1.));
#15341=DIRECTION('',(0.,-1.,0.));
#15342=DIRECTION('',(0.,0.,-1.));
#15343=DIRECTION('',(0.,-1.,0.));
#15344=DIRECTION('',(0.,0.,-1.));
#15345=DIRECTION('',(0.,-1.,0.));
#15346=DIRECTION('',(0.,0.,-1.));
#15347=DIRECTION('',(0.,0.,-1.));
#15348=DIRECTION('',(-1.,0.,0.));
#15349=DIRECTION('',(-1.,0.,0.));
#15350=DIRECTION('',(0.,-1.,0.));
#15351=DIRECTION('',(1.,0.,0.));
#15352=DIRECTION('',(-1.,0.,0.));
#15353=DIRECTION('',(0.,0.,1.));
#15354=DIRECTION('',(0.,-1.,0.));
#15355=DIRECTION('',(0.,0.,-1.));
#15356=DIRECTION('',(0.,1.,0.));
#15357=DIRECTION('',(0.,0.,-1.));
#15358=DIRECTION('',(0.,1.,0.));
#15359=DIRECTION('',(0.,9.85638338623186E-17,1.));
#15360=DIRECTION('',(0.,1.,0.));
#15361=DIRECTION('',(0.,0.,-1.));
#15362=DIRECTION('',(0.,1.,0.));
#15363=DIRECTION('',(0.,0.,1.));
#15364=DIRECTION('',(0.,1.,0.));
#15365=DIRECTION('',(0.,0.,-1.));
#15366=DIRECTION('',(0.,-1.,0.));
#15367=DIRECTION('',(0.,0.,-1.));
#15368=DIRECTION('',(0.,-1.,0.));
#15369=DIRECTION('',(0.,0.,-1.));
#15370=DIRECTION('',(0.,-1.,0.));
#15371=DIRECTION('',(0.,0.,-1.));
#15372=DIRECTION('',(0.,-1.,0.));
#15373=DIRECTION('',(0.,0.,-1.));
#15374=DIRECTION('',(0.,0.,-1.));
#15375=DIRECTION('',(-1.,0.,0.));
#15376=DIRECTION('',(-1.,0.,0.));
#15377=DIRECTION('',(0.,-1.,0.));
#15378=DIRECTION('',(1.,0.,0.));
#15379=DIRECTION('',(-1.,0.,0.));
#15380=DIRECTION('',(0.,0.,1.));
#15381=DIRECTION('',(0.,-1.,0.));
#15382=DIRECTION('',(0.,0.,-1.));
#15383=DIRECTION('',(0.,1.,0.));
#15384=DIRECTION('',(0.,0.,-1.));
#15385=DIRECTION('',(0.,1.,0.));
#15386=DIRECTION('',(0.,9.85638338623186E-17,1.));
#15387=DIRECTION('',(0.,1.,0.));
#15388=DIRECTION('',(0.,0.,-1.));
#15389=DIRECTION('',(0.,1.,0.));
#15390=DIRECTION('',(0.,0.,1.));
#15391=DIRECTION('',(0.,1.,0.));
#15392=DIRECTION('',(0.,0.,-1.));
#15393=DIRECTION('',(0.,-1.,0.));
#15394=DIRECTION('',(0.,0.,-1.));
#15395=DIRECTION('',(0.,-1.,0.));
#15396=DIRECTION('',(0.,0.,-1.));
#15397=DIRECTION('',(0.,-1.,0.));
#15398=DIRECTION('',(0.,0.,-1.));
#15399=DIRECTION('',(0.,-1.,0.));
#15400=DIRECTION('',(0.,0.,-1.));
#15401=DIRECTION('',(0.,0.,-1.));
#15402=DIRECTION('',(-1.,0.,0.));
#15403=DIRECTION('',(-1.,0.,0.));
#15404=DIRECTION('',(0.,-1.,0.));
#15405=DIRECTION('',(1.,0.,0.));
#15406=DIRECTION('',(0.,0.,-1.));
#15407=DIRECTION('',(-1.,0.,0.));
#15408=DIRECTION('',(0.,-1.,0.));
#15409=DIRECTION('',(-1.,0.,0.));
#15410=DIRECTION('',(0.,-1.,0.));
#15411=DIRECTION('',(1.,0.,0.));
#15412=DIRECTION('',(-1.,0.,0.));
#15413=DIRECTION('',(0.,0.,1.));
#15414=DIRECTION('',(0.,-1.,0.));
#15415=DIRECTION('',(0.,0.,-1.));
#15416=DIRECTION('',(0.,0.,-1.));
#15417=DIRECTION('',(0.,-1.,0.));
#15418=DIRECTION('',(0.,0.,-1.));
#15419=DIRECTION('',(0.,1.,0.));
#15420=DIRECTION('',(0.,0.,-1.));
#15421=DIRECTION('',(0.,1.,0.));
#15422=DIRECTION('',(0.,9.85638338623186E-17,1.));
#15423=DIRECTION('',(0.,1.,0.));
#15424=DIRECTION('',(0.,0.,-1.));
#15425=DIRECTION('',(0.,1.,0.));
#15426=DIRECTION('',(0.,0.,1.));
#15427=DIRECTION('',(0.,-1.,0.));
#15428=DIRECTION('',(0.,0.,-1.));
#15429=DIRECTION('',(1.,0.,0.));
#15430=DIRECTION('',(0.,0.,-1.));
#15431=DIRECTION('',(0.,0.,-1.));
#15432=DIRECTION('',(0.,-1.,0.));
#15433=DIRECTION('',(0.,0.,1.));
#15434=DIRECTION('',(0.,0.,-1.));
#15435=DIRECTION('',(0.,-1.,0.));
#15436=DIRECTION('',(0.,0.,1.));
#15437=DIRECTION('',(0.,-1.,0.));
#15438=DIRECTION('',(0.,0.,-1.));
#15439=DIRECTION('',(0.,-1.,0.));
#15440=DIRECTION('',(0.,0.,-1.));
#15441=DIRECTION('',(0.,-1.,0.));
#15442=DIRECTION('',(0.,-9.85638338623186E-17,-1.));
#15443=DIRECTION('',(0.,-1.,0.));
#15444=DIRECTION('',(0.,0.,-1.));
#15445=DIRECTION('',(0.,-1.,0.));
#15446=DIRECTION('',(1.,0.,0.));
#15447=DIRECTION('',(0.,0.,-1.));
#15448=DIRECTION('',(0.,0.,-1.));
#15449=DIRECTION('',(0.,-1.,0.));
#15450=DIRECTION('',(0.,0.,1.));
#15451=DIRECTION('',(0.,0.,-1.));
#15452=DIRECTION('',(0.,-1.,0.));
#15453=DIRECTION('',(8.03112720359633E-16,0.,1.));
#15454=DIRECTION('',(0.,-1.,0.));
#15455=DIRECTION('',(0.,0.,-1.));
#15456=DIRECTION('',(0.,1.,0.));
#15457=DIRECTION('',(0.,0.,-1.));
#15458=DIRECTION('',(0.,-1.,0.));
#15459=DIRECTION('',(-8.03112720359633E-16,0.,-1.));
#15460=DIRECTION('',(0.,-1.,0.));
#15461=DIRECTION('',(0.,0.,-1.));
#15462=DIRECTION('',(0.,-1.,0.));
#15463=DIRECTION('',(0.,-9.85638338623186E-17,-1.));
#15464=DIRECTION('',(0.,-1.,0.));
#15465=DIRECTION('',(0.,0.,-1.));
#15466=DIRECTION('',(0.,-1.,0.));
#15467=DIRECTION('',(1.,0.,0.));
#15468=DIRECTION('',(0.,0.,-1.));
#15469=DIRECTION('',(0.,0.,-1.));
#15470=DIRECTION('',(0.,-1.,0.));
#15471=DIRECTION('',(0.,0.,1.));
#15472=DIRECTION('',(0.,0.,-1.));
#15473=DIRECTION('',(0.,-1.,0.));
#15474=DIRECTION('',(8.03112720359633E-16,0.,1.));
#15475=DIRECTION('',(0.,-1.,0.));
#15476=DIRECTION('',(0.,0.,-1.));
#15477=DIRECTION('',(0.,1.,0.));
#15478=DIRECTION('',(0.,0.,-1.));
#15479=DIRECTION('',(0.,-1.,0.));
#15480=DIRECTION('',(-8.03112720359633E-16,0.,-1.));
#15481=DIRECTION('',(0.,-1.,0.));
#15482=DIRECTION('',(0.,0.,-1.));
#15483=DIRECTION('',(0.,-1.,0.));
#15484=DIRECTION('',(0.,-9.85638338623186E-17,-1.));
#15485=DIRECTION('',(0.,-1.,0.));
#15486=DIRECTION('',(0.,0.,-1.));
#15487=DIRECTION('',(0.,-1.,0.));
#15488=DIRECTION('',(1.,0.,0.));
#15489=DIRECTION('',(0.,0.,-1.));
#15490=DIRECTION('',(0.,0.,-1.));
#15491=DIRECTION('',(0.,-1.,0.));
#15492=DIRECTION('',(0.,0.,1.));
#15493=DIRECTION('',(0.,0.,-1.));
#15494=DIRECTION('',(0.,-1.,0.));
#15495=DIRECTION('',(8.28209992870871E-16,0.,1.));
#15496=DIRECTION('',(0.,-1.,0.));
#15497=DIRECTION('',(0.,0.,-1.));
#15498=DIRECTION('',(0.,1.,0.));
#15499=DIRECTION('',(0.,0.,-1.));
#15500=DIRECTION('',(0.,-1.,0.));
#15501=DIRECTION('',(-8.28209992870871E-16,0.,-1.));
#15502=DIRECTION('',(0.,-1.,0.));
#15503=DIRECTION('',(0.,0.,-1.));
#15504=DIRECTION('',(0.,-1.,0.));
#15505=DIRECTION('',(0.,-9.85638338623186E-17,-1.));
#15506=DIRECTION('',(0.,-1.,0.));
#15507=DIRECTION('',(0.,0.,-1.));
#15508=DIRECTION('',(0.,-1.,0.));
#15509=DIRECTION('',(1.,0.,0.));
#15510=DIRECTION('',(0.,0.,-1.));
#15511=DIRECTION('',(0.,0.,-1.));
#15512=DIRECTION('',(0.,-1.,0.));
#15513=DIRECTION('',(0.,0.,1.));
#15514=DIRECTION('',(0.,0.,-1.));
#15515=DIRECTION('',(0.,-1.,0.));
#15516=DIRECTION('',(8.03112720359633E-16,0.,1.));
#15517=DIRECTION('',(0.,-1.,0.));
#15518=DIRECTION('',(0.,0.,-1.));
#15519=DIRECTION('',(0.,1.,0.));
#15520=DIRECTION('',(0.,0.,-1.));
#15521=DIRECTION('',(0.,-1.,0.));
#15522=DIRECTION('',(-8.03112720359633E-16,0.,-1.));
#15523=DIRECTION('',(0.,-1.,0.));
#15524=DIRECTION('',(0.,0.,-1.));
#15525=DIRECTION('',(0.,-1.,0.));
#15526=DIRECTION('',(0.,-9.85638338623186E-17,-1.));
#15527=DIRECTION('',(0.,-1.,0.));
#15528=DIRECTION('',(0.,0.,-1.));
#15529=DIRECTION('',(0.,-1.,0.));
#15530=DIRECTION('',(1.,0.,0.));
#15531=DIRECTION('',(0.,0.,-1.));
#15532=DIRECTION('',(0.,0.,-1.));
#15533=DIRECTION('',(0.,-1.,0.));
#15534=DIRECTION('',(0.,0.,1.));
#15535=DIRECTION('',(0.,0.,-1.));
#15536=DIRECTION('',(0.,-1.,0.));
#15537=DIRECTION('',(8.03112720359633E-16,0.,1.));
#15538=DIRECTION('',(0.,-1.,0.));
#15539=DIRECTION('',(0.,0.,-1.));
#15540=DIRECTION('',(0.,1.,0.));
#15541=DIRECTION('',(0.,0.,-1.));
#15542=DIRECTION('',(0.,-1.,0.));
#15543=DIRECTION('',(-8.03112720359633E-16,0.,-1.));
#15544=DIRECTION('',(0.,-1.,0.));
#15545=DIRECTION('',(0.,0.,-1.));
#15546=DIRECTION('',(0.,-1.,0.));
#15547=DIRECTION('',(0.,-9.85638338623186E-17,-1.));
#15548=DIRECTION('',(0.,-1.,0.));
#15549=DIRECTION('',(0.,0.,-1.));
#15550=DIRECTION('',(0.,-1.,0.));
#15551=DIRECTION('',(1.,0.,0.));
#15552=DIRECTION('',(0.,0.,-1.));
#15553=DIRECTION('',(0.,0.,-1.));
#15554=DIRECTION('',(0.,-1.,0.));
#15555=DIRECTION('',(0.,0.,1.));
#15556=DIRECTION('',(0.,-1.,0.));
#15557=DIRECTION('',(0.,0.,-1.));
#15558=DIRECTION('',(0.,-1.,0.));
#15559=DIRECTION('',(0.,0.,-1.));
#15560=DIRECTION('',(0.,-1.,0.));
#15561=DIRECTION('',(0.,-9.85638338623186E-17,-1.));
#15562=DIRECTION('',(0.,-1.,0.));
#15563=DIRECTION('',(0.,0.,-1.));
#15564=DIRECTION('',(0.,-1.,0.));
#15565=DIRECTION('',(0.,0.,-1.));
#15566=DIRECTION('',(0.,-1.,0.));
#15567=DIRECTION('',(0.,0.,1.));
#15568=DIRECTION('',(0.,0.,1.));
#15569=DIRECTION('',(1.,0.,0.));
#15570=DIRECTION('',(0.,-1.,0.));
#15571=DIRECTION('',(0.707106781186548,-0.707106781186547,0.));
#15572=DIRECTION('',(0.,1.,0.));
#15573=DIRECTION('',(0.,1.,0.));
#15574=DIRECTION('',(-1.,0.,0.));
#15575=DIRECTION('',(0.,-1.,0.));
#15576=DIRECTION('',(-1.,0.,0.));
#15577=DIRECTION('',(0.,1.,0.));
#15578=DIRECTION('',(-1.,0.,0.));
#15579=DIRECTION('',(0.,1.,0.));
#15580=DIRECTION('',(0.,-1.,0.));
#15581=DIRECTION('',(0.707106781186548,0.707106781186547,0.));
#15582=DIRECTION('',(0.,1.,0.));
#15583=DIRECTION('',(1.,0.,0.));
#15584=DIRECTION('',(0.,-1.,0.));
#15585=DIRECTION('',(0.707106781186548,-0.707106781186548,0.));
#15586=DIRECTION('',(0.707106781186549,0.707106781186546,0.));
#15587=DIRECTION('',(1.,0.,0.));
#15588=DIRECTION('',(0.707106781186549,-0.707106781186546,0.));
#15589=DIRECTION('',(0.707106781186549,0.707106781186546,0.));
#15590=DIRECTION('',(1.,0.,0.));
#15591=DIRECTION('',(0.707106781186548,-0.707106781186547,0.));
#15592=DIRECTION('',(0.707106781186548,0.707106781186547,0.));
#15593=DIRECTION('',(1.,0.,0.));
#15594=DIRECTION('',(0.707106781186548,-0.707106781186547,0.));
#15595=DIRECTION('',(0.707106781186548,0.707106781186547,0.));
#15596=DIRECTION('',(1.,0.,0.));
#15597=DIRECTION('',(0.707106781186549,-0.707106781186546,0.));
#15598=DIRECTION('',(0.707106781186549,0.707106781186546,0.));
#15599=DIRECTION('',(1.,0.,0.));
#15600=DIRECTION('',(0.707106781186549,-0.707106781186546,0.));
#15601=DIRECTION('',(0.707106781186549,0.707106781186546,0.));
#15602=DIRECTION('',(0.,1.,0.));
#15603=DIRECTION('',(1.,0.,0.));
#15604=DIRECTION('',(0.,0.,1.));
#15605=DIRECTION('',(1.,0.,0.));
#15606=DIRECTION('',(1.,0.,0.));
#15607=DIRECTION('',(-1.,0.,0.));
#15608=DIRECTION('',(0.,0.,1.));
#15609=DIRECTION('',(1.,0.,0.));
#15610=DIRECTION('',(1.,0.,0.));
#15611=DIRECTION('',(-1.,0.,0.));
#15612=DIRECTION('',(0.,0.,1.));
#15613=DIRECTION('',(1.,0.,0.));
#15614=DIRECTION('',(1.,0.,0.));
#15615=DIRECTION('',(-1.,0.,0.));
#15616=DIRECTION('',(0.,0.,1.));
#15617=DIRECTION('',(1.,0.,0.));
#15618=DIRECTION('',(1.,0.,0.));
#15619=DIRECTION('',(-1.,0.,0.));
#15620=DIRECTION('',(0.,0.,1.));
#15621=DIRECTION('',(1.,0.,0.));
#15622=DIRECTION('',(1.,0.,0.));
#15623=DIRECTION('',(-1.,0.,0.));
#15624=DIRECTION('',(0.,0.,1.));
#15625=DIRECTION('',(1.,0.,0.));
#15626=DIRECTION('',(1.,0.,0.));
#15627=DIRECTION('',(-1.,0.,0.));
#15628=DIRECTION('',(0.,0.,1.));
#15629=DIRECTION('',(1.,0.,0.));
#15630=DIRECTION('',(1.,0.,0.));
#15631=DIRECTION('',(-1.,0.,0.));
#15632=DIRECTION('',(0.,0.,1.));
#15633=DIRECTION('',(1.,0.,0.));
#15634=DIRECTION('',(1.,0.,0.));
#15635=DIRECTION('',(-1.,0.,0.));
#15636=DIRECTION('',(0.,0.,1.));
#15637=DIRECTION('',(1.,0.,0.));
#15638=DIRECTION('',(1.,0.,0.));
#15639=DIRECTION('',(-1.,0.,0.));
#15640=DIRECTION('',(0.,0.,1.));
#15641=DIRECTION('',(1.,0.,0.));
#15642=DIRECTION('',(1.,0.,0.));
#15643=DIRECTION('',(-1.,0.,0.));
#15644=DIRECTION('',(0.,0.,1.));
#15645=DIRECTION('',(1.,0.,0.));
#15646=DIRECTION('',(1.,0.,0.));
#15647=DIRECTION('',(-1.,0.,0.));
#15648=DIRECTION('',(0.,0.,1.));
#15649=DIRECTION('',(1.,0.,0.));
#15650=DIRECTION('',(1.,0.,0.));
#15651=DIRECTION('',(-1.,0.,0.));
#15652=DIRECTION('',(0.,0.,1.));
#15653=DIRECTION('',(1.,0.,0.));
#15654=DIRECTION('',(1.,0.,0.));
#15655=DIRECTION('',(-1.,0.,0.));
#15656=DIRECTION('',(0.,0.,1.));
#15657=DIRECTION('',(1.,0.,0.));
#15658=DIRECTION('',(1.,0.,0.));
#15659=DIRECTION('',(-1.,0.,0.));
#15660=DIRECTION('',(0.,0.,-1.));
#15661=DIRECTION('',(-1.,0.,0.));
#15662=DIRECTION('',(0.,1.,0.));
#15663=DIRECTION('',(0.,-1.,0.));
#15664=DIRECTION('',(1.,0.,0.));
#15665=DIRECTION('',(0.,1.,0.));
#15666=DIRECTION('',(1.,0.,0.));
#15667=DIRECTION('',(0.,-1.,0.));
#15668=DIRECTION('',(-0.707106781186548,0.707106781186547,0.));
#15669=DIRECTION('',(0.,1.,0.));
#15670=DIRECTION('',(-1.,0.,0.));
#15671=DIRECTION('',(0.,-1.,0.));
#15672=DIRECTION('',(-0.707106781186549,-0.707106781186546,0.));
#15673=DIRECTION('',(-0.707106781186549,0.707106781186546,0.));
#15674=DIRECTION('',(-1.,0.,0.));
#15675=DIRECTION('',(0.,-1.,0.));
#15676=DIRECTION('',(1.,0.,0.));
#15677=DIRECTION('',(-1.,0.,0.));
#15678=DIRECTION('',(1.,0.,0.));
#15679=DIRECTION('',(-1.,0.,0.));
#15680=DIRECTION('',(1.,0.,0.));
#15681=DIRECTION('',(-1.,0.,0.));
#15682=DIRECTION('',(1.,0.,0.));
#15683=DIRECTION('',(-1.,0.,0.));
#15684=DIRECTION('',(1.,0.,0.));
#15685=DIRECTION('',(-1.,0.,0.));
#15686=DIRECTION('',(1.,0.,0.));
#15687=DIRECTION('',(0.,-1.,0.));
#15688=DIRECTION('',(-1.,0.,0.));
#15689=DIRECTION('',(-0.707106781186549,-0.707106781186546,0.));
#15690=DIRECTION('',(-0.707106781186548,0.707106781186548,0.));
#15691=DIRECTION('',(0.,1.,0.));
#15692=DIRECTION('',(-1.,0.,0.));
#15693=DIRECTION('',(0.,-1.,0.));
#15694=DIRECTION('',(-0.707106781186548,-0.707106781186547,0.));
#15695=DIRECTION('',(0.,-1.,0.));
#15696=DIRECTION('',(1.,0.,0.));
#15697=DIRECTION('',(0.,1.,0.));
#15698=DIRECTION('',(-1.,0.,0.));
#15699=DIRECTION('',(0.,1.,0.));
#15700=DIRECTION('',(-1.,0.,0.));
#15701=DIRECTION('',(0.,-1.,0.));
#15702=DIRECTION('',(0.,0.,-1.));
#15703=DIRECTION('',(-1.,0.,0.));
#15704=DIRECTION('',(-1.,0.,0.));
#15705=DIRECTION('',(-0.707106781186549,-0.707106781186546,0.));
#15706=DIRECTION('',(-0.707106781186549,0.707106781186546,0.));
#15707=DIRECTION('',(0.,0.,-1.));
#15708=DIRECTION('',(-1.,0.,0.));
#15709=DIRECTION('',(-1.,0.,0.));
#15710=DIRECTION('',(-0.707106781186548,-0.707106781186547,0.));
#15711=DIRECTION('',(-0.707106781186548,0.707106781186547,0.));
#15712=DIRECTION('',(0.,0.,-1.));
#15713=DIRECTION('',(-1.,0.,0.));
#15714=DIRECTION('',(-1.,0.,0.));
#15715=DIRECTION('',(-0.707106781186548,-0.707106781186547,0.));
#15716=DIRECTION('',(-0.707106781186548,0.707106781186547,0.));
#15717=DIRECTION('',(0.,0.,-1.));
#15718=DIRECTION('',(-1.,0.,0.));
#15719=DIRECTION('',(-1.,0.,0.));
#15720=DIRECTION('',(-0.707106781186549,-0.707106781186546,0.));
#15721=DIRECTION('',(-0.707106781186549,0.707106781186546,0.));
#15722=DIRECTION('',(0.,-1.,9.85638338623186E-17));
#15723=DIRECTION('',(0.,-9.85638338623186E-17,-1.));
#15724=DIRECTION('',(-1.,0.,0.));
#15725=DIRECTION('',(-1.,0.,0.));
#15726=DIRECTION('',(0.,9.85638338623186E-17,1.));
#15727=DIRECTION('',(0.,-1.,9.85638338623186E-17));
#15728=DIRECTION('',(0.,-9.85638338623186E-17,-1.));
#15729=DIRECTION('',(-1.,0.,0.));
#15730=DIRECTION('',(-1.,0.,0.));
#15731=DIRECTION('',(0.,-1.,9.85638338623186E-17));
#15732=DIRECTION('',(0.,-9.85638338623186E-17,-1.));
#15733=DIRECTION('',(-1.,0.,0.));
#15734=DIRECTION('',(-1.,0.,0.));
#15735=DIRECTION('',(0.,-1.,9.85638338623186E-17));
#15736=DIRECTION('',(0.,-9.85638338623186E-17,-1.));
#15737=DIRECTION('',(-1.,0.,0.));
#15738=DIRECTION('',(-1.,0.,0.));
#15739=DIRECTION('',(0.,-1.,9.85638338623186E-17));
#15740=DIRECTION('',(0.,-9.85638338623186E-17,-1.));
#15741=DIRECTION('',(-1.,0.,0.));
#15742=DIRECTION('',(-1.,0.,0.));
#15743=DIRECTION('',(0.,-1.,9.85638338623186E-17));
#15744=DIRECTION('',(0.,-9.85638338623186E-17,-1.));
#15745=DIRECTION('',(-1.,0.,0.));
#15746=DIRECTION('',(-1.,0.,0.));
#15747=DIRECTION('',(0.,-1.,9.85638338623186E-17));
#15748=DIRECTION('',(0.,-9.85638338623186E-17,-1.));
#15749=DIRECTION('',(-1.,0.,0.));
#15750=DIRECTION('',(-1.,0.,0.));
#15751=DIRECTION('',(0.,-1.,9.85638338623186E-17));
#15752=DIRECTION('',(0.,-9.85638338623186E-17,-1.));
#15753=DIRECTION('',(-1.,0.,0.));
#15754=DIRECTION('',(0.,9.85638338623186E-17,1.));
#15755=DIRECTION('',(-1.,0.,0.));
#15756=DIRECTION('',(0.,0.,1.));
#15757=DIRECTION('',(1.,0.,0.));
#15758=DIRECTION('',(0.707106781186548,0.707106781186547,0.));
#15759=DIRECTION('',(0.,1.,0.));
#15760=DIRECTION('',(0.,0.,1.));
#15761=DIRECTION('',(1.,0.,0.));
#15762=DIRECTION('',(0.707106781186549,0.707106781186546,0.));
#15763=DIRECTION('',(0.707106781186548,-0.707106781186548,0.));
#15764=DIRECTION('',(0.,0.,1.));
#15765=DIRECTION('',(1.,0.,0.));
#15766=DIRECTION('',(0.707106781186549,0.707106781186546,0.));
#15767=DIRECTION('',(0.707106781186549,-0.707106781186546,0.));
#15768=DIRECTION('',(0.,0.,1.));
#15769=DIRECTION('',(1.,0.,0.));
#15770=DIRECTION('',(0.707106781186548,0.707106781186547,0.));
#15771=DIRECTION('',(0.707106781186548,-0.707106781186547,0.));
#15772=DIRECTION('',(0.,0.,1.));
#15773=DIRECTION('',(1.,0.,0.));
#15774=DIRECTION('',(0.707106781186548,0.707106781186547,0.));
#15775=DIRECTION('',(0.707106781186548,-0.707106781186547,0.));
#15776=DIRECTION('',(0.,0.,1.));
#15777=DIRECTION('',(1.,0.,0.));
#15778=DIRECTION('',(0.707106781186549,0.707106781186546,0.));
#15779=DIRECTION('',(0.707106781186549,-0.707106781186546,0.));
#15780=DIRECTION('',(0.,0.,1.));
#15781=DIRECTION('',(1.,0.,0.));
#15782=DIRECTION('',(0.707106781186549,0.707106781186546,0.));
#15783=DIRECTION('',(0.707106781186549,-0.707106781186546,0.));
#15784=DIRECTION('',(0.,0.,1.));
#15785=DIRECTION('',(1.,0.,0.));
#15786=DIRECTION('',(0.707106781186548,-0.707106781186547,0.));
#15787=DIRECTION('',(0.,1.,0.));
#15788=DIRECTION('',(0.,0.,-1.));
#15789=DIRECTION('',(-1.,0.,0.));
#15790=DIRECTION('',(-0.707106781186548,0.707106781186547,0.));
#15791=DIRECTION('',(0.,-1.,0.));
#15792=DIRECTION('',(0.,0.,-1.));
#15793=DIRECTION('',(-1.,0.,0.));
#15794=DIRECTION('',(-0.707106781186549,-0.707106781186546,0.));
#15795=DIRECTION('',(-0.707106781186549,0.707106781186546,0.));
#15796=DIRECTION('',(0.,0.,-1.));
#15797=DIRECTION('',(-1.,0.,0.));
#15798=DIRECTION('',(-0.707106781186549,-0.707106781186546,0.));
#15799=DIRECTION('',(-0.707106781186549,0.707106781186546,0.));
#15800=DIRECTION('',(0.,0.,-1.));
#15801=DIRECTION('',(-1.,0.,0.));
#15802=DIRECTION('',(-0.707106781186548,-0.707106781186547,0.));
#15803=DIRECTION('',(-0.707106781186548,0.707106781186547,0.));
#15804=DIRECTION('',(0.,0.,-1.));
#15805=DIRECTION('',(-1.,0.,0.));
#15806=DIRECTION('',(-0.707106781186548,-0.707106781186547,0.));
#15807=DIRECTION('',(-0.707106781186548,0.707106781186547,0.));
#15808=DIRECTION('',(0.,0.,-1.));
#15809=DIRECTION('',(-1.,0.,0.));
#15810=DIRECTION('',(-0.707106781186549,-0.707106781186546,0.));
#15811=DIRECTION('',(-0.707106781186549,0.707106781186546,0.));
#15812=DIRECTION('',(0.,0.,-1.));
#15813=DIRECTION('',(-1.,0.,0.));
#15814=DIRECTION('',(-0.707106781186549,-0.707106781186546,0.));
#15815=DIRECTION('',(-0.707106781186548,0.707106781186548,0.));
#15816=DIRECTION('',(0.,0.,-1.));
#15817=DIRECTION('',(-1.,0.,0.));
#15818=DIRECTION('',(-0.707106781186548,-0.707106781186547,0.));
#15819=DIRECTION('',(0.,-1.,0.));
#15820=DIRECTION('',(0.,0.,1.));
#15821=DIRECTION('',(1.,0.,0.));
#15822=DIRECTION('',(0.707106781186549,0.707106781186546,0.));
#15823=DIRECTION('',(-1.,0.,0.));
#15824=DIRECTION('',(0.707106781186548,-0.707106781186548,0.));
#15825=DIRECTION('',(0.,0.,1.));
#15826=DIRECTION('',(1.,0.,0.));
#15827=DIRECTION('',(0.707106781186549,0.707106781186546,0.));
#15828=DIRECTION('',(-1.,0.,0.));
#15829=DIRECTION('',(0.707106781186549,-0.707106781186546,0.));
#15830=DIRECTION('',(0.,0.,1.));
#15831=DIRECTION('',(1.,0.,0.));
#15832=DIRECTION('',(0.707106781186548,0.707106781186547,0.));
#15833=DIRECTION('',(-1.,0.,0.));
#15834=DIRECTION('',(0.707106781186548,-0.707106781186547,0.));
#15835=DIRECTION('',(0.,0.,1.));
#15836=DIRECTION('',(1.,0.,0.));
#15837=DIRECTION('',(0.707106781186548,0.707106781186547,0.));
#15838=DIRECTION('',(-1.,0.,0.));
#15839=DIRECTION('',(0.707106781186548,-0.707106781186547,0.));
#15840=DIRECTION('',(0.,0.,1.));
#15841=DIRECTION('',(1.,0.,0.));
#15842=DIRECTION('',(0.707106781186549,0.707106781186546,0.));
#15843=DIRECTION('',(-1.,0.,0.));
#15844=DIRECTION('',(0.707106781186549,-0.707106781186546,0.));
#15845=DIRECTION('',(0.,0.,1.));
#15846=DIRECTION('',(1.,0.,0.));
#15847=DIRECTION('',(0.707106781186549,0.707106781186546,0.));
#15848=DIRECTION('',(-1.,0.,0.));
#15849=DIRECTION('',(0.707106781186549,-0.707106781186546,0.));
#15850=DIRECTION('',(0.,0.,1.));
#15851=DIRECTION('',(1.,0.,0.));
#15852=DIRECTION('',(0.707106781186548,0.707106781186547,0.));
#15853=DIRECTION('',(-1.,0.,0.));
#15854=DIRECTION('',(0.,1.,0.));
#15855=DIRECTION('',(0.,0.,1.));
#15856=DIRECTION('',(1.,0.,0.));
#15857=DIRECTION('',(0.707106781186548,-0.707106781186547,0.));
#15858=DIRECTION('',(0.,1.,0.));
#15859=DIRECTION('',(-1.,0.,0.));
#15860=DIRECTION('',(1.,0.,0.));
#15861=DIRECTION('',(0.,0.,-1.));
#15862=DIRECTION('',(0.,0.,-1.));
#15863=DIRECTION('',(0.,1.,0.));
#15864=DIRECTION('',(0.,0.,-1.));
#15865=DIRECTION('',(0.,0.,-1.));
#15866=DIRECTION('',(0.,-1.,0.));
#15867=DIRECTION('',(0.,0.,-1.));
#15868=DIRECTION('',(0.,1.,0.));
#15869=DIRECTION('',(0.,4.33680868994202E-16,-1.));
#15870=DIRECTION('',(0.,-1.,0.));
#15871=DIRECTION('',(1.,0.,0.));
#15872=DIRECTION('',(0.,0.,-1.));
#15873=DIRECTION('',(0.,0.,-1.));
#15874=DIRECTION('',(0.,1.,0.));
#15875=DIRECTION('',(0.,0.,-1.));
#15876=DIRECTION('',(0.,-1.,0.));
#15877=DIRECTION('',(0.,4.33680868994202E-16,-1.));
#15878=DIRECTION('',(0.,0.,-1.));
#15879=DIRECTION('',(0.,-1.,0.));
#15880=DIRECTION('',(0.,0.,-1.));
#15881=DIRECTION('',(0.,0.,1.));
#15882=DIRECTION('',(1.,0.,0.));
#15883=DIRECTION('',(0.,-1.,0.));
#15884=DIRECTION('',(1.,0.,0.));
#15885=DIRECTION('',(-1.,0.,0.));
#15886=DIRECTION('',(0.,0.,1.));
#15887=DIRECTION('',(1.,0.,0.));
#15888=DIRECTION('',(1.,0.,0.));
#15889=DIRECTION('',(0.,-1.,0.));
#15890=DIRECTION('',(-1.,0.,0.));
#15891=DIRECTION('',(0.,0.,1.));
#15892=DIRECTION('',(1.,0.,0.));
#15893=DIRECTION('',(0.,-1.,0.));
#15894=DIRECTION('',(1.,0.,0.));
#15895=DIRECTION('',(-1.,0.,0.));
#15896=DIRECTION('',(0.,0.,1.));
#15897=DIRECTION('',(1.,0.,0.));
#15898=DIRECTION('',(1.,0.,0.));
#15899=DIRECTION('',(0.,-1.,0.));
#15900=DIRECTION('',(-1.,0.,0.));
#15901=DIRECTION('',(-1.,0.,0.));
#15902=DIRECTION('',(0.,0.,1.));
#15903=DIRECTION('',(0.,0.,1.));
#15904=DIRECTION('',(0.,0.,-1.));
#15905=DIRECTION('',(1.,0.,0.));
#15906=DIRECTION('',(0.,0.,-1.));
#15907=DIRECTION('',(0.,0.,-1.));
#15908=DIRECTION('',(0.,0.,1.));
#15909=DIRECTION('',(-1.,0.,0.));
#15910=DIRECTION('',(0.,0.,1.));
#15911=DIRECTION('',(0.,0.,-1.));
#15912=DIRECTION('',(0.,1.,0.));
#15913=DIRECTION('',(0.,0.,-1.));
#15914=DIRECTION('',(0.,-1.,0.));
#15915=DIRECTION('',(0.,0.,1.));
#15916=DIRECTION('',(0.,-1.,0.));
#15917=DIRECTION('',(0.,4.33680868994202E-16,-1.));
#15918=DIRECTION('',(0.,1.,0.));
#15919=DIRECTION('',(0.,0.,-1.));
#15920=DIRECTION('',(0.,0.,-1.));
#15921=DIRECTION('',(0.,1.,0.));
#15922=DIRECTION('',(0.,1.,0.));
#15923=DIRECTION('',(0.,0.,1.));
#15924=DIRECTION('',(1.,0.,0.));
#15925=DIRECTION('',(-1.23908819712629E-15,0.,1.));
#15926=DIRECTION('',(-1.,0.,0.));
#15927=DIRECTION('',(0.,0.,1.));
#15928=DIRECTION('',(-1.,0.,0.));
#15929=DIRECTION('',(0.,0.,-1.));
#15930=DIRECTION('',(0.,0.,1.));
#15931=DIRECTION('',(1.,0.,0.));
#15932=DIRECTION('',(0.,0.,1.));
#15933=DIRECTION('',(0.,0.,-1.));
#15934=DIRECTION('',(1.,0.,0.));
#15935=DIRECTION('',(0.,0.,1.));
#15936=DIRECTION('',(1.,0.,0.));
#15937=DIRECTION('',(0.,0.,1.));
#15938=DIRECTION('',(-1.,0.,0.));
#15939=DIRECTION('',(0.,0.,1.));
#15940=DIRECTION('',(-1.,0.,0.));
#15941=DIRECTION('',(0.,0.,-1.));
#15942=DIRECTION('',(-1.,0.,0.));
#15943=DIRECTION('',(0.,0.,-1.));
#15944=DIRECTION('',(1.,0.,0.));
#15945=DIRECTION('',(0.,0.,-1.));
#15946=DIRECTION('',(1.,0.,0.));
#15947=DIRECTION('',(0.,0.,-1.));
#15948=DIRECTION('',(0.,-1.,0.));
#15949=DIRECTION('',(0.,-1.,0.));
#15950=DIRECTION('',(0.,0.,-1.));
#15951=DIRECTION('',(0.,4.33680868994202E-16,-1.));
#15952=DIRECTION('',(-1.,0.,0.));
#15953=DIRECTION('',(0.,0.,1.));
#15954=DIRECTION('',(0.,0.,-1.));
#15955=DIRECTION('',(0.,0.,1.));
#15956=DIRECTION('',(1.,0.,0.));
#15957=DIRECTION('',(0.,0.,-1.));
#15958=DIRECTION('',(0.,0.,1.));
#15959=DIRECTION('',(0.,0.,1.));
#15960=DIRECTION('',(0.,0.,-1.));
#15961=DIRECTION('',(-1.,0.,0.));
#15962=DIRECTION('',(-1.,0.,0.));
#15963=DIRECTION('',(0.,-1.,0.));
#15964=DIRECTION('',(0.,1.,0.));
#15965=DIRECTION('',(-1.,0.,0.));
#15966=DIRECTION('',(0.,0.,1.));
#15967=DIRECTION('',(0.,0.,-1.));
#15968=DIRECTION('',(0.,1.,0.));
#15969=DIRECTION('',(0.,0.,1.));
#15970=DIRECTION('',(0.,1.,0.));
#15971=DIRECTION('',(0.,-1.,0.));
#15972=DIRECTION('',(1.,0.,0.));
#15973=DIRECTION('',(0.,0.,-1.));
#15974=DIRECTION('',(0.,-1.,0.));
#15975=DIRECTION('',(0.,0.,1.));
#15976=DIRECTION('',(0.,1.,0.));
#15977=DIRECTION('',(0.,1.,0.));
#15978=DIRECTION('',(0.,0.,-1.));
#15979=DIRECTION('',(0.,0.,-1.));
#15980=DIRECTION('',(-1.,0.,0.));
#15981=DIRECTION('',(-1.,0.,0.));
#15982=DIRECTION('',(0.,1.,0.));
#15983=DIRECTION('',(0.,0.,1.));
#15984=DIRECTION('',(0.,1.,0.));
#15985=DIRECTION('',(0.,0.,1.));
#15986=DIRECTION('',(1.,0.,0.));
#15987=DIRECTION('',(0.,0.,-1.));
#15988=DIRECTION('',(-1.,0.,0.));
#15989=DIRECTION('',(0.,0.,-1.));
#15990=DIRECTION('',(-1.,0.,0.));
#15991=DIRECTION('',(0.,1.,0.));
#15992=DIRECTION('',(0.,0.,1.));
#15993=DIRECTION('',(1.,0.,0.));
#15994=DIRECTION('',(0.,1.,0.));
#15995=DIRECTION('',(1.,0.,0.));
#15996=DIRECTION('',(0.,0.,-1.));
#15997=DIRECTION('',(0.,0.,1.));
#15998=DIRECTION('',(1.,0.,0.));
#15999=DIRECTION('',(1.,0.,0.));
#16000=DIRECTION('',(0.,1.,0.));
#16001=DIRECTION('',(0.,0.,-1.));
#16002=DIRECTION('',(-1.,0.,0.));
#16003=DIRECTION('',(0.,1.,0.));
#16004=DIRECTION('',(-1.,0.,0.));
#16005=DIRECTION('',(0.,1.,0.));
#16006=DIRECTION('',(0.,0.,1.));
#16007=DIRECTION('',(0.,0.,1.));
#16008=DIRECTION('',(-1.,0.,0.));
#16009=DIRECTION('',(0.,0.,1.));
#16010=DIRECTION('',(-1.,0.,0.));
#16011=DIRECTION('',(0.,0.,1.));
#16012=DIRECTION('',(0.,0.,1.));
#16013=DIRECTION('',(0.,1.,0.));
#16014=DIRECTION('',(0.,0.,1.));
#16015=DIRECTION('',(0.,0.,1.));
#16016=DIRECTION('',(1.,0.,0.));
#16017=DIRECTION('',(0.,0.,-1.));
#16018=DIRECTION('',(1.,0.,0.));
#16019=DIRECTION('',(0.,0.,-1.));
#16020=DIRECTION('',(0.,-1.,0.));
#16021=DIRECTION('',(0.,-1.,0.));
#16022=DIRECTION('',(0.,0.,-1.));
#16023=DIRECTION('',(0.,-1.,0.));
#16024=DIRECTION('',(0.,0.,1.));
#16025=DIRECTION('',(0.,-1.,0.));
#16026=DIRECTION('',(0.,0.,-1.));
#16027=DIRECTION('',(0.,0.,1.));
#16028=DIRECTION('',(1.,0.,0.));
#16029=DIRECTION('',(-1.,0.,0.));
#16030=DIRECTION('',(0.,1.,4.51750905202293E-17));
#16031=DIRECTION('',(1.,0.,0.));
#16032=DIRECTION('',(0.,1.,0.));
#16033=DIRECTION('',(0.,0.,1.));
#16034=DIRECTION('',(0.,0.,-1.));
#16035=DIRECTION('',(-1.,0.,0.));
#16036=DIRECTION('',(1.,0.,0.));
#16037=DIRECTION('',(0.,0.,1.));
#16038=DIRECTION('',(1.,0.,0.));
#16039=DIRECTION('',(-1.,0.,0.));
#16040=DIRECTION('',(0.,1.,0.));
#16041=DIRECTION('',(0.,-1.,0.));
#16042=DIRECTION('',(0.,0.,-1.));
#16043=DIRECTION('',(1.,0.,0.));
#16044=DIRECTION('',(0.,0.,1.));
#16045=DIRECTION('',(-1.,0.,0.));
#16046=DIRECTION('',(0.,0.,-1.));
#16047=DIRECTION('',(-1.,0.,0.));
#16048=DIRECTION('',(0.,-1.,0.));
#16049=DIRECTION('',(1.,0.,0.));
#16050=DIRECTION('',(-1.,0.,0.));
#16051=DIRECTION('',(0.,-1.,-4.33680868994202E-16));
#16052=DIRECTION('',(0.,4.33680868994202E-16,-1.));
#16053=DIRECTION('',(0.,-6.37765983815001E-17,1.));
#16054=DIRECTION('',(-1.,0.,0.));
#16055=DIRECTION('',(0.,1.,4.33680868994202E-16));
#16056=DIRECTION('',(0.,-4.33680868994202E-16,1.));
#16057=DIRECTION('',(-1.,0.,0.));
#16058=DIRECTION('',(0.,-6.37765983815001E-17,1.));
#16059=DIRECTION('',(0.,1.,0.));
#16060=DIRECTION('',(0.,0.,1.));
#16061=DIRECTION('',(-1.,0.,0.));
#16062=DIRECTION('',(0.,0.,1.));
#16063=DIRECTION('',(0.,0.,-1.));
#16064=DIRECTION('',(-1.,0.,0.));
#16065=DIRECTION('',(0.,1.,0.));
#16066=DIRECTION('',(-1.,0.,0.));
#16067=DIRECTION('',(0.,-1.,0.));
#16068=DIRECTION('',(0.,0.,-1.));
#16069=DIRECTION('',(-1.,0.,0.));
#16070=DIRECTION('',(0.,1.,4.51750905202293E-17));
#16071=DIRECTION('',(-1.,0.,0.));
#16072=DIRECTION('',(0.,-1.,0.));
#16073=DIRECTION('',(1.,0.,0.));
#16074=DIRECTION('',(0.,0.,-1.));
#16075=DIRECTION('',(0.,0.,-1.));
#16076=DIRECTION('',(0.,-1.,0.));
#16077=DIRECTION('',(0.,0.,-1.));
#16078=DIRECTION('',(0.,-1.,0.));
#16079=DIRECTION('',(1.,0.,0.));
#16080=DIRECTION('',(0.,0.,-1.));
#16081=DIRECTION('',(1.,0.,0.));
#16082=DIRECTION('',(0.,0.,-1.));
#16083=DIRECTION('',(0.,-1.,0.));
#16084=DIRECTION('',(0.,0.,-1.));
#16085=DIRECTION('',(0.,-1.,0.));
#16086=DIRECTION('',(0.,0.,-1.));
#16087=DIRECTION('',(0.,-1.,0.));
#16088=DIRECTION('',(0.,0.,-1.));
#16089=DIRECTION('',(0.,-1.,0.));
#16090=DIRECTION('',(0.,0.,-1.));
#16091=DIRECTION('',(0.,-1.,0.));
#16092=DIRECTION('',(0.,0.,-1.));
#16093=DIRECTION('',(0.,-1.,0.));
#16094=DIRECTION('',(0.,0.,-1.));
#16095=DIRECTION('',(0.,-1.,0.));
#16096=DIRECTION('',(0.,0.,-1.));
#16097=DIRECTION('',(0.,-1.,0.));
#16098=DIRECTION('',(0.,0.,-1.));
#16099=DIRECTION('',(0.,-1.,0.));
#16100=DIRECTION('',(0.,0.,-1.));
#16101=DIRECTION('',(-1.,0.,0.));
#16102=DIRECTION('',(0.,0.,-1.));
#16103=DIRECTION('',(-1.,0.,0.));
#16104=DIRECTION('',(0.707106781186546,-0.707106781186549,0.));
#16105=DIRECTION('',(0.707106781186549,0.707106781186546,0.));
#16106=DIRECTION('',(-0.707106781186547,-0.707106781186548,0.));
#16107=DIRECTION('',(0.707106781186548,-0.707106781186547,0.));
#16108=DIRECTION('',(0.,-1.,0.));
#16109=DIRECTION('',(0.,0.,-1.));
#16110=DIRECTION('',(0.707106781186547,-0.707106781186548,0.));
#16111=DIRECTION('',(0.707106781186548,0.707106781186547,0.));
#16112=DIRECTION('',(-0.707106781186548,-0.707106781186548,0.));
#16113=DIRECTION('',(0.707106781186548,-0.707106781186548,0.));
#16114=DIRECTION('',(0.,-1.,0.));
#16115=DIRECTION('',(0.,0.,-1.));
#16116=DIRECTION('',(0.707106781186546,-0.707106781186549,0.));
#16117=DIRECTION('',(0.707106781186549,0.707106781186546,0.));
#16118=DIRECTION('',(-0.707106781186546,-0.707106781186549,0.));
#16119=DIRECTION('',(0.707106781186549,-0.707106781186546,0.));
#16120=DIRECTION('',(0.,-1.,0.));
#16121=DIRECTION('',(0.,0.,-1.));
#16122=DIRECTION('',(0.707106781186547,-0.707106781186548,0.));
#16123=DIRECTION('',(0.707106781186548,0.707106781186547,0.));
#16124=DIRECTION('',(-0.707106781186546,-0.707106781186549,0.));
#16125=DIRECTION('',(0.707106781186549,-0.707106781186546,0.));
#16126=DIRECTION('',(0.,-1.,0.));
#16127=DIRECTION('',(0.,0.,-1.));
#16128=DIRECTION('',(0.707106781186547,-0.707106781186548,0.));
#16129=DIRECTION('',(0.707106781186548,0.707106781186547,0.));
#16130=DIRECTION('',(-0.707106781186547,-0.707106781186548,0.));
#16131=DIRECTION('',(0.707106781186548,-0.707106781186547,0.));
#16132=DIRECTION('',(0.,-1.,0.));
#16133=DIRECTION('',(0.,0.,-1.));
#16134=DIRECTION('',(0.707106781186546,-0.707106781186549,0.));
#16135=DIRECTION('',(0.707106781186549,0.707106781186546,0.));
#16136=DIRECTION('',(-0.707106781186547,-0.707106781186548,0.));
#16137=DIRECTION('',(0.707106781186548,-0.707106781186547,0.));
#16138=DIRECTION('',(0.,-1.,0.));
#16139=DIRECTION('',(0.,0.,-1.));
#16140=DIRECTION('',(0.707106781186546,-0.707106781186549,0.));
#16141=DIRECTION('',(0.707106781186549,0.707106781186546,0.));
#16142=DIRECTION('',(-0.707106781186546,-0.707106781186549,0.));
#16143=DIRECTION('',(0.707106781186549,-0.707106781186546,0.));
#16144=DIRECTION('',(0.,-1.,0.));
#16145=DIRECTION('',(0.,0.,-1.));
#16146=DIRECTION('',(-0.707106781186547,-0.707106781186548,0.));
#16147=DIRECTION('',(0.707106781186548,-0.707106781186547,0.));
#16148=DIRECTION('',(-0.707106781186548,0.707106781186547,0.));
#16149=DIRECTION('',(0.707106781186546,-0.707106781186549,0.));
#16150=DIRECTION('',(0.707106781186549,0.707106781186546,0.));
#16151=DIRECTION('',(-0.707106781186549,-0.707106781186546,0.));
#16152=DIRECTION('',(0.,-1.,0.));
#16153=DIRECTION('',(0.,0.,-1.));
#16154=DIRECTION('',(-1.,0.,0.));
#16155=DIRECTION('',(0.,0.,-1.));
#16156=DIRECTION('',(-1.,0.,0.));
#16157=DIRECTION('',(-0.707106781186546,-0.707106781186549,0.));
#16158=DIRECTION('',(0.707106781186549,-0.707106781186546,0.));
#16159=DIRECTION('',(-0.707106781186549,0.707106781186546,0.));
#16160=DIRECTION('',(0.707106781186546,-0.707106781186549,0.));
#16161=DIRECTION('',(0.707106781186549,0.707106781186546,0.));
#16162=DIRECTION('',(-0.707106781186549,-0.707106781186546,0.));
#16163=DIRECTION('',(0.,-1.,0.));
#16164=DIRECTION('',(0.,0.,-1.));
#16165=DIRECTION('',(-1.,0.,0.));
#16166=DIRECTION('',(0.,0.,-1.));
#16167=DIRECTION('',(-1.,0.,0.));
#16168=DIRECTION('',(-0.707106781186546,-0.707106781186549,0.));
#16169=DIRECTION('',(0.707106781186549,-0.707106781186546,0.));
#16170=DIRECTION('',(-0.707106781186549,0.707106781186546,0.));
#16171=DIRECTION('',(0.707106781186547,-0.707106781186548,0.));
#16172=DIRECTION('',(0.707106781186548,0.707106781186547,0.));
#16173=DIRECTION('',(-0.707106781186548,-0.707106781186547,0.));
#16174=DIRECTION('',(0.,-1.,0.));
#16175=DIRECTION('',(0.,0.,-1.));
#16176=DIRECTION('',(-1.,0.,0.));
#16177=DIRECTION('',(0.,0.,-1.));
#16178=DIRECTION('',(-1.,0.,0.));
#16179=DIRECTION('',(-0.707106781186547,-0.707106781186548,0.));
#16180=DIRECTION('',(0.707106781186548,-0.707106781186547,0.));
#16181=DIRECTION('',(-0.707106781186548,0.707106781186547,0.));
#16182=DIRECTION('',(0.707106781186547,-0.707106781186548,0.));
#16183=DIRECTION('',(0.707106781186548,0.707106781186547,0.));
#16184=DIRECTION('',(-0.707106781186548,-0.707106781186547,0.));
#16185=DIRECTION('',(0.,-1.,0.));
#16186=DIRECTION('',(0.,0.,-1.));
#16187=DIRECTION('',(-1.,0.,0.));
#16188=DIRECTION('',(0.,0.,-1.));
#16189=DIRECTION('',(-1.,0.,0.));
#16190=DIRECTION('',(-0.707106781186547,-0.707106781186548,0.));
#16191=DIRECTION('',(0.707106781186548,-0.707106781186547,0.));
#16192=DIRECTION('',(-0.707106781186548,0.707106781186547,0.));
#16193=DIRECTION('',(0.707106781186546,-0.707106781186549,0.));
#16194=DIRECTION('',(0.707106781186549,0.707106781186546,0.));
#16195=DIRECTION('',(-0.707106781186549,-0.707106781186546,0.));
#16196=DIRECTION('',(0.,-1.,0.));
#16197=DIRECTION('',(0.,0.,-1.));
#16198=DIRECTION('',(-1.,0.,0.));
#16199=DIRECTION('',(0.,0.,-1.));
#16200=DIRECTION('',(-1.,0.,0.));
#16201=DIRECTION('',(-0.707106781186546,-0.707106781186549,0.));
#16202=DIRECTION('',(0.707106781186549,-0.707106781186546,0.));
#16203=DIRECTION('',(-0.707106781186549,0.707106781186546,0.));
#16204=DIRECTION('',(0.707106781186546,-0.707106781186549,0.));
#16205=DIRECTION('',(0.707106781186549,0.707106781186546,0.));
#16206=DIRECTION('',(-0.707106781186549,-0.707106781186546,0.));
#16207=DIRECTION('',(0.,-1.,0.));
#16208=DIRECTION('',(0.,0.,-1.));
#16209=DIRECTION('',(-1.,0.,0.));
#16210=DIRECTION('',(0.,0.,-1.));
#16211=DIRECTION('',(-1.,0.,0.));
#16212=DIRECTION('',(-0.707106781186548,-0.707106781186548,0.));
#16213=DIRECTION('',(0.707106781186548,-0.707106781186548,0.));
#16214=DIRECTION('',(-0.707106781186547,0.707106781186547,0.));
#16215=DIRECTION('',(0.707106781186547,-0.707106781186548,0.));
#16216=DIRECTION('',(0.707106781186548,0.707106781186547,0.));
#16217=DIRECTION('',(-0.707106781186548,-0.707106781186547,0.));
#16218=DIRECTION('',(0.,-1.,0.));
#16219=DIRECTION('',(0.,0.,-1.));
#16220=DIRECTION('',(-1.,0.,0.));
#16221=DIRECTION('',(0.,0.,-1.));
#16222=DIRECTION('',(-1.,0.,0.));
#16223=DIRECTION('',(1.,0.,0.));
#16224=DIRECTION('',(0.,0.,-1.));
#16225=DIRECTION('',(0.,0.,-1.));
#16226=DIRECTION('',(0.,0.,-1.));
#16227=DIRECTION('',(0.,-1.,0.));
#16228=DIRECTION('',(0.,0.,-1.));
#16229=DIRECTION('',(0.,0.,-1.));
#16230=DIRECTION('',(-1.,0.,0.));
#16231=DIRECTION('',(0.,0.,1.));
#16232=DIRECTION('',(0.,0.,-1.));
#16233=DIRECTION('',(-0.707106781186548,-0.707106781186548,0.));
#16234=DIRECTION('',(0.707106781186548,-0.707106781186548,0.));
#16235=DIRECTION('',(0.707106781186547,-0.707106781186548,0.));
#16236=DIRECTION('',(0.707106781186548,0.707106781186547,0.));
#16237=DIRECTION('',(0.707106781186546,-0.707106781186549,0.));
#16238=DIRECTION('',(0.707106781186549,0.707106781186546,0.));
#16239=DIRECTION('',(0.,-1.,0.));
#16240=DIRECTION('',(0.,0.,-1.));
#16241=DIRECTION('',(-0.707106781186546,-0.707106781186549,0.));
#16242=DIRECTION('',(0.707106781186549,-0.707106781186546,0.));
#16243=DIRECTION('',(0.707106781186546,-0.707106781186549,0.));
#16244=DIRECTION('',(0.707106781186549,0.707106781186546,0.));
#16245=DIRECTION('',(0.,-1.,0.));
#16246=DIRECTION('',(0.,0.,-1.));
#16247=DIRECTION('',(-0.707106781186547,-0.707106781186548,0.));
#16248=DIRECTION('',(0.707106781186548,-0.707106781186547,0.));
#16249=DIRECTION('',(0.707106781186547,-0.707106781186548,0.));
#16250=DIRECTION('',(0.707106781186548,0.707106781186547,0.));
#16251=DIRECTION('',(0.,-1.,0.));
#16252=DIRECTION('',(0.,0.,-1.));
#16253=DIRECTION('',(-0.707106781186547,-0.707106781186548,0.));
#16254=DIRECTION('',(0.707106781186548,-0.707106781186547,0.));
#16255=DIRECTION('',(0.707106781186547,-0.707106781186548,0.));
#16256=DIRECTION('',(0.707106781186548,0.707106781186547,0.));
#16257=DIRECTION('',(0.,-1.,0.));
#16258=DIRECTION('',(0.,0.,-1.));
#16259=DIRECTION('',(-0.707106781186546,-0.707106781186549,0.));
#16260=DIRECTION('',(0.707106781186549,-0.707106781186546,0.));
#16261=DIRECTION('',(0.707106781186546,-0.707106781186549,0.));
#16262=DIRECTION('',(0.707106781186549,0.707106781186546,0.));
#16263=DIRECTION('',(0.,-1.,0.));
#16264=DIRECTION('',(0.,0.,-1.));
#16265=DIRECTION('',(-0.707106781186546,-0.707106781186549,0.));
#16266=DIRECTION('',(0.707106781186549,-0.707106781186546,0.));
#16267=DIRECTION('',(1.,0.,0.));
#16268=DIRECTION('',(0.,0.,-1.));
#16269=DIRECTION('',(0.,0.,-1.));
#16270=DIRECTION('',(0.,0.,-1.));
#16271=DIRECTION('',(0.707106781186546,-0.707106781186549,0.));
#16272=DIRECTION('',(0.707106781186549,0.707106781186546,0.));
#16273=DIRECTION('',(-0.707106781186547,-0.707106781186548,0.));
#16274=DIRECTION('',(0.707106781186548,-0.707106781186547,0.));
#16275=DIRECTION('',(0.,0.,-1.));
#16276=DIRECTION('',(-1.,0.,0.));
#16277=DIRECTION('',(0.,0.,1.));
#16278=DIRECTION('',(0.,0.,-1.));
#16279=DIRECTION('',(0.,-1.,0.));
#16280=DIRECTION('',(0.,0.,-1.));
#16281=DIRECTION('',(0.,-0.707106781186547,0.707106781186548));
#16282=DIRECTION('',(0.,-0.707106781186548,-0.707106781186547));
#16283=DIRECTION('',(0.,0.707106781186548,0.707106781186547));
#16284=DIRECTION('',(0.,0.707106781186548,0.707106781186547));
#16285=DIRECTION('',(-1.,0.,0.));
#16286=DIRECTION('',(0.,0.965925826289069,0.258819045102519));
#16287=DIRECTION('',(0.,-0.25881904510252,0.965925826289069));
#16288=DIRECTION('',(0.,0.25881904510252,-0.965925826289069));
#16289=DIRECTION('',(-1.,0.,0.));
#16290=DIRECTION('',(0.,0.25881904510252,-0.965925826289069));
#16291=DIRECTION('',(0.,0.,1.));
#16292=DIRECTION('',(1.,0.,0.));
#16293=DIRECTION('',(0.,1.,0.));
#16294=DIRECTION('',(0.,1.,0.));
#16295=DIRECTION('',(-1.,0.,0.));
#16296=DIRECTION('',(0.,0.,1.));
#16297=DIRECTION('',(-1.,0.,0.));
#16298=DIRECTION('',(0.,0.,1.));
#16299=DIRECTION('',(0.,1.,0.));
#16300=DIRECTION('',(0.,0.,1.));
#16301=DIRECTION('',(0.,0.,-1.));
#16302=DIRECTION('',(-1.,0.,0.));
#16303=DIRECTION('',(1.,0.,0.));
#16304=DIRECTION('',(0.,0.,-1.));
#16305=DIRECTION('',(0.,-1.,0.));
#16306=DIRECTION('',(0.,0.,-1.));
#16307=DIRECTION('',(-1.,0.,0.));
#16308=DIRECTION('',(1.,0.,0.));
#16309=DIRECTION('',(0.,0.,-1.));
#16310=DIRECTION('',(0.,-1.,0.));
#16311=DIRECTION('',(0.,0.,-1.));
#16312=DIRECTION('',(0.,0.,-1.));
#16313=DIRECTION('',(-1.,0.,0.));
#16314=DIRECTION('',(-1.,0.,0.));
#16315=DIRECTION('',(0.,1.,0.));
#16316=DIRECTION('',(0.,0.,1.));
#16317=DIRECTION('',(0.,1.,0.));
#16318=DIRECTION('',(0.,0.,1.));
#16319=DIRECTION('',(-1.,0.,0.));
#16320=DIRECTION('',(0.,0.,-1.));
#16321=DIRECTION('',(1.,0.,0.));
#16322=DIRECTION('',(0.,0.,-1.));
#16323=DIRECTION('',(0.,-1.,0.));
#16324=DIRECTION('',(0.,0.,-1.));
#16325=DIRECTION('',(-1.,0.,0.));
#16326=DIRECTION('',(1.,0.,0.));
#16327=DIRECTION('',(0.,0.,-1.));
#16328=DIRECTION('',(0.,0.,-1.));
#16329=DIRECTION('',(0.,-1.,0.));
#16330=DIRECTION('',(0.,0.,-1.));
#16331=DIRECTION('',(-1.,0.,0.));
#16332=DIRECTION('',(-1.,0.,0.));
#16333=DIRECTION('',(0.,1.,0.));
#16334=DIRECTION('',(0.,0.,1.));
#16335=DIRECTION('',(0.,0.,-1.));
#16336=DIRECTION('',(-1.,0.,0.));
#16337=DIRECTION('',(0.,-1.,0.));
#16338=DIRECTION('',(-1.,0.,0.));
#16339=DIRECTION('',(1.,0.,0.));
#16340=DIRECTION('',(0.,0.,-1.));
#16341=DIRECTION('',(0.,0.,-1.));
#16342=DIRECTION('',(0.,1.,0.));
#16343=DIRECTION('',(0.,0.,1.));
#16344=DIRECTION('',(0.,1.,0.));
#16345=DIRECTION('',(0.,0.,1.));
#16346=DIRECTION('',(0.,0.,-1.));
#16347=DIRECTION('',(-1.,0.,0.));
#16348=DIRECTION('',(1.,0.,0.));
#16349=DIRECTION('',(0.,0.,-1.));
#16350=DIRECTION('',(0.,-1.,0.));
#16351=DIRECTION('',(0.,0.,-1.));
#16352=DIRECTION('',(-1.,0.,0.));
#16353=DIRECTION('',(0.,0.,-1.));
#16354=DIRECTION('',(-1.,0.,0.));
#16355=DIRECTION('',(0.,-1.,0.));
#16356=DIRECTION('',(-1.,0.,0.));
#16357=DIRECTION('',(1.,0.,0.));
#16358=DIRECTION('',(0.,0.,-1.));
#16359=DIRECTION('',(0.,0.,-1.));
#16360=DIRECTION('',(0.,1.,0.));
#16361=DIRECTION('',(0.,0.,1.));
#16362=DIRECTION('',(1.,0.,0.));
#16363=DIRECTION('',(0.,0.,-1.));
#16364=DIRECTION('',(0.,0.,-1.));
#16365=DIRECTION('',(0.,-1.,0.));
#16366=DIRECTION('',(0.,0.,-1.));
#16367=DIRECTION('',(-1.,0.,0.));
#16368=DIRECTION('',(-1.,0.,0.));
#16369=DIRECTION('',(0.,1.,0.));
#16370=DIRECTION('',(0.,0.,1.));
#16371=DIRECTION('',(-1.,0.,-1.23908819712629E-15));
#16372=DIRECTION('',(-1.23908819712629E-15,0.,1.));
#16373=DIRECTION('',(0.,1.,0.));
#16374=DIRECTION('',(-1.23908819712629E-15,0.,1.));
#16375=DIRECTION('',(0.,1.,0.));
#16376=DIRECTION('',(0.,0.,1.));
#16377=DIRECTION('',(1.,0.,0.));
#16378=DIRECTION('',(1.,0.,0.));
#16379=DIRECTION('',(0.,0.,-1.));
#16380=DIRECTION('',(-1.,0.,0.));
#16381=DIRECTION('',(-1.,0.,0.));
#16382=DIRECTION('',(0.,1.,0.));
#16383=DIRECTION('',(0.,0.,1.));
#16384=DIRECTION('',(0.,-0.342020150545488,0.939692618158109));
#16385=DIRECTION('',(0.,-0.939692618158109,-0.342020150545488));
#16386=DIRECTION('',(-1.,0.,0.));
#16387=DIRECTION('',(0.,0.939692618158109,0.342020150545488));
#16388=DIRECTION('',(0.,0.939692618158109,0.342020150545488));
#16389=DIRECTION('',(0.,0.707106781186548,0.707106781186547));
#16390=DIRECTION('',(0.,-0.707106781186547,0.707106781186548));
#16391=DIRECTION('',(0.,0.707106781186547,-0.707106781186548));
#16392=DIRECTION('',(-1.,0.,0.));
#16393=DIRECTION('',(0.,0.707106781186547,-0.707106781186548));
#16394=DIRECTION('',(0.,-9.03501810404586E-16,1.));
#16395=DIRECTION('',(0.,-1.,-9.03501810404586E-16));
#16396=DIRECTION('',(0.,1.,0.));
#16397=DIRECTION('',(-1.,0.,0.));
#16398=DIRECTION('',(0.,1.,9.03501810404586E-16));
#16399=DIRECTION('',(-1.,0.,0.));
#16400=DIRECTION('',(0.,0.,1.));
#16401=DIRECTION('',(1.,0.,0.));
#16402=DIRECTION('',(0.,0.,-1.));
#16403=DIRECTION('',(1.,0.,0.));
#16404=DIRECTION('',(0.,0.,-1.));
#16405=DIRECTION('',(1.,0.,0.));
#16406=DIRECTION('',(0.,0.,-1.));
#16407=DIRECTION('',(1.,0.,0.));
#16408=DIRECTION('',(0.,0.,-1.));
#16409=DIRECTION('',(-1.,0.,0.));
#16410=DIRECTION('',(0.,0.,1.));
#16411=DIRECTION('',(1.,0.,0.));
#16412=DIRECTION('',(0.,0.,-1.));
#16413=DIRECTION('',(0.,0.,1.));
#16414=DIRECTION('',(1.,0.,0.));
#16415=DIRECTION('',(0.,-0.5,-0.866025403784438));
#16416=DIRECTION('',(0.,0.866025403784439,-0.5));
#16417=DIRECTION('',(1.,0.,0.));
#16418=DIRECTION('',(0.,-0.866025403784439,0.5));
#16419=DIRECTION('',(-1.,0.,0.));
#16420=DIRECTION('',(0.,-0.866025403784438,0.5));
#16421=DIRECTION('',(0.,-0.5,-0.866025403784438));
#16422=DIRECTION('',(0.,0.866025403784439,-0.5));
#16423=DIRECTION('',(1.,0.,0.));
#16424=DIRECTION('',(0.,-0.866025403784439,0.5));
#16425=DIRECTION('',(-1.,0.,0.));
#16426=DIRECTION('',(0.,0.866025403784439,-0.5));
#16427=DIRECTION('',(0.,-0.5,-0.866025403784438));
#16428=DIRECTION('',(0.,0.866025403784439,-0.5));
#16429=DIRECTION('',(1.,0.,0.));
#16430=DIRECTION('',(0.,-0.866025403784439,0.5));
#16431=DIRECTION('',(-1.,0.,0.));
#16432=DIRECTION('',(0.,0.866025403784439,-0.5));
#16433=DIRECTION('',(0.,-0.5,-0.866025403784438));
#16434=DIRECTION('',(0.,0.866025403784439,-0.5));
#16435=DIRECTION('',(1.,0.,0.));
#16436=DIRECTION('',(0.,-0.866025403784439,0.5));
#16437=DIRECTION('',(-1.,0.,0.));
#16438=DIRECTION('',(0.,0.866025403784439,-0.5));
#16439=DIRECTION('',(0.,-0.5,-0.866025403784438));
#16440=DIRECTION('',(0.,0.866025403784439,-0.5));
#16441=DIRECTION('',(1.,0.,0.));
#16442=DIRECTION('',(0.,-0.866025403784439,0.5));
#16443=DIRECTION('',(-1.,0.,0.));
#16444=DIRECTION('',(0.,0.866025403784439,-0.5));
#16445=DIRECTION('',(0.,-0.5,-0.866025403784438));
#16446=DIRECTION('',(0.,0.866025403784439,-0.5));
#16447=DIRECTION('',(1.,0.,0.));
#16448=DIRECTION('',(0.,-0.866025403784439,0.5));
#16449=DIRECTION('',(-1.,0.,0.));
#16450=DIRECTION('',(0.,0.866025403784439,-0.5));
#16451=DIRECTION('',(0.,0.,1.));
#16452=DIRECTION('',(1.,0.,0.));
#16453=DIRECTION('',(-1.,0.,0.));
#16454=DIRECTION('',(0.,-1.,0.));
#16455=DIRECTION('',(-1.,0.,0.));
#16456=DIRECTION('',(0.,1.,0.));
#16457=DIRECTION('',(0.,0.,1.));
#16458=DIRECTION('',(1.,0.,0.));
#16459=DIRECTION('',(-1.,0.,0.));
#16460=DIRECTION('',(0.,-1.,0.));
#16461=DIRECTION('',(-1.,0.,0.));
#16462=DIRECTION('',(0.,1.,0.));
#16463=DIRECTION('',(0.,0.,1.));
#16464=DIRECTION('',(1.,0.,0.));
#16465=DIRECTION('',(-1.,0.,0.));
#16466=DIRECTION('',(0.,-1.,0.));
#16467=DIRECTION('',(-1.,0.,0.));
#16468=DIRECTION('',(0.,1.,0.));
#16469=DIRECTION('',(0.,0.,1.));
#16470=DIRECTION('',(1.,0.,0.));
#16471=DIRECTION('',(-1.,0.,0.));
#16472=DIRECTION('',(0.,-1.,0.));
#16473=DIRECTION('',(-1.,0.,0.));
#16474=DIRECTION('',(0.,1.,0.));
#16475=DIRECTION('',(0.,0.,1.));
#16476=DIRECTION('',(1.,0.,0.));
#16477=DIRECTION('',(-1.,0.,0.));
#16478=DIRECTION('',(0.,-1.,0.));
#16479=DIRECTION('',(-1.,0.,0.));
#16480=DIRECTION('',(0.,1.,0.));
#16481=DIRECTION('',(0.,0.,1.));
#16482=DIRECTION('',(1.,0.,0.));
#16483=DIRECTION('',(-1.,0.,0.));
#16484=DIRECTION('',(0.,-1.,0.));
#16485=DIRECTION('',(-1.,0.,0.));
#16486=DIRECTION('',(0.,1.,0.));
#16487=DIRECTION('',(1.,0.,0.));
#16488=DIRECTION('',(0.,0.,-1.));
#16489=DIRECTION('',(0.,-3.79470760369927E-17,1.));
#16490=DIRECTION('',(0.,0.,-1.));
#16491=DIRECTION('',(0.,-0.965925705980031,-0.258819494101542));
#16492=DIRECTION('',(1.,0.,0.));
#16493=DIRECTION('',(0.,0.,-1.));
#16494=DIRECTION('',(0.,0.,-1.));
#16495=DIRECTION('',(1.,0.,0.));
#16496=DIRECTION('',(0.,0.,-1.));
#16497=DIRECTION('',(0.,0.965925705980031,-0.258819494101543));
#16498=DIRECTION('',(0.,0.,-1.));
#16499=DIRECTION('',(0.,-0.965925705980031,-0.258819494101542));
#16500=DIRECTION('',(1.,0.,0.));
#16501=DIRECTION('',(0.,0.,-1.));
#16502=DIRECTION('',(0.,0.,-1.));
#16503=DIRECTION('',(1.,0.,0.));
#16504=DIRECTION('',(0.,0.,-1.));
#16505=DIRECTION('',(0.,0.965925705980031,-0.258819494101541));
#16506=DIRECTION('',(0.,0.866025403784439,-0.499999999999999));
#16507=DIRECTION('',(0.,1.,0.));
#16508=DIRECTION('',(1.,0.,0.));
#16509=DIRECTION('',(0.,0.,-1.));
#16510=DIRECTION('',(0.,-1.,0.));
#16511=DIRECTION('',(0.,-0.866025403784438,0.5));
#16512=DIRECTION('',(0.,-0.5,-0.866025403784438));
#16513=DIRECTION('',(0.,0.866025403784439,-0.5));
#16514=DIRECTION('',(1.,0.,0.));
#16515=DIRECTION('',(-1.,0.,0.));
#16516=DIRECTION('',(0.,0.866025403784439,-0.5));
#16517=DIRECTION('',(0.,0.,1.));
#16518=DIRECTION('',(1.,0.,0.));
#16519=DIRECTION('',(-1.,0.,0.));
#16520=DIRECTION('',(0.,1.,0.));
#16521=DIRECTION('',(-1.,0.,0.));
#16522=DIRECTION('',(0.,1.,0.));
#16523=DIRECTION('',(1.,0.,0.));
#16524=DIRECTION('',(0.,0.,-1.));
#16525=DIRECTION('',(0.,-3.79470760369927E-17,1.));
#16526=DIRECTION('',(0.,-1.,0.));
#16527=DIRECTION('',(1.,0.,0.));
#16528=DIRECTION('',(0.,0.,-1.));
#16529=DIRECTION('',(0.,1.,0.));
#16530=DIRECTION('',(0.,0.866025403784439,-0.499999999999999));
#16531=DIRECTION('',(0.,0.965925705980031,-0.258819494101541));
#16532=DIRECTION('',(1.,0.,0.));
#16533=DIRECTION('',(0.,0.,-1.));
#16534=DIRECTION('',(0.,0.,-1.));
#16535=DIRECTION('',(1.,0.,0.));
#16536=DIRECTION('',(0.,0.,-1.));
#16537=DIRECTION('',(0.,-0.965925705980031,-0.258819494101542));
#16538=DIRECTION('',(0.,0.,-1.));
#16539=DIRECTION('',(0.,0.965925705980031,-0.258819494101543));
#16540=DIRECTION('',(1.,0.,0.));
#16541=DIRECTION('',(0.,0.,-1.));
#16542=DIRECTION('',(0.,0.,-1.));
#16543=DIRECTION('',(1.,0.,0.));
#16544=DIRECTION('',(0.,0.,-1.));
#16545=DIRECTION('',(0.,-0.965925705980031,-0.258819494101542));
#16546=DIRECTION('',(0.,0.,-1.));
#16547=DIRECTION('',(1.,0.,0.));
#16548=DIRECTION('',(0.,0.,-1.));
#16549=DIRECTION('',(0.,-3.79470760369927E-17,1.));
#16550=DIRECTION('',(0.,-1.,0.));
#16551=DIRECTION('',(0.,0.,-1.));
#16552=DIRECTION('',(0.,-0.965925705980031,-0.258819494101542));
#16553=DIRECTION('',(1.,0.,0.));
#16554=DIRECTION('',(0.,0.,-1.));
#16555=DIRECTION('',(0.,0.,-1.));
#16556=DIRECTION('',(1.,0.,0.));
#16557=DIRECTION('',(0.,0.,-1.));
#16558=DIRECTION('',(0.,0.965925705980032,-0.258819494101541));
#16559=DIRECTION('',(0.,0.866025403784439,-0.499999999999999));
#16560=DIRECTION('',(0.,1.,0.));
#16561=DIRECTION('',(1.,0.,0.));
#16562=DIRECTION('',(0.,0.,-1.));
#16563=DIRECTION('',(0.,-1.,0.));
#16564=DIRECTION('',(-1.,0.,0.));
#16565=DIRECTION('',(0.,0.,1.));
#16566=DIRECTION('',(0.,3.79470760369927E-17,-1.));
#16567=DIRECTION('',(0.,1.,0.));
#16568=DIRECTION('',(-1.,0.,0.));
#16569=DIRECTION('',(0.,0.,1.));
#16570=DIRECTION('',(0.,-1.,0.));
#16571=DIRECTION('',(0.,-0.866025403784439,0.499999999999999));
#16572=DIRECTION('',(0.,-0.965925705980032,0.258819494101541));
#16573=DIRECTION('',(-1.,0.,0.));
#16574=DIRECTION('',(0.,0.,1.));
#16575=DIRECTION('',(0.,0.,1.));
#16576=DIRECTION('',(-1.,0.,0.));
#16577=DIRECTION('',(0.,0.,1.));
#16578=DIRECTION('',(0.,0.965925705980031,0.258819494101542));
#16579=DIRECTION('',(0.,0.,1.));
#16580=DIRECTION('',(0.,-1.,0.));
#16581=DIRECTION('',(1.6940658945086E-16,0.,-1.));
#16582=DIRECTION('',(-1.,0.,-1.6940658945086E-16));
#16583=DIRECTION('',(1.,-6.42848473105939E-33,1.6940658945086E-16));
#16584=DIRECTION('',(-1.,0.,-1.6940658945086E-16));
#16585=DIRECTION('',(1.,0.,0.));
#16586=DIRECTION('',(0.,0.,-1.));
#16587=DIRECTION('',(0.,-3.79470760369927E-17,1.));
#16588=DIRECTION('',(0.,-1.,0.));
#16589=DIRECTION('',(0.,0.,-1.));
#16590=DIRECTION('',(0.,-0.965925705980031,-0.258819494101542));
#16591=DIRECTION('',(1.,0.,0.));
#16592=DIRECTION('',(0.,0.,-1.));
#16593=DIRECTION('',(0.,0.,-1.));
#16594=DIRECTION('',(1.,0.,0.));
#16595=DIRECTION('',(0.,0.,-1.));
#16596=DIRECTION('',(0.,0.965925705980032,-0.258819494101541));
#16597=DIRECTION('',(0.,0.866025403784439,-0.499999999999999));
#16598=DIRECTION('',(0.,1.,0.));
#16599=DIRECTION('',(1.,0.,0.));
#16600=DIRECTION('',(0.,0.,-1.));
#16601=DIRECTION('',(0.,-1.,0.));
#16602=DIRECTION('',(-1.,0.,0.));
#16603=DIRECTION('',(0.,0.,1.));
#16604=DIRECTION('',(0.,3.79470760369927E-17,-1.));
#16605=DIRECTION('',(0.,1.,0.));
#16606=DIRECTION('',(-1.,0.,0.));
#16607=DIRECTION('',(0.,0.,1.));
#16608=DIRECTION('',(0.,-1.,0.));
#16609=DIRECTION('',(0.,-0.866025403784439,0.499999999999999));
#16610=DIRECTION('',(0.,-0.965925705980032,0.258819494101541));
#16611=DIRECTION('',(-1.,0.,0.));
#16612=DIRECTION('',(0.,0.,1.));
#16613=DIRECTION('',(0.,0.,1.));
#16614=DIRECTION('',(-1.,0.,0.));
#16615=DIRECTION('',(0.,0.,1.));
#16616=DIRECTION('',(0.,0.965925705980031,0.258819494101542));
#16617=DIRECTION('',(0.,0.,1.));
#16618=DIRECTION('',(0.,-1.,0.));
#16619=DIRECTION('',(1.6940658945086E-16,0.,-1.));
#16620=DIRECTION('',(-1.,0.,-1.6940658945086E-16));
#16621=DIRECTION('',(1.,-6.42848473105939E-33,1.6940658945086E-16));
#16622=DIRECTION('',(-1.,0.,-1.6940658945086E-16));
#16623=DIRECTION('',(1.,0.,0.));
#16624=DIRECTION('',(0.,0.,-1.));
#16625=DIRECTION('',(0.,-3.79470760369927E-17,1.));
#16626=DIRECTION('',(0.,-1.,0.));
#16627=DIRECTION('',(0.,0.,-1.));
#16628=DIRECTION('',(0.,-0.965925705980031,-0.258819494101542));
#16629=DIRECTION('',(1.,0.,0.));
#16630=DIRECTION('',(0.,0.,-1.));
#16631=DIRECTION('',(0.,0.,-1.));
#16632=DIRECTION('',(1.,0.,0.));
#16633=DIRECTION('',(0.,0.,-1.));
#16634=DIRECTION('',(0.,0.965925705980032,-0.258819494101541));
#16635=DIRECTION('',(0.,0.866025403784439,-0.499999999999999));
#16636=DIRECTION('',(0.,1.,0.));
#16637=DIRECTION('',(1.,0.,0.));
#16638=DIRECTION('',(0.,0.,-1.));
#16639=DIRECTION('',(0.,-1.,0.));
#16640=DIRECTION('',(-1.,0.,0.));
#16641=DIRECTION('',(0.,0.,1.));
#16642=DIRECTION('',(0.,3.79470760369927E-17,-1.));
#16643=DIRECTION('',(0.,1.,0.));
#16644=DIRECTION('',(-1.,0.,0.));
#16645=DIRECTION('',(0.,0.,1.));
#16646=DIRECTION('',(0.,-1.,0.));
#16647=DIRECTION('',(0.,-0.866025403784439,0.499999999999999));
#16648=DIRECTION('',(0.,-0.965925705980032,0.258819494101541));
#16649=DIRECTION('',(-1.,0.,0.));
#16650=DIRECTION('',(0.,0.,1.));
#16651=DIRECTION('',(0.,0.,1.));
#16652=DIRECTION('',(-1.,0.,0.));
#16653=DIRECTION('',(0.,0.,1.));
#16654=DIRECTION('',(0.,0.965925705980031,0.258819494101542));
#16655=DIRECTION('',(0.,0.,1.));
#16656=DIRECTION('',(0.,-1.,0.));
#16657=DIRECTION('',(1.6940658945086E-16,0.,-1.));
#16658=DIRECTION('',(-1.,0.,-1.6940658945086E-16));
#16659=DIRECTION('',(1.,-6.42848473105939E-33,1.6940658945086E-16));
#16660=DIRECTION('',(-1.,0.,-1.6940658945086E-16));
#16661=DIRECTION('',(1.,0.,0.));
#16662=DIRECTION('',(0.,0.,-1.));
#16663=DIRECTION('',(0.,-3.79470760369927E-17,1.));
#16664=DIRECTION('',(0.,-1.,0.));
#16665=DIRECTION('',(0.,0.,-1.));
#16666=DIRECTION('',(0.,-0.965925705980031,-0.258819494101542));
#16667=DIRECTION('',(1.,0.,0.));
#16668=DIRECTION('',(0.,0.,-1.));
#16669=DIRECTION('',(0.,0.,-1.));
#16670=DIRECTION('',(1.,0.,0.));
#16671=DIRECTION('',(0.,0.,-1.));
#16672=DIRECTION('',(0.,0.965925705980032,-0.258819494101541));
#16673=DIRECTION('',(0.,0.866025403784439,-0.499999999999999));
#16674=DIRECTION('',(0.,1.,0.));
#16675=DIRECTION('',(1.,0.,0.));
#16676=DIRECTION('',(0.,0.,-1.));
#16677=DIRECTION('',(0.,-1.,0.));
#16678=DIRECTION('',(-1.,0.,0.));
#16679=DIRECTION('',(0.,0.,1.));
#16680=DIRECTION('',(0.,3.79470760369927E-17,-1.));
#16681=DIRECTION('',(0.,1.,0.));
#16682=DIRECTION('',(-1.,0.,0.));
#16683=DIRECTION('',(0.,0.,1.));
#16684=DIRECTION('',(0.,-1.,0.));
#16685=DIRECTION('',(0.,-0.866025403784439,0.499999999999999));
#16686=DIRECTION('',(0.,-0.965925705980032,0.258819494101541));
#16687=DIRECTION('',(-1.,0.,0.));
#16688=DIRECTION('',(0.,0.,1.));
#16689=DIRECTION('',(0.,0.,1.));
#16690=DIRECTION('',(-1.,0.,0.));
#16691=DIRECTION('',(0.,0.,1.));
#16692=DIRECTION('',(0.,0.965925705980031,0.258819494101542));
#16693=DIRECTION('',(0.,0.,1.));
#16694=DIRECTION('',(0.,-1.,0.));
#16695=DIRECTION('',(1.6940658945086E-16,0.,-1.));
#16696=DIRECTION('',(-1.,0.,-1.6940658945086E-16));
#16697=DIRECTION('',(1.,-6.42848473105939E-33,1.6940658945086E-16));
#16698=DIRECTION('',(-1.,0.,-1.6940658945086E-16));
#16699=DIRECTION('',(1.,0.,0.));
#16700=DIRECTION('',(0.,0.,-1.));
#16701=DIRECTION('',(0.,-3.79470760369927E-17,1.));
#16702=DIRECTION('',(0.,-1.,0.));
#16703=DIRECTION('',(0.,0.,-1.));
#16704=DIRECTION('',(0.,-0.965925705980031,-0.258819494101542));
#16705=DIRECTION('',(1.,0.,0.));
#16706=DIRECTION('',(0.,0.,-1.));
#16707=DIRECTION('',(0.,0.,-1.));
#16708=DIRECTION('',(1.,0.,0.));
#16709=DIRECTION('',(0.,0.,-1.));
#16710=DIRECTION('',(0.,0.965925705980032,-0.258819494101541));
#16711=DIRECTION('',(0.,0.866025403784439,-0.499999999999999));
#16712=DIRECTION('',(0.,1.,0.));
#16713=DIRECTION('',(1.,0.,0.));
#16714=DIRECTION('',(0.,0.,-1.));
#16715=DIRECTION('',(0.,-1.,0.));
#16716=DIRECTION('',(-1.,0.,0.));
#16717=DIRECTION('',(0.,0.,1.));
#16718=DIRECTION('',(0.,3.79470760369927E-17,-1.));
#16719=DIRECTION('',(0.,1.,0.));
#16720=DIRECTION('',(-1.,0.,0.));
#16721=DIRECTION('',(0.,0.,1.));
#16722=DIRECTION('',(0.,-1.,0.));
#16723=DIRECTION('',(0.,-0.866025403784439,0.499999999999999));
#16724=DIRECTION('',(0.,-0.965925705980032,0.258819494101541));
#16725=DIRECTION('',(-1.,0.,0.));
#16726=DIRECTION('',(0.,0.,1.));
#16727=DIRECTION('',(0.,0.,1.));
#16728=DIRECTION('',(-1.,0.,0.));
#16729=DIRECTION('',(0.,0.,1.));
#16730=DIRECTION('',(0.,0.965925705980031,0.258819494101542));
#16731=DIRECTION('',(0.,0.,1.));
#16732=DIRECTION('',(0.,-1.,0.));
#16733=DIRECTION('',(1.6940658945086E-16,0.,-1.));
#16734=DIRECTION('',(-1.,0.,-1.6940658945086E-16));
#16735=DIRECTION('',(1.,-6.42848473105939E-33,1.6940658945086E-16));
#16736=DIRECTION('',(-1.,0.,-1.6940658945086E-16));
#16737=DIRECTION('',(1.,0.,0.));
#16738=DIRECTION('',(0.,0.,-1.));
#16739=DIRECTION('',(0.,-3.79470760369927E-17,1.));
#16740=DIRECTION('',(0.,-1.,0.));
#16741=DIRECTION('',(0.,0.,-1.));
#16742=DIRECTION('',(0.,-0.965925705980031,-0.258819494101542));
#16743=DIRECTION('',(1.,0.,0.));
#16744=DIRECTION('',(0.,0.,-1.));
#16745=DIRECTION('',(0.,0.,-1.));
#16746=DIRECTION('',(1.,0.,0.));
#16747=DIRECTION('',(0.,0.,-1.));
#16748=DIRECTION('',(0.,0.965925705980032,-0.258819494101541));
#16749=DIRECTION('',(0.,0.866025403784439,-0.499999999999999));
#16750=DIRECTION('',(0.,1.,0.));
#16751=DIRECTION('',(1.,0.,0.));
#16752=DIRECTION('',(0.,0.,-1.));
#16753=DIRECTION('',(0.,-1.,0.));
#16754=DIRECTION('',(-1.,0.,0.));
#16755=DIRECTION('',(0.,0.,1.));
#16756=DIRECTION('',(0.,3.79470760369927E-17,-1.));
#16757=DIRECTION('',(0.,1.,0.));
#16758=DIRECTION('',(-1.,0.,0.));
#16759=DIRECTION('',(0.,0.,1.));
#16760=DIRECTION('',(0.,-1.,0.));
#16761=DIRECTION('',(0.,-0.866025403784439,0.499999999999999));
#16762=DIRECTION('',(0.,-0.965925705980032,0.258819494101541));
#16763=DIRECTION('',(-1.,0.,0.));
#16764=DIRECTION('',(0.,0.,1.));
#16765=DIRECTION('',(0.,0.,1.));
#16766=DIRECTION('',(-1.,0.,0.));
#16767=DIRECTION('',(0.,0.,1.));
#16768=DIRECTION('',(0.,0.965925705980031,0.258819494101542));
#16769=DIRECTION('',(0.,0.,1.));
#16770=DIRECTION('',(0.,-1.,0.));
#16771=DIRECTION('',(1.6940658945086E-16,0.,-1.));
#16772=DIRECTION('',(-1.,0.,-1.6940658945086E-16));
#16773=DIRECTION('',(1.,-6.42848473105939E-33,1.6940658945086E-16));
#16774=DIRECTION('',(-1.,0.,-1.6940658945086E-16));
#16775=DIRECTION('',(1.,0.,0.));
#16776=DIRECTION('',(0.,0.,-1.));
#16777=DIRECTION('',(0.,-3.79470760369927E-17,1.));
#16778=DIRECTION('',(0.,0.,-1.));
#16779=DIRECTION('',(0.,-0.965925705980031,-0.258819494101542));
#16780=DIRECTION('',(1.,0.,0.));
#16781=DIRECTION('',(0.,0.,-1.));
#16782=DIRECTION('',(0.,0.,-1.));
#16783=DIRECTION('',(1.,0.,0.));
#16784=DIRECTION('',(0.,0.,-1.));
#16785=DIRECTION('',(0.,0.965925705980031,-0.258819494101543));
#16786=DIRECTION('',(0.,0.,-1.));
#16787=DIRECTION('',(0.,-1.,0.));
#16788=DIRECTION('',(0.,0.,1.));
#16789=DIRECTION('',(1.,0.,0.));
#16790=DIRECTION('',(-1.,0.,0.));
#16791=DIRECTION('',(1.,0.,0.));
#16792=DIRECTION('',(0.,-1.,0.));
#16793=DIRECTION('',(-1.,0.,0.));
#16794=DIRECTION('',(0.,0.,1.));
#16795=DIRECTION('',(0.,3.79470760369927E-17,-1.));
#16796=DIRECTION('',(0.,0.,1.));
#16797=DIRECTION('',(0.,-0.965925705980031,0.258819494101543));
#16798=DIRECTION('',(-1.,0.,0.));
#16799=DIRECTION('',(0.,0.,1.));
#16800=DIRECTION('',(0.,0.,1.));
#16801=DIRECTION('',(-1.,0.,0.));
#16802=DIRECTION('',(0.,0.,1.));
#16803=DIRECTION('',(0.,0.965925705980031,0.258819494101542));
#16804=DIRECTION('',(0.,0.,1.));
#16805=DIRECTION('',(1.,0.,0.));
#16806=DIRECTION('',(0.,0.,-1.));
#16807=DIRECTION('',(0.,-3.79470760369927E-17,1.));
#16808=DIRECTION('',(0.,0.,-1.));
#16809=DIRECTION('',(0.,-0.965925705980031,-0.258819494101542));
#16810=DIRECTION('',(1.,0.,0.));
#16811=DIRECTION('',(0.,0.,-1.));
#16812=DIRECTION('',(0.,0.,-1.));
#16813=DIRECTION('',(1.,0.,0.));
#16814=DIRECTION('',(0.,0.,-1.));
#16815=DIRECTION('',(0.,0.965925705980031,-0.258819494101543));
#16816=DIRECTION('',(0.,0.,-1.));
#16817=DIRECTION('',(0.,-1.,0.));
#16818=DIRECTION('',(0.,0.,1.));
#16819=DIRECTION('',(1.,0.,0.));
#16820=DIRECTION('',(-1.,0.,0.));
#16821=DIRECTION('',(1.,0.,0.));
#16822=DIRECTION('',(0.,-1.,0.));
#16823=DIRECTION('',(-1.,0.,0.));
#16824=DIRECTION('',(0.,0.,1.));
#16825=DIRECTION('',(0.,3.79470760369927E-17,-1.));
#16826=DIRECTION('',(0.,0.,1.));
#16827=DIRECTION('',(0.,-0.965925705980031,0.258819494101543));
#16828=DIRECTION('',(-1.,0.,0.));
#16829=DIRECTION('',(0.,0.,1.));
#16830=DIRECTION('',(0.,0.,1.));
#16831=DIRECTION('',(-1.,0.,0.));
#16832=DIRECTION('',(0.,0.,1.));
#16833=DIRECTION('',(0.,0.965925705980031,0.258819494101542));
#16834=DIRECTION('',(0.,0.,1.));
#16835=DIRECTION('',(1.,0.,0.));
#16836=DIRECTION('',(0.,0.,-1.));
#16837=DIRECTION('',(0.,-3.79470760369927E-17,1.));
#16838=DIRECTION('',(0.,0.,-1.));
#16839=DIRECTION('',(0.,-0.965925705980031,-0.258819494101542));
#16840=DIRECTION('',(1.,0.,0.));
#16841=DIRECTION('',(0.,0.,-1.));
#16842=DIRECTION('',(0.,0.,-1.));
#16843=DIRECTION('',(1.,0.,0.));
#16844=DIRECTION('',(0.,0.,-1.));
#16845=DIRECTION('',(0.,0.965925705980031,-0.258819494101543));
#16846=DIRECTION('',(0.,0.,-1.));
#16847=DIRECTION('',(0.,-1.,0.));
#16848=DIRECTION('',(0.,0.,1.));
#16849=DIRECTION('',(1.,0.,0.));
#16850=DIRECTION('',(-1.,0.,0.));
#16851=DIRECTION('',(1.,0.,0.));
#16852=DIRECTION('',(0.,-1.,0.));
#16853=DIRECTION('',(-1.,0.,0.));
#16854=DIRECTION('',(0.,0.,1.));
#16855=DIRECTION('',(0.,3.79470760369927E-17,-1.));
#16856=DIRECTION('',(0.,0.,1.));
#16857=DIRECTION('',(0.,-0.965925705980031,0.258819494101543));
#16858=DIRECTION('',(-1.,0.,0.));
#16859=DIRECTION('',(0.,0.,1.));
#16860=DIRECTION('',(0.,0.,1.));
#16861=DIRECTION('',(-1.,0.,0.));
#16862=DIRECTION('',(0.,0.,1.));
#16863=DIRECTION('',(0.,0.965925705980031,0.258819494101542));
#16864=DIRECTION('',(0.,0.,1.));
#16865=DIRECTION('',(1.,0.,0.));
#16866=DIRECTION('',(0.,0.,-1.));
#16867=DIRECTION('',(0.,-3.79470760369927E-17,1.));
#16868=DIRECTION('',(0.,0.,-1.));
#16869=DIRECTION('',(0.,-0.965925705980031,-0.258819494101542));
#16870=DIRECTION('',(1.,0.,0.));
#16871=DIRECTION('',(0.,0.,-1.));
#16872=DIRECTION('',(0.,0.,-1.));
#16873=DIRECTION('',(1.,0.,0.));
#16874=DIRECTION('',(0.,0.,-1.));
#16875=DIRECTION('',(0.,0.965925705980031,-0.258819494101543));
#16876=DIRECTION('',(0.,0.,-1.));
#16877=DIRECTION('',(0.,-1.,0.));
#16878=DIRECTION('',(0.,0.,1.));
#16879=DIRECTION('',(1.,0.,0.));
#16880=DIRECTION('',(-1.,0.,0.));
#16881=DIRECTION('',(1.,0.,0.));
#16882=DIRECTION('',(0.,-1.,0.));
#16883=DIRECTION('',(-1.,0.,0.));
#16884=DIRECTION('',(0.,0.,1.));
#16885=DIRECTION('',(0.,3.79470760369927E-17,-1.));
#16886=DIRECTION('',(0.,0.,1.));
#16887=DIRECTION('',(0.,-0.965925705980031,0.258819494101543));
#16888=DIRECTION('',(-1.,0.,0.));
#16889=DIRECTION('',(0.,0.,1.));
#16890=DIRECTION('',(0.,0.,1.));
#16891=DIRECTION('',(-1.,0.,0.));
#16892=DIRECTION('',(0.,0.,1.));
#16893=DIRECTION('',(0.,0.965925705980031,0.258819494101542));
#16894=DIRECTION('',(0.,0.,1.));
#16895=DIRECTION('',(1.,0.,0.));
#16896=DIRECTION('',(0.,0.,-1.));
#16897=DIRECTION('',(0.,-3.79470760369927E-17,1.));
#16898=DIRECTION('',(0.,0.,-1.));
#16899=DIRECTION('',(0.,-0.965925705980031,-0.258819494101542));
#16900=DIRECTION('',(1.,0.,0.));
#16901=DIRECTION('',(0.,0.,-1.));
#16902=DIRECTION('',(0.,0.,-1.));
#16903=DIRECTION('',(1.,0.,0.));
#16904=DIRECTION('',(0.,0.,-1.));
#16905=DIRECTION('',(0.,0.965925705980031,-0.258819494101543));
#16906=DIRECTION('',(0.,0.,-1.));
#16907=DIRECTION('',(0.,-1.,0.));
#16908=DIRECTION('',(0.,0.,1.));
#16909=DIRECTION('',(1.,0.,0.));
#16910=DIRECTION('',(-1.,0.,0.));
#16911=DIRECTION('',(1.,0.,0.));
#16912=DIRECTION('',(0.,-1.,0.));
#16913=DIRECTION('',(-1.,0.,0.));
#16914=DIRECTION('',(0.,0.,1.));
#16915=DIRECTION('',(0.,3.79470760369927E-17,-1.));
#16916=DIRECTION('',(0.,0.,1.));
#16917=DIRECTION('',(0.,-0.965925705980031,0.258819494101543));
#16918=DIRECTION('',(-1.,0.,0.));
#16919=DIRECTION('',(0.,0.,1.));
#16920=DIRECTION('',(0.,0.,1.));
#16921=DIRECTION('',(-1.,0.,0.));
#16922=DIRECTION('',(0.,0.,1.));
#16923=DIRECTION('',(0.,0.965925705980031,0.258819494101542));
#16924=DIRECTION('',(0.,0.,1.));
#16925=DIRECTION('',(-1.,0.,0.));
#16926=DIRECTION('',(0.,0.,1.));
#16927=DIRECTION('',(0.,3.79470760369927E-17,-1.));
#16928=DIRECTION('',(0.,-1.,0.));
#16929=DIRECTION('',(0.,0.,1.));
#16930=DIRECTION('',(0.,-0.965925705980031,0.258819494101543));
#16931=DIRECTION('',(-1.,0.,0.));
#16932=DIRECTION('',(0.,0.,1.));
#16933=DIRECTION('',(0.,0.,1.));
#16934=DIRECTION('',(-1.,0.,0.));
#16935=DIRECTION('',(0.,0.,1.));
#16936=DIRECTION('',(0.,0.965925705980031,0.258819494101542));
#16937=DIRECTION('',(0.,0.,1.));
#16938=DIRECTION('',(0.,0.,1.));
#16939=DIRECTION('',(1.,0.,0.));
#16940=DIRECTION('',(-1.,0.,0.));
#16941=DIRECTION('',(0.,-1.,0.));
#16942=DIRECTION('',(1.,0.,0.));
#16943=DIRECTION('',(1.,0.,0.));
#16944=DIRECTION('',(0.,0.,-1.));
#16945=DIRECTION('',(0.,-3.79470760369927E-17,1.));
#16946=DIRECTION('',(0.,0.,-1.));
#16947=DIRECTION('',(0.,-0.965925705980031,-0.258819494101542));
#16948=DIRECTION('',(1.,0.,0.));
#16949=DIRECTION('',(0.,0.,-1.));
#16950=DIRECTION('',(0.,0.,-1.));
#16951=DIRECTION('',(1.,0.,0.));
#16952=DIRECTION('',(0.,0.,-1.));
#16953=DIRECTION('',(0.,0.965925705980031,-0.258819494101543));
#16954=DIRECTION('',(0.,0.,-1.));
#16955=DIRECTION('',(-1.,0.,0.));
#16956=DIRECTION('',(0.,0.,1.));
#16957=DIRECTION('',(-1.,0.,0.));
#16958=DIRECTION('',(-1.,0.,0.));
#16959=DIRECTION('',(-1.,0.,0.));
#16960=DIRECTION('',(0.,0.,1.));
#16961=DIRECTION('',(-1.,0.,0.));
#16962=DIRECTION('',(-1.,0.,0.));
#16963=DIRECTION('',(-1.,0.,0.));
#16964=DIRECTION('',(0.,0.,1.));
#16965=DIRECTION('',(-1.,0.,0.));
#16966=DIRECTION('',(-1.,0.,0.));
#16967=DIRECTION('',(-1.,0.,0.));
#16968=DIRECTION('',(0.,0.,1.));
#16969=DIRECTION('',(-1.,0.,0.));
#16970=DIRECTION('',(-1.,0.,0.));
#16971=DIRECTION('',(-1.,0.,0.));
#16972=DIRECTION('',(0.,0.,1.));
#16973=DIRECTION('',(-1.,0.,0.));
#16974=DIRECTION('',(-1.,0.,0.));
#16975=DIRECTION('',(-1.,0.,0.));
#16976=DIRECTION('',(0.,0.,1.));
#16977=DIRECTION('',(-1.,0.,0.));
#16978=DIRECTION('',(-1.,0.,0.));
#16979=DIRECTION('',(0.,0.,-1.));
#16980=DIRECTION('',(-1.,0.,0.));
#16981=DIRECTION('',(0.,0.,-1.));
#16982=DIRECTION('',(-1.,0.,0.));
#16983=DIRECTION('',(0.,0.,-1.));
#16984=DIRECTION('',(-1.,0.,0.));
#16985=DIRECTION('',(0.,0.,-1.));
#16986=DIRECTION('',(-1.,0.,0.));
#16987=DIRECTION('',(0.,0.,-1.));
#16988=DIRECTION('',(-1.,0.,0.));
#16989=DIRECTION('',(0.,0.,-1.));
#16990=DIRECTION('',(-1.,0.,0.));
#16991=DIRECTION('',(0.,1.,0.));
#16992=DIRECTION('',(0.,0.,1.));
#16993=DIRECTION('',(-1.,0.,0.));
#16994=DIRECTION('',(0.,1.,0.));
#16995=DIRECTION('',(0.,0.,1.));
#16996=DIRECTION('',(-1.,0.,0.));
#16997=DIRECTION('',(0.,1.,0.));
#16998=DIRECTION('',(0.,0.,1.));
#16999=DIRECTION('',(-1.,0.,0.));
#17000=DIRECTION('',(0.,1.,0.));
#17001=DIRECTION('',(0.,0.,1.));
#17002=DIRECTION('',(-1.,0.,0.));
#17003=DIRECTION('',(0.,1.,0.));
#17004=DIRECTION('',(0.,0.,1.));
#17005=DIRECTION('',(-1.,0.,0.));
#17006=DIRECTION('',(0.,1.,0.));
#17007=DIRECTION('',(0.,0.,1.));
#17008=DIRECTION('',(-1.,0.,0.));
#17009=DIRECTION('',(0.,0.258819494101542,-0.965925705980031));
#17010=DIRECTION('',(0.,0.965925705980031,0.258819494101542));
#17011=DIRECTION('',(-1.,0.,0.));
#17012=DIRECTION('',(0.,0.258819494101542,-0.965925705980031));
#17013=DIRECTION('',(0.,0.965925705980031,0.258819494101542));
#17014=DIRECTION('',(-1.,0.,0.));
#17015=DIRECTION('',(0.,0.258819494101542,-0.965925705980031));
#17016=DIRECTION('',(0.,0.965925705980031,0.258819494101542));
#17017=DIRECTION('',(-1.,0.,0.));
#17018=DIRECTION('',(0.,0.258819494101542,-0.965925705980031));
#17019=DIRECTION('',(0.,0.965925705980031,0.258819494101542));
#17020=DIRECTION('',(-1.,0.,0.));
#17021=DIRECTION('',(0.,0.258819494101542,-0.965925705980031));
#17022=DIRECTION('',(0.,0.965925705980031,0.258819494101542));
#17023=DIRECTION('',(-1.,0.,0.));
#17024=DIRECTION('',(0.,0.258819494101542,-0.965925705980031));
#17025=DIRECTION('',(0.,0.965925705980031,0.258819494101542));
#17026=DIRECTION('',(-1.,0.,0.));
#17027=DIRECTION('',(-1.,0.,0.));
#17028=DIRECTION('',(0.,0.,1.));
#17029=DIRECTION('',(-1.,0.,0.));
#17030=DIRECTION('',(-1.,0.,0.));
#17031=DIRECTION('',(0.,0.,1.));
#17032=DIRECTION('',(-1.,0.,0.));
#17033=DIRECTION('',(-1.,0.,0.));
#17034=DIRECTION('',(0.,0.,1.));
#17035=DIRECTION('',(-1.,0.,0.));
#17036=DIRECTION('',(-1.,0.,0.));
#17037=DIRECTION('',(0.,0.,1.));
#17038=DIRECTION('',(-1.,0.,0.));
#17039=DIRECTION('',(-1.,0.,0.));
#17040=DIRECTION('',(0.,0.,1.));
#17041=DIRECTION('',(-1.,0.,0.));
#17042=DIRECTION('',(-1.,0.,0.));
#17043=DIRECTION('',(0.,0.,1.));
#17044=DIRECTION('',(-1.,0.,0.));
#17045=DIRECTION('',(0.,1.,0.));
#17046=DIRECTION('',(0.,0.,1.));
#17047=DIRECTION('',(-1.,0.,0.));
#17048=DIRECTION('',(0.,1.,0.));
#17049=DIRECTION('',(0.,0.,1.));
#17050=DIRECTION('',(-1.,0.,0.));
#17051=DIRECTION('',(0.,1.,0.));
#17052=DIRECTION('',(0.,0.,1.));
#17053=DIRECTION('',(-1.,0.,0.));
#17054=DIRECTION('',(0.,1.,0.));
#17055=DIRECTION('',(0.,0.,1.));
#17056=DIRECTION('',(-1.,0.,0.));
#17057=DIRECTION('',(0.,1.,0.));
#17058=DIRECTION('',(0.,0.,1.));
#17059=DIRECTION('',(-1.,0.,0.));
#17060=DIRECTION('',(0.,1.,0.));
#17061=DIRECTION('',(0.,0.,1.));
#17062=DIRECTION('',(-1.,0.,0.));
#17063=DIRECTION('',(-1.,0.,0.));
#17064=DIRECTION('',(0.,0.,1.));
#17065=DIRECTION('',(-1.,0.,0.));
#17066=DIRECTION('',(-1.,0.,0.));
#17067=DIRECTION('',(0.,0.,1.));
#17068=DIRECTION('',(-1.,0.,0.));
#17069=DIRECTION('',(-1.,0.,0.));
#17070=DIRECTION('',(0.,0.,1.));
#17071=DIRECTION('',(-1.,0.,0.));
#17072=DIRECTION('',(-1.,0.,0.));
#17073=DIRECTION('',(0.,0.,1.));
#17074=DIRECTION('',(-1.,0.,0.));
#17075=DIRECTION('',(-1.,0.,0.));
#17076=DIRECTION('',(0.,0.,1.));
#17077=DIRECTION('',(-1.,0.,0.));
#17078=DIRECTION('',(-1.,0.,0.));
#17079=DIRECTION('',(0.,0.,1.));
#17080=DIRECTION('',(-1.,0.,0.));
#17081=DIRECTION('',(0.,0.258819494101543,0.965925705980031));
#17082=DIRECTION('',(0.,-0.965925705980031,0.258819494101543));
#17083=DIRECTION('',(-1.,0.,0.));
#17084=DIRECTION('',(0.,0.258819494101543,0.965925705980031));
#17085=DIRECTION('',(0.,-0.965925705980031,0.258819494101543));
#17086=DIRECTION('',(-1.,0.,0.));
#17087=DIRECTION('',(0.,0.258819494101543,0.965925705980031));
#17088=DIRECTION('',(0.,-0.965925705980031,0.258819494101543));
#17089=DIRECTION('',(-1.,0.,0.));
#17090=DIRECTION('',(0.,0.258819494101543,0.965925705980031));
#17091=DIRECTION('',(0.,-0.965925705980031,0.258819494101543));
#17092=DIRECTION('',(-1.,0.,0.));
#17093=DIRECTION('',(0.,0.258819494101543,0.965925705980031));
#17094=DIRECTION('',(0.,-0.965925705980031,0.258819494101543));
#17095=DIRECTION('',(-1.,0.,0.));
#17096=DIRECTION('',(0.,0.258819494101543,0.965925705980031));
#17097=DIRECTION('',(0.,-0.965925705980031,0.258819494101543));
#17098=DIRECTION('',(-1.,0.,0.));
#17099=DIRECTION('',(0.,0.258819494101542,-0.965925705980031));
#17100=DIRECTION('',(0.,0.965925705980031,0.258819494101542));
#17101=DIRECTION('',(-1.,0.,0.));
#17102=DIRECTION('',(-1.,0.,0.));
#17103=DIRECTION('',(0.,0.258819494101542,-0.965925705980031));
#17104=DIRECTION('',(0.,0.965925705980031,0.258819494101542));
#17105=DIRECTION('',(-1.,0.,0.));
#17106=DIRECTION('',(-1.,0.,0.));
#17107=DIRECTION('',(0.,0.258819494101542,-0.965925705980031));
#17108=DIRECTION('',(0.,0.965925705980031,0.258819494101542));
#17109=DIRECTION('',(-1.,0.,0.));
#17110=DIRECTION('',(-1.,0.,0.));
#17111=DIRECTION('',(0.,0.258819494101542,-0.965925705980031));
#17112=DIRECTION('',(0.,0.965925705980031,0.258819494101542));
#17113=DIRECTION('',(-1.,0.,0.));
#17114=DIRECTION('',(-1.,0.,0.));
#17115=DIRECTION('',(0.,0.258819494101542,-0.965925705980031));
#17116=DIRECTION('',(0.,0.965925705980031,0.258819494101542));
#17117=DIRECTION('',(-1.,0.,0.));
#17118=DIRECTION('',(-1.,0.,0.));
#17119=DIRECTION('',(0.,0.258819494101542,-0.965925705980031));
#17120=DIRECTION('',(0.,0.965925705980031,0.258819494101542));
#17121=DIRECTION('',(-1.,0.,0.));
#17122=DIRECTION('',(-1.,0.,0.));
#17123=DIRECTION('',(-1.,0.,0.));
#17124=DIRECTION('',(0.,0.,1.));
#17125=DIRECTION('',(-1.,0.,0.));
#17126=DIRECTION('',(-1.,0.,0.));
#17127=DIRECTION('',(0.,0.,1.));
#17128=DIRECTION('',(-1.,0.,0.));
#17129=DIRECTION('',(-1.,0.,0.));
#17130=DIRECTION('',(0.,0.,1.));
#17131=DIRECTION('',(-1.,0.,0.));
#17132=DIRECTION('',(-1.,0.,0.));
#17133=DIRECTION('',(0.,0.,1.));
#17134=DIRECTION('',(-1.,0.,0.));
#17135=DIRECTION('',(-1.,0.,0.));
#17136=DIRECTION('',(0.,0.,1.));
#17137=DIRECTION('',(-1.,0.,0.));
#17138=DIRECTION('',(-1.,0.,0.));
#17139=DIRECTION('',(0.,0.,1.));
#17140=DIRECTION('',(-1.,0.,0.));
#17141=DIRECTION('',(0.,1.,0.));
#17142=DIRECTION('',(0.,0.,1.));
#17143=DIRECTION('',(-1.,0.,0.));
#17144=DIRECTION('',(0.,1.,0.));
#17145=DIRECTION('',(0.,0.,1.));
#17146=DIRECTION('',(-1.,0.,0.));
#17147=DIRECTION('',(0.,1.,0.));
#17148=DIRECTION('',(0.,0.,1.));
#17149=DIRECTION('',(-1.,0.,0.));
#17150=DIRECTION('',(0.,1.,0.));
#17151=DIRECTION('',(0.,0.,1.));
#17152=DIRECTION('',(-1.,0.,0.));
#17153=DIRECTION('',(0.,1.,0.));
#17154=DIRECTION('',(0.,0.,1.));
#17155=DIRECTION('',(-1.,0.,0.));
#17156=DIRECTION('',(0.,1.,0.));
#17157=DIRECTION('',(0.,0.,1.));
#17158=DIRECTION('',(-1.,0.,0.));
#17159=DIRECTION('',(-1.,0.,0.));
#17160=DIRECTION('',(0.,0.,1.));
#17161=DIRECTION('',(-1.,0.,0.));
#17162=DIRECTION('',(-1.,0.,0.));
#17163=DIRECTION('',(0.,0.,1.));
#17164=DIRECTION('',(-1.,0.,0.));
#17165=DIRECTION('',(-1.,0.,0.));
#17166=DIRECTION('',(0.,0.,1.));
#17167=DIRECTION('',(-1.,0.,0.));
#17168=DIRECTION('',(-1.,0.,0.));
#17169=DIRECTION('',(0.,0.,1.));
#17170=DIRECTION('',(-1.,0.,0.));
#17171=DIRECTION('',(-1.,0.,0.));
#17172=DIRECTION('',(0.,0.,1.));
#17173=DIRECTION('',(-1.,0.,0.));
#17174=DIRECTION('',(-1.,0.,0.));
#17175=DIRECTION('',(0.,0.,1.));
#17176=DIRECTION('',(-1.,0.,0.));
#17177=DIRECTION('',(0.,0.258819494101541,0.965925705980031));
#17178=DIRECTION('',(0.,-0.965925705980032,0.258819494101541));
#17179=DIRECTION('',(-1.,0.,0.));
#17180=DIRECTION('',(0.,0.258819494101541,0.965925705980031));
#17181=DIRECTION('',(0.,-0.965925705980032,0.258819494101541));
#17182=DIRECTION('',(-1.,0.,0.));
#17183=DIRECTION('',(0.,0.258819494101541,0.965925705980031));
#17184=DIRECTION('',(0.,-0.965925705980032,0.258819494101541));
#17185=DIRECTION('',(-1.,0.,0.));
#17186=DIRECTION('',(0.,0.258819494101541,0.965925705980031));
#17187=DIRECTION('',(0.,-0.965925705980032,0.258819494101541));
#17188=DIRECTION('',(-1.,0.,0.));
#17189=DIRECTION('',(0.,0.258819494101541,0.965925705980031));
#17190=DIRECTION('',(0.,-0.965925705980032,0.258819494101541));
#17191=DIRECTION('',(-1.,0.,0.));
#17192=DIRECTION('',(0.,0.258819494101541,0.965925705980031));
#17193=DIRECTION('',(0.,-0.965925705980032,0.258819494101541));
#17194=DIRECTION('',(-1.,0.,0.));
#17195=DIRECTION('',(0.,0.499999999999999,0.866025403784439));
#17196=DIRECTION('',(0.,-0.866025403784439,0.499999999999999));
#17197=DIRECTION('',(-1.,0.,0.));
#17198=DIRECTION('',(0.,0.499999999999999,0.866025403784439));
#17199=DIRECTION('',(0.,-0.866025403784439,0.499999999999999));
#17200=DIRECTION('',(-1.,0.,0.));
#17201=DIRECTION('',(0.,0.499999999999999,0.866025403784439));
#17202=DIRECTION('',(0.,-0.866025403784439,0.499999999999999));
#17203=DIRECTION('',(-1.,0.,0.));
#17204=DIRECTION('',(0.,0.499999999999999,0.866025403784439));
#17205=DIRECTION('',(0.,-0.866025403784439,0.499999999999999));
#17206=DIRECTION('',(-1.,0.,0.));
#17207=DIRECTION('',(0.,0.499999999999999,0.866025403784439));
#17208=DIRECTION('',(0.,-0.866025403784439,0.499999999999999));
#17209=DIRECTION('',(-1.,0.,0.));
#17210=DIRECTION('',(0.,0.499999999999999,0.866025403784439));
#17211=DIRECTION('',(0.,-0.866025403784439,0.499999999999999));
#17212=DIRECTION('',(-1.,0.,0.));
#17213=DIRECTION('',(0.,0.,1.));
#17214=DIRECTION('',(1.,0.,0.));
#17215=DIRECTION('',(0.,0.,1.));
#17216=DIRECTION('',(1.,0.,0.));
#17217=DIRECTION('',(0.,0.,1.));
#17218=DIRECTION('',(1.,0.,0.));
#17219=DIRECTION('',(0.,0.,1.));
#17220=DIRECTION('',(1.,0.,0.));
#17221=DIRECTION('',(0.,0.,1.));
#17222=DIRECTION('',(1.,0.,0.));
#17223=DIRECTION('',(0.,0.,1.));
#17224=DIRECTION('',(1.,0.,0.));
#17225=DIRECTION('',(-1.,0.,0.));
#17226=DIRECTION('',(0.,0.,1.));
#17227=DIRECTION('',(-1.,0.,0.));
#17228=DIRECTION('',(-1.,0.,0.));
#17229=DIRECTION('',(0.,0.,-1.));
#17230=DIRECTION('',(-1.,0.,0.));
#17231=DIRECTION('',(0.,1.,0.));
#17232=DIRECTION('',(0.,0.,1.));
#17233=DIRECTION('',(-1.,0.,0.));
#17234=DIRECTION('',(0.,0.258819494101542,-0.965925705980031));
#17235=DIRECTION('',(0.,0.965925705980031,0.258819494101542));
#17236=DIRECTION('',(-1.,0.,0.));
#17237=DIRECTION('',(-1.,0.,0.));
#17238=DIRECTION('',(0.,0.,1.));
#17239=DIRECTION('',(-1.,0.,0.));
#17240=DIRECTION('',(0.,1.,0.));
#17241=DIRECTION('',(0.,0.,1.));
#17242=DIRECTION('',(-1.,0.,0.));
#17243=DIRECTION('',(-1.,0.,0.));
#17244=DIRECTION('',(0.,0.,1.));
#17245=DIRECTION('',(-1.,0.,0.));
#17246=DIRECTION('',(0.,0.258819494101543,0.965925705980031));
#17247=DIRECTION('',(0.,-0.965925705980031,0.258819494101543));
#17248=DIRECTION('',(-1.,0.,0.));
#17249=DIRECTION('',(0.,1.,0.));
#17250=DIRECTION('',(0.,0.,1.));
#17251=DIRECTION('',(-1.,0.,0.));
#17252=DIRECTION('',(0.,0.258819494101542,-0.965925705980031));
#17253=DIRECTION('',(0.,0.965925705980031,0.258819494101542));
#17254=DIRECTION('',(-1.,0.,0.));
#17255=DIRECTION('',(-1.,0.,0.));
#17256=DIRECTION('',(0.,0.,1.));
#17257=DIRECTION('',(-1.,0.,0.));
#17258=DIRECTION('',(0.,1.,0.));
#17259=DIRECTION('',(0.,0.,1.));
#17260=DIRECTION('',(-1.,0.,0.));
#17261=DIRECTION('',(-1.,0.,0.));
#17262=DIRECTION('',(0.,0.,1.));
#17263=DIRECTION('',(-1.,0.,0.));
#17264=DIRECTION('',(0.,0.258819494101541,0.965925705980031));
#17265=DIRECTION('',(0.,-0.965925705980032,0.258819494101541));
#17266=DIRECTION('',(-1.,0.,0.));
#17267=DIRECTION('',(0.,0.499999999999999,0.866025403784439));
#17268=DIRECTION('',(0.,-0.866025403784439,0.499999999999999));
#17269=DIRECTION('',(-1.,0.,0.));
#17270=DIRECTION('',(0.,0.,1.));
#17271=DIRECTION('',(1.,0.,0.));
#17272=DIRECTION('',(0.,1.,3.79470760369927E-17));
#17273=DIRECTION('',(0.,-3.79470760369927E-17,1.));
#17274=DIRECTION('',(0.,0.,1.));
#17275=DIRECTION('',(1.,0.,0.));
#17276=DIRECTION('',(0.,-0.5,-0.866025403784438));
#17277=DIRECTION('',(0.,0.866025403784439,-0.5));
#17278=DIRECTION('',(-1.,0.,0.));
#17279=DIRECTION('',(0.,-0.866025403784438,0.5));
#17280=DIRECTION('',(-1.,0.,0.));
#17281=DIRECTION('',(0.,-0.866025403784439,0.5));
#17282=DIRECTION('',(0.,-0.5,-0.866025403784438));
#17283=DIRECTION('',(0.,0.866025403784439,-0.5));
#17284=DIRECTION('',(-1.,0.,0.));
#17285=DIRECTION('',(0.,0.866025403784439,-0.5));
#17286=DIRECTION('',(-1.,0.,0.));
#17287=DIRECTION('',(0.,-0.866025403784439,0.5));
#17288=DIRECTION('',(0.,-0.5,-0.866025403784438));
#17289=DIRECTION('',(0.,0.866025403784439,-0.5));
#17290=DIRECTION('',(-1.,0.,0.));
#17291=DIRECTION('',(0.,0.866025403784439,-0.5));
#17292=DIRECTION('',(-1.,0.,0.));
#17293=DIRECTION('',(0.,-0.866025403784439,0.5));
#17294=DIRECTION('',(0.,-0.5,-0.866025403784438));
#17295=DIRECTION('',(0.,0.866025403784439,-0.5));
#17296=DIRECTION('',(-1.,0.,0.));
#17297=DIRECTION('',(0.,0.866025403784439,-0.5));
#17298=DIRECTION('',(-1.,0.,0.));
#17299=DIRECTION('',(0.,-0.866025403784439,0.5));
#17300=DIRECTION('',(0.,-0.5,-0.866025403784438));
#17301=DIRECTION('',(0.,0.866025403784439,-0.5));
#17302=DIRECTION('',(-1.,0.,0.));
#17303=DIRECTION('',(0.,0.866025403784439,-0.5));
#17304=DIRECTION('',(-1.,0.,0.));
#17305=DIRECTION('',(0.,-0.866025403784439,0.5));
#17306=DIRECTION('',(0.,-0.5,-0.866025403784438));
#17307=DIRECTION('',(0.,0.866025403784439,-0.5));
#17308=DIRECTION('',(-1.,0.,0.));
#17309=DIRECTION('',(0.,0.866025403784439,-0.5));
#17310=DIRECTION('',(-1.,0.,0.));
#17311=DIRECTION('',(0.,-0.866025403784439,0.5));
#17312=DIRECTION('',(0.,0.,1.));
#17313=DIRECTION('',(1.,0.,0.));
#17314=DIRECTION('',(1.,0.,0.));
#17315=DIRECTION('',(0.,1.,0.));
#17316=DIRECTION('',(-1.,0.,0.));
#17317=DIRECTION('',(0.,-1.,0.));
#17318=DIRECTION('',(0.,0.,1.));
#17319=DIRECTION('',(1.,0.,0.));
#17320=DIRECTION('',(1.,0.,0.));
#17321=DIRECTION('',(0.,1.,0.));
#17322=DIRECTION('',(-1.,0.,0.));
#17323=DIRECTION('',(0.,-1.,0.));
#17324=DIRECTION('',(0.,0.,1.));
#17325=DIRECTION('',(1.,0.,0.));
#17326=DIRECTION('',(1.,0.,0.));
#17327=DIRECTION('',(0.,1.,0.));
#17328=DIRECTION('',(-1.,0.,0.));
#17329=DIRECTION('',(0.,-1.,0.));
#17330=DIRECTION('',(0.,0.,1.));
#17331=DIRECTION('',(1.,0.,0.));
#17332=DIRECTION('',(1.,0.,0.));
#17333=DIRECTION('',(0.,1.,0.));
#17334=DIRECTION('',(-1.,0.,0.));
#17335=DIRECTION('',(0.,-1.,0.));
#17336=DIRECTION('',(0.,0.,1.));
#17337=DIRECTION('',(1.,0.,0.));
#17338=DIRECTION('',(1.,0.,0.));
#17339=DIRECTION('',(0.,1.,0.));
#17340=DIRECTION('',(-1.,0.,0.));
#17341=DIRECTION('',(0.,-1.,0.));
#17342=DIRECTION('',(0.,0.,1.));
#17343=DIRECTION('',(1.,0.,0.));
#17344=DIRECTION('',(1.,0.,0.));
#17345=DIRECTION('',(0.,1.,0.));
#17346=DIRECTION('',(-1.,0.,0.));
#17347=DIRECTION('',(0.,-1.,0.));
#17348=DIRECTION('',(1.,0.,0.));
#17349=DIRECTION('',(0.,0.,-1.));
#17350=DIRECTION('',(0.,-3.79470760369927E-17,-1.));
#17351=DIRECTION('',(0.,-0.866025403784438,0.5));
#17352=DIRECTION('',(0.,0.,1.));
#17353=DIRECTION('',(1.,0.,0.));
#17354=DIRECTION('',(0.,0.,-1.));
#17355=DIRECTION('',(0.,-1.,0.));
#17356=DIRECTION('',(0.,-0.866025403784439,0.5));
#17357=DIRECTION('',(0.,0.,1.));
#17358=DIRECTION('',(0.,0.866025403784439,0.5));
#17359=DIRECTION('',(1.,0.,0.));
#17360=DIRECTION('',(0.,0.,-1.));
#17361=DIRECTION('',(1.,0.,0.));
#17362=DIRECTION('',(0.,0.,-1.));
#17363=DIRECTION('',(0.,1.,0.));
#17364=DIRECTION('',(1.,0.,0.));
#17365=DIRECTION('',(0.,0.,-1.));
#17366=DIRECTION('',(0.,0.,1.));
#17367=DIRECTION('',(1.,0.,0.));
#17368=DIRECTION('',(0.,0.,-1.));
#17369=DIRECTION('',(0.,-1.,0.));
#17370=DIRECTION('',(1.,0.,0.));
#17371=DIRECTION('',(0.,0.,-1.));
#17372=DIRECTION('',(1.,0.,0.));
#17373=DIRECTION('',(0.,0.,-1.));
#17374=DIRECTION('',(0.,-0.866025403784439,0.5));
#17375=DIRECTION('',(0.,-1.,0.));
#17376=DIRECTION('',(0.,-0.997917013697325,0.0645107260338346));
#17377=DIRECTION('',(1.,0.,0.));
#17378=DIRECTION('',(0.,0.,-1.));
#17379=DIRECTION('',(0.,0.,1.));
#17380=DIRECTION('',(1.,0.,0.));
#17381=DIRECTION('',(0.,0.,-1.));
#17382=DIRECTION('',(0.,0.997917013697325,0.0645107260338348));
#17383=DIRECTION('',(0.,1.,0.));
#17384=DIRECTION('',(0.,0.,1.));
#17385=DIRECTION('',(0.,-0.5,-0.866025403784438));
#17386=DIRECTION('',(0.,0.866025403784439,-0.5));
#17387=DIRECTION('',(-1.,0.,0.));
#17388=DIRECTION('',(0.,0.866025403784439,-0.5));
#17389=DIRECTION('',(-1.,0.,0.));
#17390=DIRECTION('',(0.,0.,1.));
#17391=DIRECTION('',(1.,0.,0.));
#17392=DIRECTION('',(1.,0.,0.));
#17393=DIRECTION('',(0.,1.,0.));
#17394=DIRECTION('',(-1.,0.,0.));
#17395=DIRECTION('',(0.,1.,0.));
#17396=DIRECTION('',(1.,0.,0.));
#17397=DIRECTION('',(0.,0.,-1.));
#17398=DIRECTION('',(0.,-3.79470760369927E-17,-1.));
#17399=DIRECTION('',(0.,0.,1.));
#17400=DIRECTION('',(0.,1.,0.));
#17401=DIRECTION('',(0.,0.997917013697325,0.0645107260338348));
#17402=DIRECTION('',(1.,0.,0.));
#17403=DIRECTION('',(0.,0.,-1.));
#17404=DIRECTION('',(0.,0.,1.));
#17405=DIRECTION('',(1.,0.,0.));
#17406=DIRECTION('',(0.,0.,-1.));
#17407=DIRECTION('',(0.,-0.997917013697325,0.0645107260338346));
#17408=DIRECTION('',(0.,-1.,0.));
#17409=DIRECTION('',(0.,-0.866025403784439,0.5));
#17410=DIRECTION('',(1.,0.,0.));
#17411=DIRECTION('',(0.,0.,-1.));
#17412=DIRECTION('',(1.,0.,0.));
#17413=DIRECTION('',(0.,0.,-1.));
#17414=DIRECTION('',(0.,-1.,0.));
#17415=DIRECTION('',(1.,0.,0.));
#17416=DIRECTION('',(0.,0.,-1.));
#17417=DIRECTION('',(0.,0.,1.));
#17418=DIRECTION('',(1.,0.,0.));
#17419=DIRECTION('',(0.,0.,-1.));
#17420=DIRECTION('',(0.,1.,0.));
#17421=DIRECTION('',(1.,0.,0.));
#17422=DIRECTION('',(0.,0.,-1.));
#17423=DIRECTION('',(1.,0.,0.));
#17424=DIRECTION('',(0.,0.,-1.));
#17425=DIRECTION('',(0.,0.866025403784439,0.5));
#17426=DIRECTION('',(0.,0.,1.));
#17427=DIRECTION('',(0.,-0.866025403784439,0.5));
#17428=DIRECTION('',(0.,-1.,0.));
#17429=DIRECTION('',(1.,0.,0.));
#17430=DIRECTION('',(0.,0.,-1.));
#17431=DIRECTION('',(0.,0.,1.));
#17432=DIRECTION('',(1.,0.,0.));
#17433=DIRECTION('',(0.,0.,-1.));
#17434=DIRECTION('',(0.,-3.79470760369927E-17,-1.));
#17435=DIRECTION('',(0.,0.,1.));
#17436=DIRECTION('',(1.,0.,0.));
#17437=DIRECTION('',(0.,0.,-1.));
#17438=DIRECTION('',(0.,-1.,0.));
#17439=DIRECTION('',(0.,-0.866025403784439,0.5));
#17440=DIRECTION('',(0.,0.,1.));
#17441=DIRECTION('',(0.,0.866025403784439,0.5));
#17442=DIRECTION('',(1.,0.,0.));
#17443=DIRECTION('',(0.,0.,-1.));
#17444=DIRECTION('',(1.,0.,0.));
#17445=DIRECTION('',(0.,0.,-1.));
#17446=DIRECTION('',(0.,1.,0.));
#17447=DIRECTION('',(1.,0.,0.));
#17448=DIRECTION('',(0.,0.,-1.));
#17449=DIRECTION('',(0.,0.,1.));
#17450=DIRECTION('',(0.,-1.,0.));
#17451=DIRECTION('',(-1.,0.,0.));
#17452=DIRECTION('',(0.,0.,1.));
#17453=DIRECTION('',(0.,3.79470760369927E-17,1.));
#17454=DIRECTION('',(0.,-1.,0.));
#17455=DIRECTION('',(0.,0.,-1.));
#17456=DIRECTION('',(-1.,0.,0.));
#17457=DIRECTION('',(0.,0.,1.));
#17458=DIRECTION('',(0.,-1.,0.));
#17459=DIRECTION('',(-1.,0.,0.));
#17460=DIRECTION('',(0.,0.,1.));
#17461=DIRECTION('',(-1.,0.,0.));
#17462=DIRECTION('',(0.,0.,1.));
#17463=DIRECTION('',(0.,-0.866025403784439,-0.5));
#17464=DIRECTION('',(0.,0.,-1.));
#17465=DIRECTION('',(0.,0.866025403784439,-0.5));
#17466=DIRECTION('',(0.,1.,0.));
#17467=DIRECTION('',(-1.,0.,0.));
#17468=DIRECTION('',(0.,0.,1.));
#17469=DIRECTION('',(0.,0.,-1.));
#17470=DIRECTION('',(1.6940658945086E-16,0.,-1.));
#17471=DIRECTION('',(-1.,0.,-1.6940658945086E-16));
#17472=DIRECTION('',(-1.,-6.42848473105939E-33,-1.6940658945086E-16));
#17473=DIRECTION('',(1.,0.,1.6940658945086E-16));
#17474=DIRECTION('',(1.,0.,0.));
#17475=DIRECTION('',(0.,0.,-1.));
#17476=DIRECTION('',(0.,-3.79470760369927E-17,-1.));
#17477=DIRECTION('',(0.,0.,1.));
#17478=DIRECTION('',(1.,0.,0.));
#17479=DIRECTION('',(0.,0.,-1.));
#17480=DIRECTION('',(0.,-1.,0.));
#17481=DIRECTION('',(0.,-0.866025403784439,0.5));
#17482=DIRECTION('',(0.,0.,1.));
#17483=DIRECTION('',(0.,0.866025403784439,0.5));
#17484=DIRECTION('',(1.,0.,0.));
#17485=DIRECTION('',(0.,0.,-1.));
#17486=DIRECTION('',(1.,0.,0.));
#17487=DIRECTION('',(0.,0.,-1.));
#17488=DIRECTION('',(0.,1.,0.));
#17489=DIRECTION('',(1.,0.,0.));
#17490=DIRECTION('',(0.,0.,-1.));
#17491=DIRECTION('',(0.,0.,1.));
#17492=DIRECTION('',(0.,-1.,0.));
#17493=DIRECTION('',(-1.,0.,0.));
#17494=DIRECTION('',(0.,0.,1.));
#17495=DIRECTION('',(0.,3.79470760369927E-17,1.));
#17496=DIRECTION('',(0.,-1.,0.));
#17497=DIRECTION('',(0.,0.,-1.));
#17498=DIRECTION('',(-1.,0.,0.));
#17499=DIRECTION('',(0.,0.,1.));
#17500=DIRECTION('',(0.,-1.,0.));
#17501=DIRECTION('',(-1.,0.,0.));
#17502=DIRECTION('',(0.,0.,1.));
#17503=DIRECTION('',(-1.,0.,0.));
#17504=DIRECTION('',(0.,0.,1.));
#17505=DIRECTION('',(0.,-0.866025403784439,-0.5));
#17506=DIRECTION('',(0.,0.,-1.));
#17507=DIRECTION('',(0.,0.866025403784439,-0.5));
#17508=DIRECTION('',(0.,1.,0.));
#17509=DIRECTION('',(-1.,0.,0.));
#17510=DIRECTION('',(0.,0.,1.));
#17511=DIRECTION('',(0.,0.,-1.));
#17512=DIRECTION('',(1.6940658945086E-16,0.,-1.));
#17513=DIRECTION('',(-1.,0.,-1.6940658945086E-16));
#17514=DIRECTION('',(-1.,-6.42848473105939E-33,-1.6940658945086E-16));
#17515=DIRECTION('',(1.,0.,1.6940658945086E-16));
#17516=DIRECTION('',(1.,0.,0.));
#17517=DIRECTION('',(0.,0.,-1.));
#17518=DIRECTION('',(0.,-3.79470760369927E-17,-1.));
#17519=DIRECTION('',(0.,0.,1.));
#17520=DIRECTION('',(1.,0.,0.));
#17521=DIRECTION('',(0.,0.,-1.));
#17522=DIRECTION('',(0.,-1.,0.));
#17523=DIRECTION('',(0.,-0.866025403784439,0.5));
#17524=DIRECTION('',(0.,0.,1.));
#17525=DIRECTION('',(0.,0.866025403784439,0.5));
#17526=DIRECTION('',(1.,0.,0.));
#17527=DIRECTION('',(0.,0.,-1.));
#17528=DIRECTION('',(1.,0.,0.));
#17529=DIRECTION('',(0.,0.,-1.));
#17530=DIRECTION('',(0.,1.,0.));
#17531=DIRECTION('',(1.,0.,0.));
#17532=DIRECTION('',(0.,0.,-1.));
#17533=DIRECTION('',(0.,0.,1.));
#17534=DIRECTION('',(0.,-1.,0.));
#17535=DIRECTION('',(-1.,0.,0.));
#17536=DIRECTION('',(0.,0.,1.));
#17537=DIRECTION('',(0.,3.79470760369927E-17,1.));
#17538=DIRECTION('',(0.,-1.,0.));
#17539=DIRECTION('',(0.,0.,-1.));
#17540=DIRECTION('',(-1.,0.,0.));
#17541=DIRECTION('',(0.,0.,1.));
#17542=DIRECTION('',(0.,-1.,0.));
#17543=DIRECTION('',(-1.,0.,0.));
#17544=DIRECTION('',(0.,0.,1.));
#17545=DIRECTION('',(-1.,0.,0.));
#17546=DIRECTION('',(0.,0.,1.));
#17547=DIRECTION('',(0.,-0.866025403784439,-0.5));
#17548=DIRECTION('',(0.,0.,-1.));
#17549=DIRECTION('',(0.,0.866025403784439,-0.5));
#17550=DIRECTION('',(0.,1.,0.));
#17551=DIRECTION('',(-1.,0.,0.));
#17552=DIRECTION('',(0.,0.,1.));
#17553=DIRECTION('',(0.,0.,-1.));
#17554=DIRECTION('',(1.6940658945086E-16,0.,-1.));
#17555=DIRECTION('',(-1.,0.,-1.6940658945086E-16));
#17556=DIRECTION('',(-1.,-6.42848473105939E-33,-1.6940658945086E-16));
#17557=DIRECTION('',(1.,0.,1.6940658945086E-16));
#17558=DIRECTION('',(1.,0.,0.));
#17559=DIRECTION('',(0.,0.,-1.));
#17560=DIRECTION('',(0.,-3.79470760369927E-17,-1.));
#17561=DIRECTION('',(0.,0.,1.));
#17562=DIRECTION('',(1.,0.,0.));
#17563=DIRECTION('',(0.,0.,-1.));
#17564=DIRECTION('',(0.,-1.,0.));
#17565=DIRECTION('',(0.,-0.866025403784439,0.5));
#17566=DIRECTION('',(0.,0.,1.));
#17567=DIRECTION('',(0.,0.866025403784439,0.5));
#17568=DIRECTION('',(1.,0.,0.));
#17569=DIRECTION('',(0.,0.,-1.));
#17570=DIRECTION('',(1.,0.,0.));
#17571=DIRECTION('',(0.,0.,-1.));
#17572=DIRECTION('',(0.,1.,0.));
#17573=DIRECTION('',(1.,0.,0.));
#17574=DIRECTION('',(0.,0.,-1.));
#17575=DIRECTION('',(0.,0.,1.));
#17576=DIRECTION('',(0.,-1.,0.));
#17577=DIRECTION('',(-1.,0.,0.));
#17578=DIRECTION('',(0.,0.,1.));
#17579=DIRECTION('',(0.,3.79470760369927E-17,1.));
#17580=DIRECTION('',(0.,-1.,0.));
#17581=DIRECTION('',(0.,0.,-1.));
#17582=DIRECTION('',(-1.,0.,0.));
#17583=DIRECTION('',(0.,0.,1.));
#17584=DIRECTION('',(0.,-1.,0.));
#17585=DIRECTION('',(-1.,0.,0.));
#17586=DIRECTION('',(0.,0.,1.));
#17587=DIRECTION('',(-1.,0.,0.));
#17588=DIRECTION('',(0.,0.,1.));
#17589=DIRECTION('',(0.,-0.866025403784439,-0.5));
#17590=DIRECTION('',(0.,0.,-1.));
#17591=DIRECTION('',(0.,0.866025403784439,-0.5));
#17592=DIRECTION('',(0.,1.,0.));
#17593=DIRECTION('',(-1.,0.,0.));
#17594=DIRECTION('',(0.,0.,1.));
#17595=DIRECTION('',(0.,0.,-1.));
#17596=DIRECTION('',(1.6940658945086E-16,0.,-1.));
#17597=DIRECTION('',(-1.,0.,-1.6940658945086E-16));
#17598=DIRECTION('',(-1.,-6.42848473105939E-33,-1.6940658945086E-16));
#17599=DIRECTION('',(1.,0.,1.6940658945086E-16));
#17600=DIRECTION('',(1.,0.,0.));
#17601=DIRECTION('',(0.,0.,-1.));
#17602=DIRECTION('',(0.,-3.79470760369927E-17,-1.));
#17603=DIRECTION('',(0.,0.,1.));
#17604=DIRECTION('',(1.,0.,0.));
#17605=DIRECTION('',(0.,0.,-1.));
#17606=DIRECTION('',(0.,-1.,0.));
#17607=DIRECTION('',(0.,-0.866025403784439,0.5));
#17608=DIRECTION('',(0.,0.,1.));
#17609=DIRECTION('',(0.,0.866025403784439,0.5));
#17610=DIRECTION('',(1.,0.,0.));
#17611=DIRECTION('',(0.,0.,-1.));
#17612=DIRECTION('',(1.,0.,0.));
#17613=DIRECTION('',(0.,0.,-1.));
#17614=DIRECTION('',(0.,1.,0.));
#17615=DIRECTION('',(1.,0.,0.));
#17616=DIRECTION('',(0.,0.,-1.));
#17617=DIRECTION('',(0.,0.,1.));
#17618=DIRECTION('',(0.,-1.,0.));
#17619=DIRECTION('',(-1.,0.,0.));
#17620=DIRECTION('',(0.,0.,1.));
#17621=DIRECTION('',(0.,3.79470760369927E-17,1.));
#17622=DIRECTION('',(0.,-1.,0.));
#17623=DIRECTION('',(0.,0.,-1.));
#17624=DIRECTION('',(-1.,0.,0.));
#17625=DIRECTION('',(0.,0.,1.));
#17626=DIRECTION('',(0.,-1.,0.));
#17627=DIRECTION('',(-1.,0.,0.));
#17628=DIRECTION('',(0.,0.,1.));
#17629=DIRECTION('',(-1.,0.,0.));
#17630=DIRECTION('',(0.,0.,1.));
#17631=DIRECTION('',(0.,-0.866025403784439,-0.5));
#17632=DIRECTION('',(0.,0.,-1.));
#17633=DIRECTION('',(0.,0.866025403784439,-0.5));
#17634=DIRECTION('',(0.,1.,0.));
#17635=DIRECTION('',(-1.,0.,0.));
#17636=DIRECTION('',(0.,0.,1.));
#17637=DIRECTION('',(0.,0.,-1.));
#17638=DIRECTION('',(1.6940658945086E-16,0.,-1.));
#17639=DIRECTION('',(-1.,0.,-1.6940658945086E-16));
#17640=DIRECTION('',(-1.,-6.42848473105939E-33,-1.6940658945086E-16));
#17641=DIRECTION('',(1.,0.,1.6940658945086E-16));
#17642=DIRECTION('',(1.,0.,0.));
#17643=DIRECTION('',(0.,0.,-1.));
#17644=DIRECTION('',(0.,-3.79470760369927E-17,-1.));
#17645=DIRECTION('',(0.,0.,1.));
#17646=DIRECTION('',(1.,0.,0.));
#17647=DIRECTION('',(0.,0.,-1.));
#17648=DIRECTION('',(0.,-1.,0.));
#17649=DIRECTION('',(0.,-0.866025403784439,0.5));
#17650=DIRECTION('',(0.,0.,1.));
#17651=DIRECTION('',(0.,0.866025403784439,0.5));
#17652=DIRECTION('',(1.,0.,0.));
#17653=DIRECTION('',(0.,0.,-1.));
#17654=DIRECTION('',(1.,0.,0.));
#17655=DIRECTION('',(0.,0.,-1.));
#17656=DIRECTION('',(0.,1.,0.));
#17657=DIRECTION('',(1.,0.,0.));
#17658=DIRECTION('',(0.,0.,-1.));
#17659=DIRECTION('',(0.,0.,1.));
#17660=DIRECTION('',(0.,-1.,0.));
#17661=DIRECTION('',(-1.,0.,0.));
#17662=DIRECTION('',(0.,0.,1.));
#17663=DIRECTION('',(0.,3.79470760369927E-17,1.));
#17664=DIRECTION('',(0.,-1.,0.));
#17665=DIRECTION('',(0.,0.,-1.));
#17666=DIRECTION('',(-1.,0.,0.));
#17667=DIRECTION('',(0.,0.,1.));
#17668=DIRECTION('',(0.,-1.,0.));
#17669=DIRECTION('',(-1.,0.,0.));
#17670=DIRECTION('',(0.,0.,1.));
#17671=DIRECTION('',(-1.,0.,0.));
#17672=DIRECTION('',(0.,0.,1.));
#17673=DIRECTION('',(0.,-0.866025403784439,-0.5));
#17674=DIRECTION('',(0.,0.,-1.));
#17675=DIRECTION('',(0.,0.866025403784439,-0.5));
#17676=DIRECTION('',(0.,1.,0.));
#17677=DIRECTION('',(-1.,0.,0.));
#17678=DIRECTION('',(0.,0.,1.));
#17679=DIRECTION('',(0.,0.,-1.));
#17680=DIRECTION('',(1.6940658945086E-16,0.,-1.));
#17681=DIRECTION('',(-1.,0.,-1.6940658945086E-16));
#17682=DIRECTION('',(-1.,-6.42848473105939E-33,-1.6940658945086E-16));
#17683=DIRECTION('',(1.,0.,1.6940658945086E-16));
#17684=DIRECTION('',(1.,0.,0.));
#17685=DIRECTION('',(0.,0.,-1.));
#17686=DIRECTION('',(0.,-3.79470760369927E-17,-1.));
#17687=DIRECTION('',(0.,-1.,0.));
#17688=DIRECTION('',(0.,0.,1.));
#17689=DIRECTION('',(1.,0.,0.));
#17690=DIRECTION('',(0.,0.,-1.));
#17691=DIRECTION('',(0.,-1.,0.));
#17692=DIRECTION('',(1.,0.,0.));
#17693=DIRECTION('',(0.,0.,-1.));
#17694=DIRECTION('',(1.,0.,0.));
#17695=DIRECTION('',(0.,0.,-1.));
#17696=DIRECTION('',(0.,-0.866025403784439,0.5));
#17697=DIRECTION('',(0.,-1.,0.));
#17698=DIRECTION('',(0.,-0.997917013697325,0.0645107260338346));
#17699=DIRECTION('',(1.,0.,0.));
#17700=DIRECTION('',(0.,0.,-1.));
#17701=DIRECTION('',(0.,0.,1.));
#17702=DIRECTION('',(1.,0.,0.));
#17703=DIRECTION('',(0.,0.,-1.));
#17704=DIRECTION('',(0.,0.997917013697325,0.0645107260338348));
#17705=DIRECTION('',(0.,1.,0.));
#17706=DIRECTION('',(0.,0.,1.));
#17707=DIRECTION('',(0.,0.,1.));
#17708=DIRECTION('',(1.,0.,0.));
#17709=DIRECTION('',(1.,0.,0.));
#17710=DIRECTION('',(0.,-1.,0.));
#17711=DIRECTION('',(-1.,0.,0.));
#17712=DIRECTION('',(-1.,0.,0.));
#17713=DIRECTION('',(0.,0.,1.));
#17714=DIRECTION('',(0.,3.79470760369927E-17,1.));
#17715=DIRECTION('',(0.,0.,-1.));
#17716=DIRECTION('',(0.,-1.,0.));
#17717=DIRECTION('',(0.,-0.997917013697325,-0.0645107260338348));
#17718=DIRECTION('',(-1.,0.,0.));
#17719=DIRECTION('',(0.,0.,1.));
#17720=DIRECTION('',(0.,0.,-1.));
#17721=DIRECTION('',(-1.,0.,0.));
#17722=DIRECTION('',(0.,0.,1.));
#17723=DIRECTION('',(0.,0.997917013697325,-0.0645107260338346));
#17724=DIRECTION('',(0.,1.,0.));
#17725=DIRECTION('',(0.,0.866025403784439,-0.5));
#17726=DIRECTION('',(-1.,0.,0.));
#17727=DIRECTION('',(0.,0.,1.));
#17728=DIRECTION('',(-1.,0.,0.));
#17729=DIRECTION('',(0.,0.,1.));
#17730=DIRECTION('',(0.,1.,0.));
#17731=DIRECTION('',(-1.,0.,0.));
#17732=DIRECTION('',(0.,0.,1.));
#17733=DIRECTION('',(0.,0.,-1.));
#17734=DIRECTION('',(1.,0.,0.));
#17735=DIRECTION('',(0.,0.,-1.));
#17736=DIRECTION('',(0.,-3.79470760369927E-17,-1.));
#17737=DIRECTION('',(0.,-1.,0.));
#17738=DIRECTION('',(0.,0.,1.));
#17739=DIRECTION('',(1.,0.,0.));
#17740=DIRECTION('',(0.,0.,-1.));
#17741=DIRECTION('',(0.,-1.,0.));
#17742=DIRECTION('',(1.,0.,0.));
#17743=DIRECTION('',(0.,0.,-1.));
#17744=DIRECTION('',(1.,0.,0.));
#17745=DIRECTION('',(0.,0.,-1.));
#17746=DIRECTION('',(0.,-0.866025403784439,0.5));
#17747=DIRECTION('',(0.,-1.,0.));
#17748=DIRECTION('',(0.,-0.997917013697325,0.0645107260338346));
#17749=DIRECTION('',(1.,0.,0.));
#17750=DIRECTION('',(0.,0.,-1.));
#17751=DIRECTION('',(0.,0.,1.));
#17752=DIRECTION('',(1.,0.,0.));
#17753=DIRECTION('',(0.,0.,-1.));
#17754=DIRECTION('',(0.,0.997917013697325,0.0645107260338348));
#17755=DIRECTION('',(0.,1.,0.));
#17756=DIRECTION('',(0.,0.,1.));
#17757=DIRECTION('',(0.,0.,1.));
#17758=DIRECTION('',(1.,0.,0.));
#17759=DIRECTION('',(1.,0.,0.));
#17760=DIRECTION('',(0.,-1.,0.));
#17761=DIRECTION('',(-1.,0.,0.));
#17762=DIRECTION('',(-1.,0.,0.));
#17763=DIRECTION('',(0.,0.,1.));
#17764=DIRECTION('',(0.,3.79470760369927E-17,1.));
#17765=DIRECTION('',(0.,0.,-1.));
#17766=DIRECTION('',(0.,-1.,0.));
#17767=DIRECTION('',(0.,-0.997917013697325,-0.0645107260338348));
#17768=DIRECTION('',(-1.,0.,0.));
#17769=DIRECTION('',(0.,0.,1.));
#17770=DIRECTION('',(0.,0.,-1.));
#17771=DIRECTION('',(-1.,0.,0.));
#17772=DIRECTION('',(0.,0.,1.));
#17773=DIRECTION('',(0.,0.997917013697325,-0.0645107260338346));
#17774=DIRECTION('',(0.,1.,0.));
#17775=DIRECTION('',(0.,0.866025403784439,-0.5));
#17776=DIRECTION('',(-1.,0.,0.));
#17777=DIRECTION('',(0.,0.,1.));
#17778=DIRECTION('',(-1.,0.,0.));
#17779=DIRECTION('',(0.,0.,1.));
#17780=DIRECTION('',(0.,1.,0.));
#17781=DIRECTION('',(-1.,0.,0.));
#17782=DIRECTION('',(0.,0.,1.));
#17783=DIRECTION('',(0.,0.,-1.));
#17784=DIRECTION('',(1.,0.,0.));
#17785=DIRECTION('',(0.,0.,-1.));
#17786=DIRECTION('',(0.,-3.79470760369927E-17,-1.));
#17787=DIRECTION('',(0.,-1.,0.));
#17788=DIRECTION('',(0.,0.,1.));
#17789=DIRECTION('',(1.,0.,0.));
#17790=DIRECTION('',(0.,0.,-1.));
#17791=DIRECTION('',(0.,-1.,0.));
#17792=DIRECTION('',(1.,0.,0.));
#17793=DIRECTION('',(0.,0.,-1.));
#17794=DIRECTION('',(1.,0.,0.));
#17795=DIRECTION('',(0.,0.,-1.));
#17796=DIRECTION('',(0.,-0.866025403784439,0.5));
#17797=DIRECTION('',(0.,-1.,0.));
#17798=DIRECTION('',(0.,-0.997917013697325,0.0645107260338346));
#17799=DIRECTION('',(1.,0.,0.));
#17800=DIRECTION('',(0.,0.,-1.));
#17801=DIRECTION('',(0.,0.,1.));
#17802=DIRECTION('',(1.,0.,0.));
#17803=DIRECTION('',(0.,0.,-1.));
#17804=DIRECTION('',(0.,0.997917013697325,0.0645107260338348));
#17805=DIRECTION('',(0.,1.,0.));
#17806=DIRECTION('',(0.,0.,1.));
#17807=DIRECTION('',(0.,0.,1.));
#17808=DIRECTION('',(1.,0.,0.));
#17809=DIRECTION('',(1.,0.,0.));
#17810=DIRECTION('',(0.,-1.,0.));
#17811=DIRECTION('',(-1.,0.,0.));
#17812=DIRECTION('',(-1.,0.,0.));
#17813=DIRECTION('',(0.,0.,1.));
#17814=DIRECTION('',(0.,3.79470760369927E-17,1.));
#17815=DIRECTION('',(0.,0.,-1.));
#17816=DIRECTION('',(0.,-1.,0.));
#17817=DIRECTION('',(0.,-0.997917013697325,-0.0645107260338348));
#17818=DIRECTION('',(-1.,0.,0.));
#17819=DIRECTION('',(0.,0.,1.));
#17820=DIRECTION('',(0.,0.,-1.));
#17821=DIRECTION('',(-1.,0.,0.));
#17822=DIRECTION('',(0.,0.,1.));
#17823=DIRECTION('',(0.,0.997917013697325,-0.0645107260338346));
#17824=DIRECTION('',(0.,1.,0.));
#17825=DIRECTION('',(0.,0.866025403784439,-0.5));
#17826=DIRECTION('',(-1.,0.,0.));
#17827=DIRECTION('',(0.,0.,1.));
#17828=DIRECTION('',(-1.,0.,0.));
#17829=DIRECTION('',(0.,0.,1.));
#17830=DIRECTION('',(0.,1.,0.));
#17831=DIRECTION('',(-1.,0.,0.));
#17832=DIRECTION('',(0.,0.,1.));
#17833=DIRECTION('',(0.,0.,-1.));
#17834=DIRECTION('',(1.,0.,0.));
#17835=DIRECTION('',(0.,0.,-1.));
#17836=DIRECTION('',(0.,-3.79470760369927E-17,-1.));
#17837=DIRECTION('',(0.,-1.,0.));
#17838=DIRECTION('',(0.,0.,1.));
#17839=DIRECTION('',(1.,0.,0.));
#17840=DIRECTION('',(0.,0.,-1.));
#17841=DIRECTION('',(0.,-1.,0.));
#17842=DIRECTION('',(1.,0.,0.));
#17843=DIRECTION('',(0.,0.,-1.));
#17844=DIRECTION('',(1.,0.,0.));
#17845=DIRECTION('',(0.,0.,-1.));
#17846=DIRECTION('',(0.,-0.866025403784439,0.5));
#17847=DIRECTION('',(0.,-1.,0.));
#17848=DIRECTION('',(0.,-0.997917013697325,0.0645107260338346));
#17849=DIRECTION('',(1.,0.,0.));
#17850=DIRECTION('',(0.,0.,-1.));
#17851=DIRECTION('',(0.,0.,1.));
#17852=DIRECTION('',(1.,0.,0.));
#17853=DIRECTION('',(0.,0.,-1.));
#17854=DIRECTION('',(0.,0.997917013697325,0.0645107260338348));
#17855=DIRECTION('',(0.,1.,0.));
#17856=DIRECTION('',(0.,0.,1.));
#17857=DIRECTION('',(0.,0.,1.));
#17858=DIRECTION('',(1.,0.,0.));
#17859=DIRECTION('',(1.,0.,0.));
#17860=DIRECTION('',(0.,-1.,0.));
#17861=DIRECTION('',(-1.,0.,0.));
#17862=DIRECTION('',(-1.,0.,0.));
#17863=DIRECTION('',(0.,0.,1.));
#17864=DIRECTION('',(0.,3.79470760369927E-17,1.));
#17865=DIRECTION('',(0.,0.,-1.));
#17866=DIRECTION('',(0.,-1.,0.));
#17867=DIRECTION('',(0.,-0.997917013697325,-0.0645107260338348));
#17868=DIRECTION('',(-1.,0.,0.));
#17869=DIRECTION('',(0.,0.,1.));
#17870=DIRECTION('',(0.,0.,-1.));
#17871=DIRECTION('',(-1.,0.,0.));
#17872=DIRECTION('',(0.,0.,1.));
#17873=DIRECTION('',(0.,0.997917013697325,-0.0645107260338346));
#17874=DIRECTION('',(0.,1.,0.));
#17875=DIRECTION('',(0.,0.866025403784439,-0.5));
#17876=DIRECTION('',(-1.,0.,0.));
#17877=DIRECTION('',(0.,0.,1.));
#17878=DIRECTION('',(-1.,0.,0.));
#17879=DIRECTION('',(0.,0.,1.));
#17880=DIRECTION('',(0.,1.,0.));
#17881=DIRECTION('',(-1.,0.,0.));
#17882=DIRECTION('',(0.,0.,1.));
#17883=DIRECTION('',(0.,0.,-1.));
#17884=DIRECTION('',(1.,0.,0.));
#17885=DIRECTION('',(0.,0.,-1.));
#17886=DIRECTION('',(0.,-3.79470760369927E-17,-1.));
#17887=DIRECTION('',(0.,-1.,0.));
#17888=DIRECTION('',(0.,0.,1.));
#17889=DIRECTION('',(1.,0.,0.));
#17890=DIRECTION('',(0.,0.,-1.));
#17891=DIRECTION('',(0.,-1.,0.));
#17892=DIRECTION('',(1.,0.,0.));
#17893=DIRECTION('',(0.,0.,-1.));
#17894=DIRECTION('',(1.,0.,0.));
#17895=DIRECTION('',(0.,0.,-1.));
#17896=DIRECTION('',(0.,-0.866025403784439,0.5));
#17897=DIRECTION('',(0.,-1.,0.));
#17898=DIRECTION('',(0.,-0.997917013697325,0.0645107260338346));
#17899=DIRECTION('',(1.,0.,0.));
#17900=DIRECTION('',(0.,0.,-1.));
#17901=DIRECTION('',(0.,0.,1.));
#17902=DIRECTION('',(1.,0.,0.));
#17903=DIRECTION('',(0.,0.,-1.));
#17904=DIRECTION('',(0.,0.997917013697325,0.0645107260338348));
#17905=DIRECTION('',(0.,1.,0.));
#17906=DIRECTION('',(0.,0.,1.));
#17907=DIRECTION('',(0.,0.,1.));
#17908=DIRECTION('',(1.,0.,0.));
#17909=DIRECTION('',(1.,0.,0.));
#17910=DIRECTION('',(0.,-1.,0.));
#17911=DIRECTION('',(-1.,0.,0.));
#17912=DIRECTION('',(-1.,0.,0.));
#17913=DIRECTION('',(0.,0.,1.));
#17914=DIRECTION('',(0.,3.79470760369927E-17,1.));
#17915=DIRECTION('',(0.,0.,-1.));
#17916=DIRECTION('',(0.,-1.,0.));
#17917=DIRECTION('',(0.,-0.997917013697325,-0.0645107260338348));
#17918=DIRECTION('',(-1.,0.,0.));
#17919=DIRECTION('',(0.,0.,1.));
#17920=DIRECTION('',(0.,0.,-1.));
#17921=DIRECTION('',(-1.,0.,0.));
#17922=DIRECTION('',(0.,0.,1.));
#17923=DIRECTION('',(0.,0.997917013697325,-0.0645107260338346));
#17924=DIRECTION('',(0.,1.,0.));
#17925=DIRECTION('',(0.,0.866025403784439,-0.5));
#17926=DIRECTION('',(-1.,0.,0.));
#17927=DIRECTION('',(0.,0.,1.));
#17928=DIRECTION('',(-1.,0.,0.));
#17929=DIRECTION('',(0.,0.,1.));
#17930=DIRECTION('',(0.,1.,0.));
#17931=DIRECTION('',(-1.,0.,0.));
#17932=DIRECTION('',(0.,0.,1.));
#17933=DIRECTION('',(0.,0.,-1.));
#17934=DIRECTION('',(-1.,0.,0.));
#17935=DIRECTION('',(0.,0.,1.));
#17936=DIRECTION('',(0.,3.79470760369927E-17,1.));
#17937=DIRECTION('',(0.,0.,-1.));
#17938=DIRECTION('',(0.,-1.,0.));
#17939=DIRECTION('',(0.,-0.997917013697325,-0.0645107260338348));
#17940=DIRECTION('',(-1.,0.,0.));
#17941=DIRECTION('',(0.,0.,1.));
#17942=DIRECTION('',(0.,0.,-1.));
#17943=DIRECTION('',(-1.,0.,0.));
#17944=DIRECTION('',(0.,0.,1.));
#17945=DIRECTION('',(0.,0.997917013697325,-0.0645107260338346));
#17946=DIRECTION('',(0.,1.,0.));
#17947=DIRECTION('',(0.,0.866025403784439,-0.5));
#17948=DIRECTION('',(-1.,0.,0.));
#17949=DIRECTION('',(0.,0.,1.));
#17950=DIRECTION('',(-1.,0.,0.));
#17951=DIRECTION('',(0.,0.,1.));
#17952=DIRECTION('',(0.,1.,0.));
#17953=DIRECTION('',(-1.,0.,0.));
#17954=DIRECTION('',(0.,0.,1.));
#17955=DIRECTION('',(0.,0.,-1.));
#17956=DIRECTION('',(0.,-1.,0.));
#17957=DIRECTION('',(0.,0.,1.));
#17958=DIRECTION('',(1.,0.,0.));
#17959=DIRECTION('',(1.,0.,0.));
#17960=DIRECTION('',(-1.,0.,0.));
#17961=DIRECTION('',(0.,-1.,0.));
#17962=DIRECTION('',(1.,0.,0.));
#17963=DIRECTION('',(0.,0.,-1.));
#17964=DIRECTION('',(0.,-3.79470760369927E-17,-1.));
#17965=DIRECTION('',(0.,0.,1.));
#17966=DIRECTION('',(1.,0.,0.));
#17967=DIRECTION('',(0.,0.,-1.));
#17968=DIRECTION('',(0.,-1.,0.));
#17969=DIRECTION('',(1.,0.,0.));
#17970=DIRECTION('',(0.,0.,-1.));
#17971=DIRECTION('',(1.,0.,0.));
#17972=DIRECTION('',(0.,0.,-1.));
#17973=DIRECTION('',(0.,-0.866025403784439,0.5));
#17974=DIRECTION('',(0.,-1.,0.));
#17975=DIRECTION('',(0.,-0.997917013697325,0.0645107260338346));
#17976=DIRECTION('',(1.,0.,0.));
#17977=DIRECTION('',(0.,0.,-1.));
#17978=DIRECTION('',(0.,0.,1.));
#17979=DIRECTION('',(1.,0.,0.));
#17980=DIRECTION('',(0.,0.,-1.));
#17981=DIRECTION('',(0.,0.997917013697325,0.0645107260338348));
#17982=DIRECTION('',(0.,1.,0.));
#17983=DIRECTION('',(0.,0.,1.));
#17984=DIRECTION('',(0.,-1.,0.));
#17985=DIRECTION('',(0.,0.,-1.));
#17986=DIRECTION('',(-1.,0.,0.));
#17987=DIRECTION('',(0.,-1.,0.));
#17988=DIRECTION('',(0.,0.,-1.));
#17989=DIRECTION('',(-1.,0.,0.));
#17990=DIRECTION('',(0.,-1.,0.));
#17991=DIRECTION('',(0.,0.,-1.));
#17992=DIRECTION('',(-1.,0.,0.));
#17993=DIRECTION('',(0.,-1.,0.));
#17994=DIRECTION('',(0.,0.,-1.));
#17995=DIRECTION('',(-1.,0.,0.));
#17996=DIRECTION('',(0.,-1.,0.));
#17997=DIRECTION('',(0.,0.,-1.));
#17998=DIRECTION('',(-1.,0.,0.));
#17999=DIRECTION('',(0.,-1.,0.));
#18000=DIRECTION('',(0.,0.,-1.));
#18001=DIRECTION('',(-1.,0.,0.));
#18002=DIRECTION('',(-1.,0.,0.));
#18003=DIRECTION('',(0.,0.,1.));
#18004=DIRECTION('',(-1.,0.,0.));
#18005=DIRECTION('',(-1.,0.,0.));
#18006=DIRECTION('',(0.,0.,1.));
#18007=DIRECTION('',(-1.,0.,0.));
#18008=DIRECTION('',(-1.,0.,0.));
#18009=DIRECTION('',(0.,0.,1.));
#18010=DIRECTION('',(-1.,0.,0.));
#18011=DIRECTION('',(-1.,0.,0.));
#18012=DIRECTION('',(0.,0.,1.));
#18013=DIRECTION('',(-1.,0.,0.));
#18014=DIRECTION('',(-1.,0.,0.));
#18015=DIRECTION('',(0.,0.,1.));
#18016=DIRECTION('',(-1.,0.,0.));
#18017=DIRECTION('',(-1.,0.,0.));
#18018=DIRECTION('',(0.,0.,1.));
#18019=DIRECTION('',(-1.,0.,0.));
#18020=DIRECTION('',(0.,0.,-1.));
#18021=DIRECTION('',(-1.,0.,0.));
#18022=DIRECTION('',(-1.,0.,0.));
#18023=DIRECTION('',(0.,0.,-1.));
#18024=DIRECTION('',(-1.,0.,0.));
#18025=DIRECTION('',(-1.,0.,0.));
#18026=DIRECTION('',(0.,0.,-1.));
#18027=DIRECTION('',(-1.,0.,0.));
#18028=DIRECTION('',(-1.,0.,0.));
#18029=DIRECTION('',(0.,0.,-1.));
#18030=DIRECTION('',(-1.,0.,0.));
#18031=DIRECTION('',(-1.,0.,0.));
#18032=DIRECTION('',(0.,0.,-1.));
#18033=DIRECTION('',(-1.,0.,0.));
#18034=DIRECTION('',(-1.,0.,0.));
#18035=DIRECTION('',(0.,0.,-1.));
#18036=DIRECTION('',(-1.,0.,0.));
#18037=DIRECTION('',(-1.,0.,0.));
#18038=DIRECTION('',(0.,-0.5,-0.866025403784439));
#18039=DIRECTION('',(0.,0.866025403784439,-0.5));
#18040=DIRECTION('',(-1.,0.,0.));
#18041=DIRECTION('',(0.,-0.5,-0.866025403784439));
#18042=DIRECTION('',(0.,0.866025403784439,-0.5));
#18043=DIRECTION('',(-1.,0.,0.));
#18044=DIRECTION('',(0.,-0.5,-0.866025403784439));
#18045=DIRECTION('',(0.,0.866025403784439,-0.5));
#18046=DIRECTION('',(-1.,0.,0.));
#18047=DIRECTION('',(0.,-0.5,-0.866025403784439));
#18048=DIRECTION('',(0.,0.866025403784439,-0.5));
#18049=DIRECTION('',(-1.,0.,0.));
#18050=DIRECTION('',(0.,-0.5,-0.866025403784439));
#18051=DIRECTION('',(0.,0.866025403784439,-0.5));
#18052=DIRECTION('',(-1.,0.,0.));
#18053=DIRECTION('',(0.,-0.5,-0.866025403784439));
#18054=DIRECTION('',(0.,0.866025403784439,-0.5));
#18055=DIRECTION('',(-1.,0.,0.));
#18056=DIRECTION('',(0.,-1.,0.));
#18057=DIRECTION('',(0.,0.,-1.));
#18058=DIRECTION('',(-1.,0.,0.));
#18059=DIRECTION('',(0.,-1.,0.));
#18060=DIRECTION('',(0.,0.,-1.));
#18061=DIRECTION('',(-1.,0.,0.));
#18062=DIRECTION('',(0.,-1.,0.));
#18063=DIRECTION('',(0.,0.,-1.));
#18064=DIRECTION('',(-1.,0.,0.));
#18065=DIRECTION('',(0.,-1.,0.));
#18066=DIRECTION('',(0.,0.,-1.));
#18067=DIRECTION('',(-1.,0.,0.));
#18068=DIRECTION('',(0.,-1.,0.));
#18069=DIRECTION('',(0.,0.,-1.));
#18070=DIRECTION('',(-1.,0.,0.));
#18071=DIRECTION('',(0.,-1.,0.));
#18072=DIRECTION('',(0.,0.,-1.));
#18073=DIRECTION('',(-1.,0.,0.));
#18074=DIRECTION('',(0.,-0.5,0.866025403784439));
#18075=DIRECTION('',(0.,-0.866025403784439,-0.5));
#18076=DIRECTION('',(-1.,0.,0.));
#18077=DIRECTION('',(0.,-0.5,0.866025403784439));
#18078=DIRECTION('',(0.,-0.866025403784439,-0.5));
#18079=DIRECTION('',(-1.,0.,0.));
#18080=DIRECTION('',(0.,-0.5,0.866025403784439));
#18081=DIRECTION('',(0.,-0.866025403784439,-0.5));
#18082=DIRECTION('',(-1.,0.,0.));
#18083=DIRECTION('',(0.,-0.5,0.866025403784439));
#18084=DIRECTION('',(0.,-0.866025403784439,-0.5));
#18085=DIRECTION('',(-1.,0.,0.));
#18086=DIRECTION('',(0.,-0.5,0.866025403784439));
#18087=DIRECTION('',(0.,-0.866025403784439,-0.5));
#18088=DIRECTION('',(-1.,0.,0.));
#18089=DIRECTION('',(0.,-0.5,0.866025403784439));
#18090=DIRECTION('',(0.,-0.866025403784439,-0.5));
#18091=DIRECTION('',(-1.,0.,0.));
#18092=DIRECTION('',(-1.,0.,0.));
#18093=DIRECTION('',(0.,0.,1.));
#18094=DIRECTION('',(-1.,0.,0.));
#18095=DIRECTION('',(-1.,0.,0.));
#18096=DIRECTION('',(0.,0.,1.));
#18097=DIRECTION('',(-1.,0.,0.));
#18098=DIRECTION('',(-1.,0.,0.));
#18099=DIRECTION('',(0.,0.,1.));
#18100=DIRECTION('',(-1.,0.,0.));
#18101=DIRECTION('',(-1.,0.,0.));
#18102=DIRECTION('',(0.,0.,1.));
#18103=DIRECTION('',(-1.,0.,0.));
#18104=DIRECTION('',(-1.,0.,0.));
#18105=DIRECTION('',(0.,0.,1.));
#18106=DIRECTION('',(-1.,0.,0.));
#18107=DIRECTION('',(-1.,0.,0.));
#18108=DIRECTION('',(0.,0.,1.));
#18109=DIRECTION('',(-1.,0.,0.));
#18110=DIRECTION('',(-1.,0.,0.));
#18111=DIRECTION('',(0.,0.,1.));
#18112=DIRECTION('',(-1.,0.,0.));
#18113=DIRECTION('',(-1.,0.,0.));
#18114=DIRECTION('',(0.,0.,1.));
#18115=DIRECTION('',(-1.,0.,0.));
#18116=DIRECTION('',(-1.,0.,0.));
#18117=DIRECTION('',(0.,0.,1.));
#18118=DIRECTION('',(-1.,0.,0.));
#18119=DIRECTION('',(-1.,0.,0.));
#18120=DIRECTION('',(0.,0.,1.));
#18121=DIRECTION('',(-1.,0.,0.));
#18122=DIRECTION('',(-1.,0.,0.));
#18123=DIRECTION('',(0.,0.,1.));
#18124=DIRECTION('',(-1.,0.,0.));
#18125=DIRECTION('',(-1.,0.,0.));
#18126=DIRECTION('',(0.,0.,1.));
#18127=DIRECTION('',(-1.,0.,0.));
#18128=DIRECTION('',(0.,0.,1.));
#18129=DIRECTION('',(1.,0.,0.));
#18130=DIRECTION('',(-1.,0.,0.));
#18131=DIRECTION('',(0.,0.,1.));
#18132=DIRECTION('',(1.,0.,0.));
#18133=DIRECTION('',(-1.,0.,0.));
#18134=DIRECTION('',(0.,0.,1.));
#18135=DIRECTION('',(1.,0.,0.));
#18136=DIRECTION('',(-1.,0.,0.));
#18137=DIRECTION('',(0.,0.,1.));
#18138=DIRECTION('',(1.,0.,0.));
#18139=DIRECTION('',(-1.,0.,0.));
#18140=DIRECTION('',(0.,0.,1.));
#18141=DIRECTION('',(1.,0.,0.));
#18142=DIRECTION('',(-1.,0.,0.));
#18143=DIRECTION('',(0.,0.,1.));
#18144=DIRECTION('',(1.,0.,0.));
#18145=DIRECTION('',(-1.,0.,0.));
#18146=DIRECTION('',(-1.,0.,0.));
#18147=DIRECTION('',(0.,0.,1.));
#18148=DIRECTION('',(-1.,0.,0.));
#18149=DIRECTION('',(-1.,0.,0.));
#18150=DIRECTION('',(0.,0.,1.));
#18151=DIRECTION('',(-1.,0.,0.));
#18152=DIRECTION('',(-1.,0.,0.));
#18153=DIRECTION('',(0.,0.,1.));
#18154=DIRECTION('',(-1.,0.,0.));
#18155=DIRECTION('',(-1.,0.,0.));
#18156=DIRECTION('',(0.,0.,1.));
#18157=DIRECTION('',(-1.,0.,0.));
#18158=DIRECTION('',(-1.,0.,0.));
#18159=DIRECTION('',(0.,0.,1.));
#18160=DIRECTION('',(-1.,0.,0.));
#18161=DIRECTION('',(-1.,0.,0.));
#18162=DIRECTION('',(0.,0.,1.));
#18163=DIRECTION('',(-1.,0.,0.));
#18164=DIRECTION('',(-1.,0.,0.));
#18165=DIRECTION('',(0.,0.,1.));
#18166=DIRECTION('',(-1.,0.,0.));
#18167=DIRECTION('',(-1.,0.,0.));
#18168=DIRECTION('',(-1.,0.,0.));
#18169=DIRECTION('',(0.,0.,1.));
#18170=DIRECTION('',(-1.,0.,0.));
#18171=DIRECTION('',(-1.,0.,0.));
#18172=DIRECTION('',(-1.,0.,0.));
#18173=DIRECTION('',(0.,0.,1.));
#18174=DIRECTION('',(-1.,0.,0.));
#18175=DIRECTION('',(-1.,0.,0.));
#18176=DIRECTION('',(-1.,0.,0.));
#18177=DIRECTION('',(0.,0.,1.));
#18178=DIRECTION('',(-1.,0.,0.));
#18179=DIRECTION('',(-1.,0.,0.));
#18180=DIRECTION('',(-1.,0.,0.));
#18181=DIRECTION('',(0.,0.,1.));
#18182=DIRECTION('',(-1.,0.,0.));
#18183=DIRECTION('',(-1.,0.,0.));
#18184=DIRECTION('',(-1.,0.,0.));
#18185=DIRECTION('',(0.,0.,1.));
#18186=DIRECTION('',(-1.,0.,0.));
#18187=DIRECTION('',(-1.,0.,0.));
#18188=DIRECTION('',(0.,0.,-1.));
#18189=DIRECTION('',(-1.,0.,0.));
#18190=DIRECTION('',(-1.,0.,0.));
#18191=DIRECTION('',(0.,0.,-1.));
#18192=DIRECTION('',(-1.,0.,0.));
#18193=DIRECTION('',(-1.,0.,0.));
#18194=DIRECTION('',(0.,0.,-1.));
#18195=DIRECTION('',(-1.,0.,0.));
#18196=DIRECTION('',(-1.,0.,0.));
#18197=DIRECTION('',(0.,0.,-1.));
#18198=DIRECTION('',(-1.,0.,0.));
#18199=DIRECTION('',(-1.,0.,0.));
#18200=DIRECTION('',(0.,0.,-1.));
#18201=DIRECTION('',(-1.,0.,0.));
#18202=DIRECTION('',(-1.,0.,0.));
#18203=DIRECTION('',(0.,0.,-1.));
#18204=DIRECTION('',(-1.,0.,0.));
#18205=DIRECTION('',(-1.,0.,0.));
#18206=DIRECTION('',(-1.,0.,0.));
#18207=DIRECTION('',(0.,0.,1.));
#18208=DIRECTION('',(-1.,0.,0.));
#18209=DIRECTION('',(-1.,0.,0.));
#18210=DIRECTION('',(0.,0.,1.));
#18211=DIRECTION('',(-1.,0.,0.));
#18212=DIRECTION('',(-1.,0.,0.));
#18213=DIRECTION('',(0.,0.,1.));
#18214=DIRECTION('',(-1.,0.,0.));
#18215=DIRECTION('',(-1.,0.,0.));
#18216=DIRECTION('',(0.,0.,1.));
#18217=DIRECTION('',(-1.,0.,0.));
#18218=DIRECTION('',(-1.,0.,0.));
#18219=DIRECTION('',(0.,0.,1.));
#18220=DIRECTION('',(-1.,0.,0.));
#18221=DIRECTION('',(-1.,0.,0.));
#18222=DIRECTION('',(0.,0.,1.));
#18223=DIRECTION('',(-1.,0.,0.));
#18224=DIRECTION('',(-1.,0.,0.));
#18225=DIRECTION('',(0.,0.,1.));
#18226=DIRECTION('',(-1.,0.,0.));
#18227=DIRECTION('',(-1.,0.,0.));
#18228=DIRECTION('',(0.,0.,1.));
#18229=DIRECTION('',(-1.,0.,0.));
#18230=DIRECTION('',(-1.,0.,0.));
#18231=DIRECTION('',(0.,0.,1.));
#18232=DIRECTION('',(-1.,0.,0.));
#18233=DIRECTION('',(-1.,0.,0.));
#18234=DIRECTION('',(0.,0.,1.));
#18235=DIRECTION('',(-1.,0.,0.));
#18236=DIRECTION('',(-1.,0.,0.));
#18237=DIRECTION('',(0.,0.,1.));
#18238=DIRECTION('',(-1.,0.,0.));
#18239=DIRECTION('',(-1.,0.,0.));
#18240=DIRECTION('',(0.,0.,1.));
#18241=DIRECTION('',(-1.,0.,0.));
#18242=DIRECTION('',(0.,-0.5,-0.866025403784439));
#18243=DIRECTION('',(0.,0.866025403784439,-0.5));
#18244=DIRECTION('',(-1.,0.,0.));
#18245=DIRECTION('',(0.,-0.5,-0.866025403784439));
#18246=DIRECTION('',(0.,0.866025403784439,-0.5));
#18247=DIRECTION('',(-1.,0.,0.));
#18248=DIRECTION('',(0.,-0.5,-0.866025403784439));
#18249=DIRECTION('',(0.,0.866025403784439,-0.5));
#18250=DIRECTION('',(-1.,0.,0.));
#18251=DIRECTION('',(0.,-0.5,-0.866025403784439));
#18252=DIRECTION('',(0.,0.866025403784439,-0.5));
#18253=DIRECTION('',(-1.,0.,0.));
#18254=DIRECTION('',(0.,-0.5,-0.866025403784439));
#18255=DIRECTION('',(0.,0.866025403784439,-0.5));
#18256=DIRECTION('',(-1.,0.,0.));
#18257=DIRECTION('',(0.,-0.5,-0.866025403784439));
#18258=DIRECTION('',(0.,0.866025403784439,-0.5));
#18259=DIRECTION('',(-1.,0.,0.));
#18260=DIRECTION('',(0.,0.,-1.));
#18261=DIRECTION('',(-1.,0.,0.));
#18262=DIRECTION('',(-1.,0.,0.));
#18263=DIRECTION('',(0.,0.,-1.));
#18264=DIRECTION('',(-1.,0.,0.));
#18265=DIRECTION('',(-1.,0.,0.));
#18266=DIRECTION('',(0.,0.,-1.));
#18267=DIRECTION('',(-1.,0.,0.));
#18268=DIRECTION('',(-1.,0.,0.));
#18269=DIRECTION('',(0.,0.,-1.));
#18270=DIRECTION('',(-1.,0.,0.));
#18271=DIRECTION('',(-1.,0.,0.));
#18272=DIRECTION('',(0.,0.,-1.));
#18273=DIRECTION('',(-1.,0.,0.));
#18274=DIRECTION('',(-1.,0.,0.));
#18275=DIRECTION('',(0.,0.,-1.));
#18276=DIRECTION('',(-1.,0.,0.));
#18277=DIRECTION('',(-1.,0.,0.));
#18278=DIRECTION('',(0.,-0.0645107260338346,-0.997917013697325));
#18279=DIRECTION('',(0.,0.997917013697325,-0.0645107260338346));
#18280=DIRECTION('',(-1.,0.,0.));
#18281=DIRECTION('',(0.,-0.0645107260338346,-0.997917013697325));
#18282=DIRECTION('',(0.,0.997917013697325,-0.0645107260338346));
#18283=DIRECTION('',(-1.,0.,0.));
#18284=DIRECTION('',(0.,-0.0645107260338346,-0.997917013697325));
#18285=DIRECTION('',(0.,0.997917013697325,-0.0645107260338346));
#18286=DIRECTION('',(-1.,0.,0.));
#18287=DIRECTION('',(0.,-0.0645107260338346,-0.997917013697325));
#18288=DIRECTION('',(0.,0.997917013697325,-0.0645107260338346));
#18289=DIRECTION('',(-1.,0.,0.));
#18290=DIRECTION('',(0.,-0.0645107260338346,-0.997917013697325));
#18291=DIRECTION('',(0.,0.997917013697325,-0.0645107260338346));
#18292=DIRECTION('',(-1.,0.,0.));
#18293=DIRECTION('',(0.,-0.0645107260338346,-0.997917013697325));
#18294=DIRECTION('',(0.,0.997917013697325,-0.0645107260338346));
#18295=DIRECTION('',(-1.,0.,0.));
#18296=DIRECTION('',(-1.,0.,0.));
#18297=DIRECTION('',(0.,0.,1.));
#18298=DIRECTION('',(-1.,0.,0.));
#18299=DIRECTION('',(-1.,0.,0.));
#18300=DIRECTION('',(0.,0.,1.));
#18301=DIRECTION('',(-1.,0.,0.));
#18302=DIRECTION('',(-1.,0.,0.));
#18303=DIRECTION('',(0.,0.,1.));
#18304=DIRECTION('',(-1.,0.,0.));
#18305=DIRECTION('',(-1.,0.,0.));
#18306=DIRECTION('',(0.,0.,1.));
#18307=DIRECTION('',(-1.,0.,0.));
#18308=DIRECTION('',(-1.,0.,0.));
#18309=DIRECTION('',(0.,0.,1.));
#18310=DIRECTION('',(-1.,0.,0.));
#18311=DIRECTION('',(-1.,0.,0.));
#18312=DIRECTION('',(0.,0.,1.));
#18313=DIRECTION('',(-1.,0.,0.));
#18314=DIRECTION('',(0.,-1.,0.));
#18315=DIRECTION('',(0.,0.,-1.));
#18316=DIRECTION('',(-1.,0.,0.));
#18317=DIRECTION('',(0.,-1.,0.));
#18318=DIRECTION('',(0.,0.,-1.));
#18319=DIRECTION('',(-1.,0.,0.));
#18320=DIRECTION('',(0.,-1.,0.));
#18321=DIRECTION('',(0.,0.,-1.));
#18322=DIRECTION('',(-1.,0.,0.));
#18323=DIRECTION('',(0.,-1.,0.));
#18324=DIRECTION('',(0.,0.,-1.));
#18325=DIRECTION('',(-1.,0.,0.));
#18326=DIRECTION('',(0.,-1.,0.));
#18327=DIRECTION('',(0.,0.,-1.));
#18328=DIRECTION('',(-1.,0.,0.));
#18329=DIRECTION('',(0.,-1.,0.));
#18330=DIRECTION('',(0.,0.,-1.));
#18331=DIRECTION('',(-1.,0.,0.));
#18332=DIRECTION('',(-1.,0.,0.));
#18333=DIRECTION('',(0.,0.,1.));
#18334=DIRECTION('',(-1.,0.,0.));
#18335=DIRECTION('',(-1.,0.,0.));
#18336=DIRECTION('',(0.,0.,1.));
#18337=DIRECTION('',(-1.,0.,0.));
#18338=DIRECTION('',(-1.,0.,0.));
#18339=DIRECTION('',(0.,0.,1.));
#18340=DIRECTION('',(-1.,0.,0.));
#18341=DIRECTION('',(-1.,0.,0.));
#18342=DIRECTION('',(0.,0.,1.));
#18343=DIRECTION('',(-1.,0.,0.));
#18344=DIRECTION('',(-1.,0.,0.));
#18345=DIRECTION('',(0.,0.,1.));
#18346=DIRECTION('',(-1.,0.,0.));
#18347=DIRECTION('',(-1.,0.,0.));
#18348=DIRECTION('',(0.,0.,1.));
#18349=DIRECTION('',(-1.,0.,0.));
#18350=DIRECTION('',(0.,-0.0645107260338348,0.997917013697325));
#18351=DIRECTION('',(0.,-0.997917013697325,-0.0645107260338348));
#18352=DIRECTION('',(-1.,0.,0.));
#18353=DIRECTION('',(0.,-0.0645107260338348,0.997917013697325));
#18354=DIRECTION('',(0.,-0.997917013697325,-0.0645107260338348));
#18355=DIRECTION('',(-1.,0.,0.));
#18356=DIRECTION('',(0.,-0.0645107260338348,0.997917013697325));
#18357=DIRECTION('',(0.,-0.997917013697325,-0.0645107260338348));
#18358=DIRECTION('',(-1.,0.,0.));
#18359=DIRECTION('',(0.,-0.0645107260338348,0.997917013697325));
#18360=DIRECTION('',(0.,-0.997917013697325,-0.0645107260338348));
#18361=DIRECTION('',(-1.,0.,0.));
#18362=DIRECTION('',(0.,-0.0645107260338348,0.997917013697325));
#18363=DIRECTION('',(0.,-0.997917013697325,-0.0645107260338348));
#18364=DIRECTION('',(-1.,0.,0.));
#18365=DIRECTION('',(0.,-0.0645107260338348,0.997917013697325));
#18366=DIRECTION('',(0.,-0.997917013697325,-0.0645107260338348));
#18367=DIRECTION('',(-1.,0.,0.));
#18368=DIRECTION('',(0.,0.,1.));
#18369=DIRECTION('',(1.,0.,0.));
#18370=DIRECTION('',(-1.,0.,0.));
#18371=DIRECTION('',(0.,0.,1.));
#18372=DIRECTION('',(1.,0.,0.));
#18373=DIRECTION('',(-1.,0.,0.));
#18374=DIRECTION('',(0.,0.,1.));
#18375=DIRECTION('',(1.,0.,0.));
#18376=DIRECTION('',(-1.,0.,0.));
#18377=DIRECTION('',(0.,0.,1.));
#18378=DIRECTION('',(1.,0.,0.));
#18379=DIRECTION('',(-1.,0.,0.));
#18380=DIRECTION('',(0.,0.,1.));
#18381=DIRECTION('',(1.,0.,0.));
#18382=DIRECTION('',(-1.,0.,0.));
#18383=DIRECTION('',(0.,0.,1.));
#18384=DIRECTION('',(1.,0.,0.));
#18385=DIRECTION('',(-1.,0.,0.));
#18386=DIRECTION('',(0.,-1.,0.));
#18387=DIRECTION('',(0.,0.,-1.));
#18388=DIRECTION('',(0.,-1.,0.));
#18389=DIRECTION('',(0.,0.,-1.));
#18390=DIRECTION('',(0.,-1.,0.));
#18391=DIRECTION('',(0.,0.,-1.));
#18392=DIRECTION('',(0.,-1.,0.));
#18393=DIRECTION('',(0.,0.,-1.));
#18394=DIRECTION('',(0.,-1.,0.));
#18395=DIRECTION('',(0.,0.,-1.));
#18396=DIRECTION('',(0.,-1.,0.));
#18397=DIRECTION('',(0.,0.,-1.));
#18398=DIRECTION('',(0.,-1.,0.));
#18399=DIRECTION('',(0.,0.,-1.));
#18400=DIRECTION('',(-1.,0.,0.));
#18401=DIRECTION('',(-1.,0.,0.));
#18402=DIRECTION('',(0.,0.,1.));
#18403=DIRECTION('',(-1.,0.,0.));
#18404=DIRECTION('',(0.,0.,-1.));
#18405=DIRECTION('',(-1.,0.,0.));
#18406=DIRECTION('',(-1.,0.,0.));
#18407=DIRECTION('',(0.,-0.5,-0.866025403784439));
#18408=DIRECTION('',(0.,0.866025403784439,-0.5));
#18409=DIRECTION('',(-1.,0.,0.));
#18410=DIRECTION('',(0.,-1.,0.));
#18411=DIRECTION('',(0.,0.,-1.));
#18412=DIRECTION('',(-1.,0.,0.));
#18413=DIRECTION('',(0.,-0.5,0.866025403784439));
#18414=DIRECTION('',(0.,-0.866025403784439,-0.5));
#18415=DIRECTION('',(-1.,0.,0.));
#18416=DIRECTION('',(-1.,0.,0.));
#18417=DIRECTION('',(0.,0.,1.));
#18418=DIRECTION('',(-1.,0.,0.));
#18419=DIRECTION('',(-1.,0.,0.));
#18420=DIRECTION('',(0.,0.,1.));
#18421=DIRECTION('',(-1.,0.,0.));
#18422=DIRECTION('',(0.,0.,1.));
#18423=DIRECTION('',(1.,0.,0.));
#18424=DIRECTION('',(-1.,0.,0.));
#18425=DIRECTION('',(-1.,0.,0.));
#18426=DIRECTION('',(0.,0.,1.));
#18427=DIRECTION('',(-1.,0.,0.));
#18428=DIRECTION('',(0.,-1.,0.));
#18429=DIRECTION('',(0.,0.,-1.));
#18430=DIRECTION('',(-1.,0.,0.));
#18431=DIRECTION('',(-1.,0.,0.));
#18432=DIRECTION('',(0.,0.,1.));
#18433=DIRECTION('',(-1.,0.,0.));
#18434=DIRECTION('',(0.,0.,-1.));
#18435=DIRECTION('',(-1.,0.,0.));
#18436=DIRECTION('',(-1.,0.,0.));
#18437=DIRECTION('',(-1.,0.,0.));
#18438=DIRECTION('',(0.,0.,1.));
#18439=DIRECTION('',(-1.,0.,0.));
#18440=DIRECTION('',(-1.,0.,0.));
#18441=DIRECTION('',(0.,0.,1.));
#18442=DIRECTION('',(-1.,0.,0.));
#18443=DIRECTION('',(0.,-0.5,-0.866025403784439));
#18444=DIRECTION('',(0.,0.866025403784439,-0.5));
#18445=DIRECTION('',(-1.,0.,0.));
#18446=DIRECTION('',(0.,0.,-1.));
#18447=DIRECTION('',(-1.,0.,0.));
#18448=DIRECTION('',(-1.,0.,0.));
#18449=DIRECTION('',(0.,-0.0645107260338346,-0.997917013697325));
#18450=DIRECTION('',(0.,0.997917013697325,-0.0645107260338346));
#18451=DIRECTION('',(-1.,0.,0.));
#18452=DIRECTION('',(-1.,0.,0.));
#18453=DIRECTION('',(0.,0.,1.));
#18454=DIRECTION('',(-1.,0.,0.));
#18455=DIRECTION('',(0.,-1.,0.));
#18456=DIRECTION('',(0.,0.,-1.));
#18457=DIRECTION('',(-1.,0.,0.));
#18458=DIRECTION('',(-1.,0.,0.));
#18459=DIRECTION('',(0.,0.,1.));
#18460=DIRECTION('',(-1.,0.,0.));
#18461=DIRECTION('',(0.,-0.0645107260338348,0.997917013697325));
#18462=DIRECTION('',(0.,-0.997917013697325,-0.0645107260338348));
#18463=DIRECTION('',(-1.,0.,0.));
#18464=DIRECTION('',(0.,0.,1.));
#18465=DIRECTION('',(1.,0.,0.));
#18466=DIRECTION('',(-1.,0.,0.));
#18467=DIRECTION('',(0.,-1.,0.));
#18468=DIRECTION('',(0.,0.,-1.));
#18469=DIRECTION('',(0.,-1.,3.79470760369927E-17));
#18470=DIRECTION('',(0.,-3.79470760369927E-17,-1.));
#18471=DIRECTION('',(0.,0.,1.));
#18472=DIRECTION('',(1.,0.,0.));
#18473=DIRECTION('',(0.,-0.707106781186548,-0.707106781186547));
#18474=DIRECTION('',(0.,0.707106781186547,-0.707106781186548));
#18475=DIRECTION('',(0.,-0.707106781186547,0.707106781186548));
#18476=DIRECTION('',(-1.,0.,0.));
#18477=DIRECTION('',(0.,-0.707106781186547,0.707106781186548));
#18478=DIRECTION('',(-1.,0.,0.));
#18479=DIRECTION('',(0.,0.,-1.));
#18480=DIRECTION('',(-1.,0.,0.));
#18481=DIRECTION('',(0.,-1.,0.));
#18482=DIRECTION('',(-1.,0.,0.));
#18483=DIRECTION('',(0.,-1.,0.));
#18484=DIRECTION('',(0.,0.707106781186548,-0.707106781186547));
#18485=DIRECTION('',(0.,0.707106781186547,0.707106781186548));
#18486=DIRECTION('',(0.,-0.707106781186547,-0.707106781186548));
#18487=DIRECTION('',(-1.,0.,0.));
#18488=DIRECTION('',(0.,-0.707106781186547,-0.707106781186548));
#18489=DIRECTION('',(0.,1.,0.));
#18490=DIRECTION('',(0.,0.,1.));
#18491=DIRECTION('',(0.,0.,-1.));
#18492=DIRECTION('',(-1.,0.,0.));
#18493=DIRECTION('',(0.,0.,-1.));
#18494=DIRECTION('',(-1.,0.,0.));
#18495=DIRECTION('',(0.,0.,1.));
#18496=DIRECTION('',(1.,0.,0.));
#18497=DIRECTION('',(0.,0.,-1.));
#18498=DIRECTION('',(-1.,0.,0.));
#18499=DIRECTION('',(1.,0.,0.));
#18500=DIRECTION('',(0.,0.,-1.));
#18501=DIRECTION('',(0.,0.,-1.));
#18502=DIRECTION('',(-1.,0.,0.));
#18503=DIRECTION('',(0.,-1.,0.));
#18504=DIRECTION('',(-1.,0.,0.));
#18505=DIRECTION('',(0.,-1.,0.));
#18506=DIRECTION('',(-1.,0.,0.));
#18507=DIRECTION('',(0.,0.,1.));
#18508=DIRECTION('',(1.,0.,0.));
#18509=DIRECTION('',(0.,0.,-1.));
#18510=DIRECTION('',(-1.,0.,0.));
#18511=DIRECTION('',(1.,0.,0.));
#18512=DIRECTION('',(0.,0.,-1.));
#18513=DIRECTION('',(0.,-0.554700196225229,-0.832050294337844));
#18514=DIRECTION('',(0.,0.832050294337844,-0.554700196225229));
#18515=DIRECTION('',(0.,-0.832050294337844,0.554700196225229));
#18516=DIRECTION('',(-1.,0.,0.));
#18517=DIRECTION('',(0.,-0.832050294337844,0.554700196225229));
#18518=DIRECTION('',(-1.,0.,0.));
#18519=DIRECTION('',(0.,0.,1.));
#18520=DIRECTION('',(1.,0.,0.));
#18521=DIRECTION('',(0.,0.,-1.));
#18522=DIRECTION('',(-1.,0.,0.));
#18523=DIRECTION('',(1.,0.,0.));
#18524=DIRECTION('',(0.,0.,-1.));
#18525=DIRECTION('',(0.,0.5,-0.866025403784439));
#18526=DIRECTION('',(0.,0.866025403784439,0.5));
#18527=DIRECTION('',(0.,-0.866025403784439,-0.5));
#18528=DIRECTION('',(-1.,0.,0.));
#18529=DIRECTION('',(0.,-0.866025403784439,-0.5));
#18530=DIRECTION('',(0.,1.,0.));
#18531=DIRECTION('',(0.,0.,1.));
#18532=DIRECTION('',(0.,0.,-1.));
#18533=DIRECTION('',(-1.,0.,0.));
#18534=DIRECTION('',(0.,0.,-1.));
#18535=DIRECTION('',(0.,0.,1.));
#18536=DIRECTION('',(1.,0.,0.));
#18537=DIRECTION('',(0.,1.,0.));
#18538=DIRECTION('',(-1.,0.,0.));
#18539=DIRECTION('',(0.,1.,0.));
#18540=DIRECTION('',(-1.,0.,0.));
#18541=DIRECTION('',(0.,0.,1.));
#18542=DIRECTION('',(1.,0.,0.));
#18543=DIRECTION('',(0.,0.,-1.));
#18544=DIRECTION('',(-1.,0.,0.));
#18545=DIRECTION('',(1.,0.,0.));
#18546=DIRECTION('',(0.,0.,-1.));
#18547=DIRECTION('',(0.,1.,0.));
#18548=DIRECTION('',(0.,0.,1.));
#18549=DIRECTION('',(0.,0.,-1.));
#18550=DIRECTION('',(-1.,0.,0.));
#18551=DIRECTION('',(0.,0.,-1.));
#18552=DIRECTION('',(-1.,0.,0.));
#18553=DIRECTION('',(0.,0.,1.));
#18554=DIRECTION('',(1.,0.,0.));
#18555=DIRECTION('',(0.,0.,-1.));
#18556=DIRECTION('',(-1.,0.,0.));
#18557=DIRECTION('',(1.,0.,0.));
#18558=DIRECTION('',(0.,0.,-1.));
#18559=DIRECTION('',(0.,0.,-1.));
#18560=DIRECTION('',(-1.,0.,0.));
#18561=DIRECTION('',(0.,-1.,0.));
#18562=DIRECTION('',(-1.,0.,0.));
#18563=DIRECTION('',(0.,-1.,0.));
#18564=DIRECTION('',(-1.,0.,0.));
#18565=DIRECTION('',(0.,0.,1.));
#18566=DIRECTION('',(1.,0.,0.));
#18567=DIRECTION('',(0.,0.,-1.));
#18568=DIRECTION('',(-1.,0.,0.));
#18569=DIRECTION('',(1.,0.,0.));
#18570=DIRECTION('',(0.,0.,-1.));
#18571=DIRECTION('',(0.,-0.361722576901493,-0.93228578094903));
#18572=DIRECTION('',(0.,0.932285780949031,-0.361722576901493));
#18573=DIRECTION('',(0.,-0.93228578094903,0.361722576901493));
#18574=DIRECTION('',(-1.,0.,0.));
#18575=DIRECTION('',(0.,-0.93228578094903,0.361722576901493));
#18576=DIRECTION('',(-1.,0.,0.));
#18577=DIRECTION('',(0.,0.,1.));
#18578=DIRECTION('',(1.,0.,0.));
#18579=DIRECTION('',(0.,0.,-1.));
#18580=DIRECTION('',(-1.,0.,0.));
#18581=DIRECTION('',(1.,0.,0.));
#18582=DIRECTION('',(0.,0.,-1.));
#18583=DIRECTION('',(0.,0.5,-0.866025403784439));
#18584=DIRECTION('',(0.,0.866025403784439,0.5));
#18585=DIRECTION('',(0.,-0.866025403784439,-0.5));
#18586=DIRECTION('',(-1.,0.,0.));
#18587=DIRECTION('',(0.,-0.866025403784439,-0.5));
#18588=DIRECTION('',(0.,1.,0.));
#18589=DIRECTION('',(0.,0.,1.));
#18590=DIRECTION('',(0.,0.,-1.));
#18591=DIRECTION('',(-1.,0.,0.));
#18592=DIRECTION('',(0.,0.,-1.));
#18593=DIRECTION('',(0.,0.500000000000001,0.866025403784438));
#18594=DIRECTION('',(0.,-0.866025403784438,0.500000000000001));
#18595=DIRECTION('',(0.,0.866025403784438,-0.500000000000001));
#18596=DIRECTION('',(-1.,0.,0.));
#18597=DIRECTION('',(0.,0.866025403784438,-0.500000000000001));
#18598=DIRECTION('',(0.,0.,1.));
#18599=DIRECTION('',(1.,0.,0.));
#18600=DIRECTION('',(0.,1.,0.));
#18601=DIRECTION('',(-1.,0.,0.));
#18602=DIRECTION('',(0.,1.,0.));
#18603=DIRECTION('',(0.,-1.,0.));
#18604=DIRECTION('',(0.,0.,-1.));
#18605=DIRECTION('',(0.,0.,1.));
#18606=DIRECTION('',(-1.,0.,0.));
#18607=DIRECTION('',(0.,0.,1.));
#18608=DIRECTION('',(0.,-0.5,-0.866025403784439));
#18609=DIRECTION('',(0.,0.866025403784439,-0.5));
#18610=DIRECTION('',(0.,-0.866025403784439,0.5));
#18611=DIRECTION('',(-1.,0.,0.));
#18612=DIRECTION('',(0.,-0.866025403784439,0.5));
#18613=DIRECTION('',(-1.,0.,0.));
#18614=DIRECTION('',(0.,0.,1.));
#18615=DIRECTION('',(1.,0.,0.));
#18616=DIRECTION('',(0.,0.,-1.));
#18617=DIRECTION('',(-1.,0.,0.));
#18618=DIRECTION('',(1.,0.,0.));
#18619=DIRECTION('',(0.,0.,-1.));
#18620=DIRECTION('',(0.,-1.,0.));
#18621=DIRECTION('',(0.,0.,-1.));
#18622=DIRECTION('',(0.,0.,1.));
#18623=DIRECTION('',(-1.,0.,0.));
#18624=DIRECTION('',(0.,0.,1.));
#18625=DIRECTION('',(-1.,0.,0.));
#18626=DIRECTION('',(0.,0.,1.));
#18627=DIRECTION('',(1.,0.,0.));
#18628=DIRECTION('',(0.,0.,-1.));
#18629=DIRECTION('',(-1.,0.,0.));
#18630=DIRECTION('',(1.,0.,0.));
#18631=DIRECTION('',(0.,0.,-1.));
#18632=DIRECTION('',(0.,-0.5,0.866025403784439));
#18633=DIRECTION('',(0.,-0.866025403784439,-0.5));
#18634=DIRECTION('',(0.,0.866025403784439,0.5));
#18635=DIRECTION('',(-1.,0.,0.));
#18636=DIRECTION('',(0.,0.866025403784439,0.5));
#18637=DIRECTION('',(0.,-1.,0.));
#18638=DIRECTION('',(0.,0.,-1.));
#18639=DIRECTION('',(0.,0.,1.));
#18640=DIRECTION('',(0.,0.,1.));
#18641=DIRECTION('',(1.,0.,0.));
#18642=DIRECTION('',(0.,0.,-1.));
#18643=DIRECTION('',(1.,0.,0.));
#18644=DIRECTION('',(0.,0.,-1.));
#18645=DIRECTION('',(0.,0.,1.));
#18646=DIRECTION('',(1.,0.,0.));
#18647=DIRECTION('',(0.,0.,1.));
#18648=DIRECTION('',(1.,0.,0.));
#18649=CARTESIAN_POINT('',(0.,0.,0.));
#18650=CARTESIAN_POINT('',(3.175,2.0884040301091,0.962061476368378));
#18651=CARTESIAN_POINT('',(3.175,2.467387,1.1));
#18652=CARTESIAN_POINT('',(-2.825,2.467387,1.1));
#18653=CARTESIAN_POINT('',(-3.175,2.467387,1.1));
#18654=CARTESIAN_POINT('',(-2.825,2.0884040301091,0.962061476368378));
#18655=CARTESIAN_POINT('',(-2.825,2.0884040301091,0.962061476368379));
#18656=CARTESIAN_POINT('',(3.175,2.0884040301091,0.962061476368379));
#18657=CARTESIAN_POINT('',(-3.175,2.0884040301091,0.962061476368379));
#18658=CARTESIAN_POINT('',(-3.175,2.0884040301091,0.962061476368378));
#18659=CARTESIAN_POINT('',(3.175,1.75,1.1));
#18660=CARTESIAN_POINT('',(3.175,1.9,0.95));
#18661=CARTESIAN_POINT('',(-2.825,1.9,0.95));
#18662=CARTESIAN_POINT('',(-3.175,1.9,0.95));
#18663=CARTESIAN_POINT('',(-2.825,1.75,1.1));
#18664=CARTESIAN_POINT('',(-2.825,1.75,1.1));
#18665=CARTESIAN_POINT('',(3.175,1.75,1.1));
#18666=CARTESIAN_POINT('',(-3.175,1.75,1.1));
#18667=CARTESIAN_POINT('',(-3.175,1.75,1.1));
#18668=CARTESIAN_POINT('',(3.175,1.9,0.95));
#18669=CARTESIAN_POINT('',(3.175,2.02,0.95));
#18670=CARTESIAN_POINT('',(-2.825,2.02,0.95));
#18671=CARTESIAN_POINT('',(-3.175,2.02,0.95));
#18672=CARTESIAN_POINT('',(-2.825,1.25,0.95));
#18673=CARTESIAN_POINT('',(-3.175,1.9,0.95));
#18674=CARTESIAN_POINT('',(3.175,2.02,1.15));
#18675=CARTESIAN_POINT('',(-2.825,2.02,1.15));
#18676=CARTESIAN_POINT('',(-3.175,2.02,1.15));
#18677=CARTESIAN_POINT('',(4.,0.,0.05));
#18678=CARTESIAN_POINT('',(4.,0.,0.05));
#18679=CARTESIAN_POINT('',(4.,0.,0.0500000000000001));
#18680=CARTESIAN_POINT('',(4.,0.3,0.05));
#18681=CARTESIAN_POINT('',(4.,0.3,0.05));
#18682=CARTESIAN_POINT('',(4.2,0.3,0.05));
#18683=CARTESIAN_POINT('',(4.2,0.,0.05));
#18684=CARTESIAN_POINT('',(4.2,0.5,0.05));
#18685=CARTESIAN_POINT('',(4.,0.5,0.05));
#18686=CARTESIAN_POINT('',(4.5,0.5,0.05));
#18687=CARTESIAN_POINT('',(4.5,0.,0.05));
#18688=CARTESIAN_POINT('',(4.5,0.,0.0500000000000001));
#18689=CARTESIAN_POINT('',(4.,0.,0.0500000000000001));
#18690=CARTESIAN_POINT('',(-4.,0.,0.05));
#18691=CARTESIAN_POINT('',(-4.,0.3,0.05));
#18692=CARTESIAN_POINT('',(-4.,0.3,0.05));
#18693=CARTESIAN_POINT('',(-4.2,0.3,0.05));
#18694=CARTESIAN_POINT('',(-4.,0.,0.05));
#18695=CARTESIAN_POINT('',(-4.,0.,0.0500000000000001));
#18696=CARTESIAN_POINT('',(-4.,0.,0.0500000000000001));
#18697=CARTESIAN_POINT('',(-4.5,0.,0.0500000000000001));
#18698=CARTESIAN_POINT('',(-4.5,0.,0.05));
#18699=CARTESIAN_POINT('',(-4.5,0.5,0.05));
#18700=CARTESIAN_POINT('',(-4.,0.5,0.05));
#18701=CARTESIAN_POINT('',(-4.2,0.5,0.05));
#18702=CARTESIAN_POINT('',(-4.2,0.,0.05));
#18703=CARTESIAN_POINT('',(-4.,0.5,-0.95));
#18704=CARTESIAN_POINT('',(-4.2,0.5,-0.95));
#18705=CARTESIAN_POINT('',(-4.2,0.75,-0.95));
#18706=CARTESIAN_POINT('',(-4.2,1.,-0.95));
#18707=CARTESIAN_POINT('',(-4.,0.75,-0.95));
#18708=CARTESIAN_POINT('',(-4.,0.75,-0.95));
#18709=CARTESIAN_POINT('',(-4.,0.5,-0.95));
#18710=CARTESIAN_POINT('',(-4.,0.5,-0.95));
#18711=CARTESIAN_POINT('',(-4.,0.5,-0.95));
#18712=CARTESIAN_POINT('',(-4.5,0.5,-0.95));
#18713=CARTESIAN_POINT('',(-4.5,0.5,-0.95));
#18714=CARTESIAN_POINT('',(-4.5,1.,-0.95));
#18715=CARTESIAN_POINT('',(-4.,1.,-0.95));
#18716=CARTESIAN_POINT('',(4.,2.75,0.95));
#18717=CARTESIAN_POINT('',(4.2,2.75,0.95));
#18718=CARTESIAN_POINT('',(4.2,2.75,1.15));
#18719=CARTESIAN_POINT('',(4.2,2.75,0.95));
#18720=CARTESIAN_POINT('',(4.,2.75,1.15));
#18721=CARTESIAN_POINT('',(4.,2.75,1.15));
#18722=CARTESIAN_POINT('',(4.,2.75,0.95));
#18723=CARTESIAN_POINT('',(4.,2.75,1.35));
#18724=CARTESIAN_POINT('',(0.,2.75,1.35));
#18725=CARTESIAN_POINT('',(4.5,2.75,1.35));
#18726=CARTESIAN_POINT('',(4.5,2.75,0.95));
#18727=CARTESIAN_POINT('',(4.5,2.75,0.95));
#18728=CARTESIAN_POINT('',(4.,2.75,0.95));
#18729=CARTESIAN_POINT('',(-4.,2.75,0.95));
#18730=CARTESIAN_POINT('',(-4.,2.75,1.15));
#18731=CARTESIAN_POINT('',(-4.2,2.75,1.15));
#18732=CARTESIAN_POINT('',(-4.,2.75,1.15));
#18733=CARTESIAN_POINT('',(-4.2,2.75,0.95));
#18734=CARTESIAN_POINT('',(-4.2,2.75,0.95));
#18735=CARTESIAN_POINT('',(-4.,2.75,0.95));
#18736=CARTESIAN_POINT('',(-4.5,2.75,0.95));
#18737=CARTESIAN_POINT('',(-4.5,2.75,0.95));
#18738=CARTESIAN_POINT('',(-4.5,2.75,1.35));
#18739=CARTESIAN_POINT('',(0.,2.75,1.35));
#18740=CARTESIAN_POINT('',(-4.,2.75,1.35));
#18741=CARTESIAN_POINT('',(-4.,2.75,0.95));
#18742=CARTESIAN_POINT('',(-4.,3.75,0.45));
#18743=CARTESIAN_POINT('',(-4.2,3.75,0.45));
#18744=CARTESIAN_POINT('',(-4.2,3.75,0.45));
#18745=CARTESIAN_POINT('',(-4.2,3.75,0.7));
#18746=CARTESIAN_POINT('',(-4.,3.75,0.45));
#18747=CARTESIAN_POINT('',(-4.5,3.75,0.45));
#18748=CARTESIAN_POINT('',(-4.5,3.75,0.45));
#18749=CARTESIAN_POINT('',(-4.5,3.75,0.95));
#18750=CARTESIAN_POINT('',(-4.,3.75,0.95));
#18751=CARTESIAN_POINT('',(-4.,3.75,0.95));
#18752=CARTESIAN_POINT('',(-4.,3.75,0.45));
#18753=CARTESIAN_POINT('',(-4.,3.75,0.7));
#18754=CARTESIAN_POINT('',(-4.,3.75,0.7));
#18755=CARTESIAN_POINT('',(4.5,4.25,-1.45));
#18756=CARTESIAN_POINT('',(3.4,0.7,-1.45));
#18757=CARTESIAN_POINT('',(4.,0.7,-1.45));
#18758=CARTESIAN_POINT('',(-4.,0.7,-1.45));
#18759=CARTESIAN_POINT('',(-4.,4.25,-1.45));
#18760=CARTESIAN_POINT('',(-4.,1.,-1.45));
#18761=CARTESIAN_POINT('',(-4.,1.,-1.45));
#18762=CARTESIAN_POINT('',(-4.5,1.,-1.45));
#18763=CARTESIAN_POINT('',(-4.5,4.25,-1.45));
#18764=CARTESIAN_POINT('',(-4.5,4.25,-1.45));
#18765=CARTESIAN_POINT('',(4.5,4.25,-1.45));
#18766=CARTESIAN_POINT('',(4.5,4.25,-1.45));
#18767=CARTESIAN_POINT('',(4.5,4.25,-1.45));
#18768=CARTESIAN_POINT('',(4.5,1.,-1.45));
#18769=CARTESIAN_POINT('',(4.,1.,-1.45));
#18770=CARTESIAN_POINT('',(4.,1.,-1.45));
#18771=CARTESIAN_POINT('',(4.,4.25,-1.45));
#18772=CARTESIAN_POINT('',(0.4,3.25,-1.45));
#18773=CARTESIAN_POINT('',(0.4,3.25,-1.45));
#18774=CARTESIAN_POINT('',(0.4,2.45,-1.45));
#18775=CARTESIAN_POINT('',(0.4,3.25,-1.45));
#18776=CARTESIAN_POINT('',(-0.4,3.25,-1.45));
#18777=CARTESIAN_POINT('',(-0.4,3.25,-1.45));
#18778=CARTESIAN_POINT('',(-0.4,2.45,-1.45));
#18779=CARTESIAN_POINT('',(0.4,2.45,-1.45));
#18780=CARTESIAN_POINT('',(0.,0.,0.));
#18781=CARTESIAN_POINT('',(2.7875,-1.35525271560688E-17,1.45));
#18782=CARTESIAN_POINT('',(2.7875,-1.35525271560688E-17,1.35));
#18783=CARTESIAN_POINT('',(2.7875,0.,1.1));
#18784=CARTESIAN_POINT('',(-4.5,0.,1.35));
#18785=CARTESIAN_POINT('',(2.2125,0.,1.35));
#18786=CARTESIAN_POINT('',(2.2125,0.,1.45));
#18787=CARTESIAN_POINT('',(2.2125,0.,1.1));
#18788=CARTESIAN_POINT('',(-3.4,0.,1.1));
#18789=CARTESIAN_POINT('',(0.,0.,0.));
#18790=CARTESIAN_POINT('',(2.7875,-1.35525271560688E-17,1.45));
#18791=CARTESIAN_POINT('',(2.7875,-1.35525271560688E-17,0.6));
#18792=CARTESIAN_POINT('',(2.7875,-1.35525271560688E-17,0.));
#18793=CARTESIAN_POINT('',(3.4,0.,0.6));
#18794=CARTESIAN_POINT('',(2.2125,-5.42101086242752E-17,0.6));
#18795=CARTESIAN_POINT('',(2.2125,0.,1.45));
#18796=CARTESIAN_POINT('',(2.2125,0.,0.));
#18797=CARTESIAN_POINT('',(3.4,0.,0.));
#18798=CARTESIAN_POINT('',(0.,0.,0.));
#18799=CARTESIAN_POINT('',(1.7875,-1.35525271560688E-17,1.45));
#18800=CARTESIAN_POINT('',(1.7875,-1.35525271560688E-17,1.35));
#18801=CARTESIAN_POINT('',(1.7875,0.,1.1));
#18802=CARTESIAN_POINT('',(-4.5,0.,1.35));
#18803=CARTESIAN_POINT('',(1.2125,0.,1.35));
#18804=CARTESIAN_POINT('',(1.2125,0.,1.45));
#18805=CARTESIAN_POINT('',(1.2125,0.,1.1));
#18806=CARTESIAN_POINT('',(-3.4,0.,1.1));
#18807=CARTESIAN_POINT('',(0.,0.,0.));
#18808=CARTESIAN_POINT('',(1.7875,-1.35525271560688E-17,1.45));
#18809=CARTESIAN_POINT('',(1.7875,-1.35525271560688E-17,0.6));
#18810=CARTESIAN_POINT('',(1.7875,-1.35525271560688E-17,0.));
#18811=CARTESIAN_POINT('',(3.4,0.,0.6));
#18812=CARTESIAN_POINT('',(1.2125,1.0842021724855E-16,0.6));
#18813=CARTESIAN_POINT('',(1.2125,0.,1.45));
#18814=CARTESIAN_POINT('',(1.2125,0.,0.));
#18815=CARTESIAN_POINT('',(3.4,0.,0.));
#18816=CARTESIAN_POINT('',(0.,0.,0.));
#18817=CARTESIAN_POINT('',(0.7875,0.,1.45));
#18818=CARTESIAN_POINT('',(0.7875,0.,1.35));
#18819=CARTESIAN_POINT('',(0.787499999999998,0.,1.1));
#18820=CARTESIAN_POINT('',(-4.5,0.,1.35));
#18821=CARTESIAN_POINT('',(0.2125,0.,1.35));
#18822=CARTESIAN_POINT('',(0.2125,0.,1.45));
#18823=CARTESIAN_POINT('',(0.2125,0.,1.1));
#18824=CARTESIAN_POINT('',(-3.4,0.,1.1));
#18825=CARTESIAN_POINT('',(0.,0.,0.));
#18826=CARTESIAN_POINT('',(0.7875,0.,1.45));
#18827=CARTESIAN_POINT('',(0.7875,0.,0.6));
#18828=CARTESIAN_POINT('',(0.7875,0.,0.));
#18829=CARTESIAN_POINT('',(3.4,0.,0.6));
#18830=CARTESIAN_POINT('',(0.212499999999999,0.,0.6));
#18831=CARTESIAN_POINT('',(0.2125,0.,1.45));
#18832=CARTESIAN_POINT('',(0.2125,0.,0.));
#18833=CARTESIAN_POINT('',(3.4,0.,0.));
#18834=CARTESIAN_POINT('',(0.,0.,0.));
#18835=CARTESIAN_POINT('',(-0.2125,-1.35525271560688E-17,1.45));
#18836=CARTESIAN_POINT('',(-0.2125,-1.35525271560688E-17,1.35));
#18837=CARTESIAN_POINT('',(-0.212500000000001,0.,1.1));
#18838=CARTESIAN_POINT('',(-4.5,0.,1.35));
#18839=CARTESIAN_POINT('',(-0.7875,0.,1.35));
#18840=CARTESIAN_POINT('',(-0.7875,0.,1.45));
#18841=CARTESIAN_POINT('',(-0.7875,0.,1.1));
#18842=CARTESIAN_POINT('',(-3.4,0.,1.1));
#18843=CARTESIAN_POINT('',(0.,0.,0.));
#18844=CARTESIAN_POINT('',(-0.2125,-1.35525271560688E-17,1.45));
#18845=CARTESIAN_POINT('',(-0.2125,-1.35525271560688E-17,0.6));
#18846=CARTESIAN_POINT('',(-0.2125,-1.35525271560688E-17,0.));
#18847=CARTESIAN_POINT('',(3.4,0.,0.6));
#18848=CARTESIAN_POINT('',(-0.7875,0.,0.6));
#18849=CARTESIAN_POINT('',(-0.7875,0.,1.45));
#18850=CARTESIAN_POINT('',(-0.7875,0.,0.));
#18851=CARTESIAN_POINT('',(3.4,0.,0.));
#18852=CARTESIAN_POINT('',(0.,0.,0.));
#18853=CARTESIAN_POINT('',(-1.2125,-1.35525271560688E-17,1.45));
#18854=CARTESIAN_POINT('',(-1.2125,-1.35525271560688E-17,1.35));
#18855=CARTESIAN_POINT('',(-1.2125,0.,1.1));
#18856=CARTESIAN_POINT('',(-4.5,0.,1.35));
#18857=CARTESIAN_POINT('',(-1.7875,0.,1.35));
#18858=CARTESIAN_POINT('',(-1.7875,0.,1.45));
#18859=CARTESIAN_POINT('',(-1.7875,0.,1.1));
#18860=CARTESIAN_POINT('',(-3.4,0.,1.1));
#18861=CARTESIAN_POINT('',(0.,0.,0.));
#18862=CARTESIAN_POINT('',(-1.2125,-1.35525271560688E-17,1.45));
#18863=CARTESIAN_POINT('',(-1.2125,-1.35525271560688E-17,0.6));
#18864=CARTESIAN_POINT('',(-1.2125,-1.35525271560688E-17,0.));
#18865=CARTESIAN_POINT('',(3.4,0.,0.6));
#18866=CARTESIAN_POINT('',(-1.7875,0.,0.6));
#18867=CARTESIAN_POINT('',(-1.7875,0.,1.45));
#18868=CARTESIAN_POINT('',(-1.7875,0.,0.));
#18869=CARTESIAN_POINT('',(3.4,0.,0.));
#18870=CARTESIAN_POINT('',(0.,0.,0.));
#18871=CARTESIAN_POINT('',(-2.2125,-1.35525271560688E-17,1.45));
#18872=CARTESIAN_POINT('',(-2.2125,-1.35525271560688E-17,1.35));
#18873=CARTESIAN_POINT('',(-2.2125,0.,1.1));
#18874=CARTESIAN_POINT('',(-4.5,0.,1.35));
#18875=CARTESIAN_POINT('',(-2.7875,0.,1.35));
#18876=CARTESIAN_POINT('',(-2.7875,0.,1.45));
#18877=CARTESIAN_POINT('',(-2.7875,0.,1.1));
#18878=CARTESIAN_POINT('',(-3.4,0.,1.1));
#18879=CARTESIAN_POINT('',(0.,0.,0.));
#18880=CARTESIAN_POINT('',(-2.2125,-1.35525271560688E-17,1.45));
#18881=CARTESIAN_POINT('',(-2.2125,-1.35525271560688E-17,0.6));
#18882=CARTESIAN_POINT('',(-2.2125,-1.35525271560688E-17,0.));
#18883=CARTESIAN_POINT('',(3.4,0.,0.6));
#18884=CARTESIAN_POINT('',(-2.7875,0.,0.6));
#18885=CARTESIAN_POINT('',(-2.7875,0.,1.45));
#18886=CARTESIAN_POINT('',(-2.7875,0.,0.));
#18887=CARTESIAN_POINT('',(3.4,0.,0.));
#18888=CARTESIAN_POINT('',(0.,0.,0.));
#18889=CARTESIAN_POINT('',(-2.2125,-1.35525271560688E-17,1.45));
#18890=CARTESIAN_POINT('',(-2.2125,-1.35525271560688E-17,-0.55));
#18891=CARTESIAN_POINT('',(-2.2125,-1.35525271560688E-17,-0.75));
#18892=CARTESIAN_POINT('',(3.4,0.,-0.55));
#18893=CARTESIAN_POINT('',(-2.7875,-2.16840434497101E-16,-0.55));
#18894=CARTESIAN_POINT('',(-2.7875,0.,1.45));
#18895=CARTESIAN_POINT('',(-2.7875,0.,-0.75));
#18896=CARTESIAN_POINT('',(0.,0.,-0.75));
#18897=CARTESIAN_POINT('',(-3.2125,1.11022302462516E-16,-0.75));
#18898=CARTESIAN_POINT('',(-3.2125,1.11022302462516E-16,1.45));
#18899=CARTESIAN_POINT('',(-3.2125,1.11022302462516E-16,-0.55));
#18900=CARTESIAN_POINT('',(3.4,0.,-0.55));
#18901=CARTESIAN_POINT('',(-3.4,0.,-0.55));
#18902=CARTESIAN_POINT('',(-3.4,0.,0.));
#18903=CARTESIAN_POINT('',(-3.4,0.,0.));
#18904=CARTESIAN_POINT('',(3.4,0.,0.));
#18905=CARTESIAN_POINT('',(-3.2125,1.11022302462516E-16,0.));
#18906=CARTESIAN_POINT('',(-3.2125,1.11022302462516E-16,1.45));
#18907=CARTESIAN_POINT('',(-3.2125,1.11022302462516E-16,0.6));
#18908=CARTESIAN_POINT('',(3.4,0.,0.6));
#18909=CARTESIAN_POINT('',(-3.4,0.,0.6));
#18910=CARTESIAN_POINT('',(-3.4,0.,0.7));
#18911=CARTESIAN_POINT('',(-3.4,0.,1.1));
#18912=CARTESIAN_POINT('',(-3.4,0.,1.1));
#18913=CARTESIAN_POINT('',(-3.2125,1.11022302462516E-16,1.1));
#18914=CARTESIAN_POINT('',(-3.2125,1.11022302462516E-16,1.45));
#18915=CARTESIAN_POINT('',(-3.2125,1.11022302462516E-16,1.35));
#18916=CARTESIAN_POINT('',(-4.5,0.,1.35));
#18917=CARTESIAN_POINT('',(-4.5,0.,1.35));
#18918=CARTESIAN_POINT('',(-4.5,0.,-1.45));
#18919=CARTESIAN_POINT('',(-4.,0.,0.));
#18920=CARTESIAN_POINT('',(-4.,0.,-1.1));
#18921=CARTESIAN_POINT('',(3.4,0.,-1.1));
#18922=CARTESIAN_POINT('',(4.,0.,-1.1));
#18923=CARTESIAN_POINT('',(4.,0.,0.));
#18924=CARTESIAN_POINT('',(4.5,0.,1.45));
#18925=CARTESIAN_POINT('',(4.5,0.,1.35));
#18926=CARTESIAN_POINT('',(-4.5,0.,1.35));
#18927=CARTESIAN_POINT('',(3.2125,-1.0842021724855E-16,1.35));
#18928=CARTESIAN_POINT('',(3.2125,-1.0842021724855E-16,1.45));
#18929=CARTESIAN_POINT('',(3.2125,-1.0842021724855E-16,1.1));
#18930=CARTESIAN_POINT('',(-3.4,0.,1.1));
#18931=CARTESIAN_POINT('',(3.4,0.,1.1));
#18932=CARTESIAN_POINT('',(3.4,0.,1.1));
#18933=CARTESIAN_POINT('',(3.4,0.,0.6));
#18934=CARTESIAN_POINT('',(3.4,0.,0.6));
#18935=CARTESIAN_POINT('',(3.2125,-6.7762635780344E-18,0.6));
#18936=CARTESIAN_POINT('',(3.2125,-1.0842021724855E-16,1.45));
#18937=CARTESIAN_POINT('',(3.2125,-1.0842021724855E-16,0.));
#18938=CARTESIAN_POINT('',(3.4,0.,0.));
#18939=CARTESIAN_POINT('',(3.4,0.,0.));
#18940=CARTESIAN_POINT('',(3.4,0.,0.));
#18941=CARTESIAN_POINT('',(3.4,0.,-0.55));
#18942=CARTESIAN_POINT('',(3.4,0.,-0.55));
#18943=CARTESIAN_POINT('',(3.2125,-6.7762635780344E-18,-0.55));
#18944=CARTESIAN_POINT('',(3.2125,-1.0842021724855E-16,1.45));
#18945=CARTESIAN_POINT('',(3.2125,-1.0842021724855E-16,-0.75));
#18946=CARTESIAN_POINT('',(0.,0.,-0.75));
#18947=CARTESIAN_POINT('',(2.7875,-1.35525271560688E-17,-0.75));
#18948=CARTESIAN_POINT('',(2.7875,-1.35525271560688E-17,1.45));
#18949=CARTESIAN_POINT('',(2.7875,-1.35525271560688E-17,-0.55));
#18950=CARTESIAN_POINT('',(3.4,0.,-0.55));
#18951=CARTESIAN_POINT('',(2.2125,-5.42101086242752E-17,-0.55));
#18952=CARTESIAN_POINT('',(2.2125,0.,1.45));
#18953=CARTESIAN_POINT('',(2.2125,0.,-0.75));
#18954=CARTESIAN_POINT('',(0.,0.,-0.75));
#18955=CARTESIAN_POINT('',(1.7875,-1.35525271560688E-17,-0.75));
#18956=CARTESIAN_POINT('',(1.7875,-1.35525271560688E-17,1.45));
#18957=CARTESIAN_POINT('',(1.7875,-1.35525271560688E-17,-0.55));
#18958=CARTESIAN_POINT('',(3.4,0.,-0.55));
#18959=CARTESIAN_POINT('',(1.2125,1.0842021724855E-16,-0.55));
#18960=CARTESIAN_POINT('',(1.2125,0.,1.45));
#18961=CARTESIAN_POINT('',(1.2125,0.,-0.75));
#18962=CARTESIAN_POINT('',(0.,0.,-0.75));
#18963=CARTESIAN_POINT('',(0.7875,0.,-0.75));
#18964=CARTESIAN_POINT('',(0.7875,0.,1.45));
#18965=CARTESIAN_POINT('',(0.7875,0.,-0.55));
#18966=CARTESIAN_POINT('',(3.4,0.,-0.55));
#18967=CARTESIAN_POINT('',(0.212499999999999,0.,-0.55));
#18968=CARTESIAN_POINT('',(0.2125,0.,1.45));
#18969=CARTESIAN_POINT('',(0.2125,0.,-0.75));
#18970=CARTESIAN_POINT('',(0.,0.,-0.75));
#18971=CARTESIAN_POINT('',(-0.2125,-1.35525271560688E-17,-0.75));
#18972=CARTESIAN_POINT('',(-0.2125,-1.35525271560688E-17,1.45));
#18973=CARTESIAN_POINT('',(-0.2125,-1.35525271560688E-17,-0.55));
#18974=CARTESIAN_POINT('',(3.4,0.,-0.55));
#18975=CARTESIAN_POINT('',(-0.7875,0.,-0.55));
#18976=CARTESIAN_POINT('',(-0.7875,0.,1.45));
#18977=CARTESIAN_POINT('',(-0.7875,0.,-0.75));
#18978=CARTESIAN_POINT('',(0.,0.,-0.75));
#18979=CARTESIAN_POINT('',(-1.2125,-1.35525271560688E-17,-0.75));
#18980=CARTESIAN_POINT('',(-1.2125,-1.35525271560688E-17,1.45));
#18981=CARTESIAN_POINT('',(-1.2125,-1.35525271560688E-17,-0.55));
#18982=CARTESIAN_POINT('',(3.4,0.,-0.55));
#18983=CARTESIAN_POINT('',(-1.7875,0.,-0.55));
#18984=CARTESIAN_POINT('',(-1.7875,0.,1.45));
#18985=CARTESIAN_POINT('',(-1.7875,0.,-0.75));
#18986=CARTESIAN_POINT('',(0.,0.,-0.75));
#18987=CARTESIAN_POINT('',(2.8875,4.25,-0.16));
#18988=CARTESIAN_POINT('',(3.1125,4.25,-0.16));
#18989=CARTESIAN_POINT('',(3.1125,1.25,-0.16));
#18990=CARTESIAN_POINT('',(3.1125,0.5,-0.16));
#18991=CARTESIAN_POINT('',(2.8875,0.5,-0.16));
#18992=CARTESIAN_POINT('',(2.8875,0.5,-0.16));
#18993=CARTESIAN_POINT('',(2.8875,4.25,-0.16));
#18994=CARTESIAN_POINT('',(2.8875,1.25,-0.16));
#18995=CARTESIAN_POINT('',(2.8875,1.25,-0.16));
#18996=CARTESIAN_POINT('',(3.1125,4.25,0.7));
#18997=CARTESIAN_POINT('',(3.1125,4.25,0.56));
#18998=CARTESIAN_POINT('',(3.1125,1.25,0.56));
#18999=CARTESIAN_POINT('',(3.1125,0.5,0.56));
#19000=CARTESIAN_POINT('',(3.1125,0.5,1.45));
#19001=CARTESIAN_POINT('',(3.1125,1.25,-0.16));
#19002=CARTESIAN_POINT('',(3.1125,1.25,-0.6));
#19003=CARTESIAN_POINT('',(3.1125,4.25,-0.6));
#19004=CARTESIAN_POINT('',(3.1125,0.5,-0.600000000000001));
#19005=CARTESIAN_POINT('',(3.1125,0.5,1.45));
#19006=CARTESIAN_POINT('',(3.1125,0.5,-0.75));
#19007=CARTESIAN_POINT('',(3.1125,0.0999999999999999,-0.75));
#19008=CARTESIAN_POINT('',(3.1125,0.0999999999999999,-0.75));
#19009=CARTESIAN_POINT('',(3.1125,0.0999999999999999,1.45));
#19010=CARTESIAN_POINT('',(3.1125,0.0999999999999999,-0.55));
#19011=CARTESIAN_POINT('',(3.1125,4.25,-0.55));
#19012=CARTESIAN_POINT('',(3.1125,0.2,-0.55));
#19013=CARTESIAN_POINT('',(3.1125,0.2,-0.16));
#19014=CARTESIAN_POINT('',(3.1125,0.2,0.));
#19015=CARTESIAN_POINT('',(3.1125,0.2,0.));
#19016=CARTESIAN_POINT('',(3.1125,0.0999999999999999,0.));
#19017=CARTESIAN_POINT('',(3.1125,0.0999999999999999,1.45));
#19018=CARTESIAN_POINT('',(3.1125,0.0999999999999999,0.6));
#19019=CARTESIAN_POINT('',(3.1125,4.25,0.6));
#19020=CARTESIAN_POINT('',(3.1125,0.2,0.6));
#19021=CARTESIAN_POINT('',(3.1125,0.2,0.7));
#19022=CARTESIAN_POINT('',(3.1125,0.2,0.7));
#19023=CARTESIAN_POINT('',(3.1125,4.25,0.7));
#19024=CARTESIAN_POINT('',(3.1125,1.25,0.7));
#19025=CARTESIAN_POINT('',(3.1125,1.25,0.7));
#19026=CARTESIAN_POINT('',(2.1125,4.25,-0.16));
#19027=CARTESIAN_POINT('',(2.1125,4.25,-0.6));
#19028=CARTESIAN_POINT('',(2.1125,1.25,-0.6));
#19029=CARTESIAN_POINT('',(2.1125,0.5,-0.600000000000001));
#19030=CARTESIAN_POINT('',(2.1125,0.5,1.45));
#19031=CARTESIAN_POINT('',(2.1125,0.5,-0.75));
#19032=CARTESIAN_POINT('',(2.1125,0.0999999999999999,-0.75));
#19033=CARTESIAN_POINT('',(2.1125,0.0999999999999999,-0.75));
#19034=CARTESIAN_POINT('',(2.1125,0.0999999999999999,1.45));
#19035=CARTESIAN_POINT('',(2.1125,0.0999999999999999,-0.55));
#19036=CARTESIAN_POINT('',(2.1125,4.25,-0.55));
#19037=CARTESIAN_POINT('',(2.1125,0.2,-0.55));
#19038=CARTESIAN_POINT('',(2.1125,0.2,-0.16));
#19039=CARTESIAN_POINT('',(2.1125,0.2,0.));
#19040=CARTESIAN_POINT('',(2.1125,0.2,0.));
#19041=CARTESIAN_POINT('',(2.1125,0.0999999999999999,0.));
#19042=CARTESIAN_POINT('',(2.1125,0.0999999999999999,1.45));
#19043=CARTESIAN_POINT('',(2.1125,0.0999999999999999,0.6));
#19044=CARTESIAN_POINT('',(2.1125,4.25,0.6));
#19045=CARTESIAN_POINT('',(2.1125,0.2,0.6));
#19046=CARTESIAN_POINT('',(2.1125,0.2,1.1));
#19047=CARTESIAN_POINT('',(2.1125,0.2,1.1));
#19048=CARTESIAN_POINT('',(2.1125,4.25,1.1));
#19049=CARTESIAN_POINT('',(2.1125,0.0999999999999999,1.1));
#19050=CARTESIAN_POINT('',(2.1125,0.0999999999999999,1.45));
#19051=CARTESIAN_POINT('',(2.1125,0.0999999999999999,1.35));
#19052=CARTESIAN_POINT('',(2.1125,0.,1.35));
#19053=CARTESIAN_POINT('',(2.1125,0.5,1.35));
#19054=CARTESIAN_POINT('',(2.1125,0.5,1.45));
#19055=CARTESIAN_POINT('',(2.1125,0.5,1.1));
#19056=CARTESIAN_POINT('',(2.1125,4.25,1.1));
#19057=CARTESIAN_POINT('',(2.1125,1.25,1.1));
#19058=CARTESIAN_POINT('',(2.1125,1.25,1.1));
#19059=CARTESIAN_POINT('',(2.1125,1.25,0.56));
#19060=CARTESIAN_POINT('',(2.1125,4.25,0.56));
#19061=CARTESIAN_POINT('',(2.1125,0.5,0.56));
#19062=CARTESIAN_POINT('',(2.1125,0.5,1.45));
#19063=CARTESIAN_POINT('',(2.1125,0.5,-0.16));
#19064=CARTESIAN_POINT('',(2.1125,4.25,-0.16));
#19065=CARTESIAN_POINT('',(2.1125,1.25,-0.16));
#19066=CARTESIAN_POINT('',(2.1125,1.25,-0.16));
#19067=CARTESIAN_POINT('',(1.8875,4.25,-0.16));
#19068=CARTESIAN_POINT('',(1.8875,0.5,-0.16));
#19069=CARTESIAN_POINT('',(1.8875,0.5,-0.16));
#19070=CARTESIAN_POINT('',(1.8875,4.25,-0.16));
#19071=CARTESIAN_POINT('',(1.8875,1.25,-0.16));
#19072=CARTESIAN_POINT('',(1.8875,1.25,-0.16));
#19073=CARTESIAN_POINT('',(1.1125,4.25,-0.16));
#19074=CARTESIAN_POINT('',(1.1125,4.25,-0.6));
#19075=CARTESIAN_POINT('',(1.1125,1.25,-0.6));
#19076=CARTESIAN_POINT('',(1.1125,0.5,-0.600000000000001));
#19077=CARTESIAN_POINT('',(1.1125,0.5,1.45));
#19078=CARTESIAN_POINT('',(1.1125,0.5,-0.75));
#19079=CARTESIAN_POINT('',(1.1125,0.0999999999999999,-0.75));
#19080=CARTESIAN_POINT('',(1.1125,0.0999999999999999,-0.75));
#19081=CARTESIAN_POINT('',(1.1125,0.0999999999999999,1.45));
#19082=CARTESIAN_POINT('',(1.1125,0.0999999999999999,-0.55));
#19083=CARTESIAN_POINT('',(1.1125,4.25,-0.55));
#19084=CARTESIAN_POINT('',(1.1125,0.2,-0.55));
#19085=CARTESIAN_POINT('',(1.1125,0.2,-0.16));
#19086=CARTESIAN_POINT('',(1.1125,0.2,0.));
#19087=CARTESIAN_POINT('',(1.1125,0.2,0.));
#19088=CARTESIAN_POINT('',(1.1125,0.0999999999999999,0.));
#19089=CARTESIAN_POINT('',(1.1125,0.0999999999999999,1.45));
#19090=CARTESIAN_POINT('',(1.1125,0.0999999999999999,0.6));
#19091=CARTESIAN_POINT('',(1.1125,4.25,0.6));
#19092=CARTESIAN_POINT('',(1.1125,0.2,0.6));
#19093=CARTESIAN_POINT('',(1.1125,0.2,1.1));
#19094=CARTESIAN_POINT('',(1.1125,0.2,1.1));
#19095=CARTESIAN_POINT('',(1.1125,4.25,1.1));
#19096=CARTESIAN_POINT('',(1.1125,0.0999999999999999,1.1));
#19097=CARTESIAN_POINT('',(1.1125,0.0999999999999999,1.45));
#19098=CARTESIAN_POINT('',(1.1125,0.0999999999999999,1.35));
#19099=CARTESIAN_POINT('',(1.1125,0.,1.35));
#19100=CARTESIAN_POINT('',(1.1125,0.5,1.35));
#19101=CARTESIAN_POINT('',(1.1125,0.5,1.45));
#19102=CARTESIAN_POINT('',(1.1125,0.5,1.1));
#19103=CARTESIAN_POINT('',(1.1125,4.25,1.1));
#19104=CARTESIAN_POINT('',(1.1125,1.25,1.1));
#19105=CARTESIAN_POINT('',(1.1125,1.25,1.1));
#19106=CARTESIAN_POINT('',(1.1125,1.25,0.56));
#19107=CARTESIAN_POINT('',(1.1125,4.25,0.56));
#19108=CARTESIAN_POINT('',(1.1125,0.5,0.56));
#19109=CARTESIAN_POINT('',(1.1125,0.5,1.45));
#19110=CARTESIAN_POINT('',(1.1125,0.5,-0.16));
#19111=CARTESIAN_POINT('',(1.1125,4.25,-0.16));
#19112=CARTESIAN_POINT('',(1.1125,1.25,-0.16));
#19113=CARTESIAN_POINT('',(1.1125,1.25,-0.16));
#19114=CARTESIAN_POINT('',(0.8875,4.25,-0.16));
#19115=CARTESIAN_POINT('',(0.8875,0.5,-0.16));
#19116=CARTESIAN_POINT('',(0.8875,0.5,-0.16));
#19117=CARTESIAN_POINT('',(0.8875,4.25,-0.16));
#19118=CARTESIAN_POINT('',(0.8875,1.25,-0.16));
#19119=CARTESIAN_POINT('',(0.8875,1.25,-0.16));
#19120=CARTESIAN_POINT('',(0.1125,4.25,-0.16));
#19121=CARTESIAN_POINT('',(0.1125,4.25,-0.6));
#19122=CARTESIAN_POINT('',(0.1125,1.25,-0.6));
#19123=CARTESIAN_POINT('',(0.1125,0.5,-0.600000000000001));
#19124=CARTESIAN_POINT('',(0.1125,0.5,1.45));
#19125=CARTESIAN_POINT('',(0.1125,0.5,-0.75));
#19126=CARTESIAN_POINT('',(0.1125,0.0999999999999999,-0.75));
#19127=CARTESIAN_POINT('',(0.1125,0.0999999999999999,-0.75));
#19128=CARTESIAN_POINT('',(0.1125,0.0999999999999999,1.45));
#19129=CARTESIAN_POINT('',(0.1125,0.0999999999999999,-0.55));
#19130=CARTESIAN_POINT('',(0.1125,4.25,-0.55));
#19131=CARTESIAN_POINT('',(0.1125,0.2,-0.55));
#19132=CARTESIAN_POINT('',(0.1125,0.2,-0.16));
#19133=CARTESIAN_POINT('',(0.1125,0.2,0.));
#19134=CARTESIAN_POINT('',(0.1125,0.2,0.));
#19135=CARTESIAN_POINT('',(0.1125,0.0999999999999999,0.));
#19136=CARTESIAN_POINT('',(0.1125,0.0999999999999999,1.45));
#19137=CARTESIAN_POINT('',(0.1125,0.0999999999999999,0.6));
#19138=CARTESIAN_POINT('',(0.1125,4.25,0.6));
#19139=CARTESIAN_POINT('',(0.1125,0.2,0.6));
#19140=CARTESIAN_POINT('',(0.1125,0.2,1.1));
#19141=CARTESIAN_POINT('',(0.1125,0.2,1.1));
#19142=CARTESIAN_POINT('',(0.1125,4.25,1.1));
#19143=CARTESIAN_POINT('',(0.1125,0.0999999999999999,1.1));
#19144=CARTESIAN_POINT('',(0.1125,0.0999999999999999,1.45));
#19145=CARTESIAN_POINT('',(0.1125,0.0999999999999999,1.35));
#19146=CARTESIAN_POINT('',(0.1125,0.,1.35));
#19147=CARTESIAN_POINT('',(0.1125,0.5,1.35));
#19148=CARTESIAN_POINT('',(0.1125,0.5,1.45));
#19149=CARTESIAN_POINT('',(0.1125,0.5,1.1));
#19150=CARTESIAN_POINT('',(0.1125,4.25,1.1));
#19151=CARTESIAN_POINT('',(0.1125,1.25,1.1));
#19152=CARTESIAN_POINT('',(0.1125,1.25,1.1));
#19153=CARTESIAN_POINT('',(0.1125,1.25,0.56));
#19154=CARTESIAN_POINT('',(0.1125,4.25,0.56));
#19155=CARTESIAN_POINT('',(0.1125,0.5,0.56));
#19156=CARTESIAN_POINT('',(0.1125,0.5,1.45));
#19157=CARTESIAN_POINT('',(0.1125,0.5,-0.16));
#19158=CARTESIAN_POINT('',(0.1125,4.25,-0.16));
#19159=CARTESIAN_POINT('',(0.1125,1.25,-0.16));
#19160=CARTESIAN_POINT('',(0.1125,1.25,-0.16));
#19161=CARTESIAN_POINT('',(-0.1125,4.25,-0.16));
#19162=CARTESIAN_POINT('',(-0.1125,0.5,-0.16));
#19163=CARTESIAN_POINT('',(-0.1125,0.5,-0.16));
#19164=CARTESIAN_POINT('',(-0.1125,4.25,-0.16));
#19165=CARTESIAN_POINT('',(-0.1125,1.25,-0.16));
#19166=CARTESIAN_POINT('',(-0.1125,1.25,-0.16));
#19167=CARTESIAN_POINT('',(-0.8875,4.25,-0.16));
#19168=CARTESIAN_POINT('',(-0.8875,4.25,-0.6));
#19169=CARTESIAN_POINT('',(-0.8875,1.25,-0.6));
#19170=CARTESIAN_POINT('',(-0.8875,0.5,-0.600000000000001));
#19171=CARTESIAN_POINT('',(-0.8875,0.5,1.45));
#19172=CARTESIAN_POINT('',(-0.8875,0.5,-0.75));
#19173=CARTESIAN_POINT('',(-0.8875,0.0999999999999999,-0.75));
#19174=CARTESIAN_POINT('',(-0.8875,0.0999999999999999,-0.75));
#19175=CARTESIAN_POINT('',(-0.8875,0.0999999999999999,1.45));
#19176=CARTESIAN_POINT('',(-0.8875,0.0999999999999999,-0.55));
#19177=CARTESIAN_POINT('',(-0.8875,4.25,-0.55));
#19178=CARTESIAN_POINT('',(-0.8875,0.2,-0.55));
#19179=CARTESIAN_POINT('',(-0.8875,0.2,-0.16));
#19180=CARTESIAN_POINT('',(-0.8875,0.2,0.));
#19181=CARTESIAN_POINT('',(-0.8875,0.2,0.));
#19182=CARTESIAN_POINT('',(-0.8875,0.0999999999999999,0.));
#19183=CARTESIAN_POINT('',(-0.8875,0.0999999999999999,1.45));
#19184=CARTESIAN_POINT('',(-0.8875,0.0999999999999999,0.6));
#19185=CARTESIAN_POINT('',(-0.8875,4.25,0.6));
#19186=CARTESIAN_POINT('',(-0.8875,0.2,0.6));
#19187=CARTESIAN_POINT('',(-0.8875,0.2,1.1));
#19188=CARTESIAN_POINT('',(-0.8875,0.2,1.1));
#19189=CARTESIAN_POINT('',(-0.8875,4.25,1.1));
#19190=CARTESIAN_POINT('',(-0.8875,0.0999999999999999,1.1));
#19191=CARTESIAN_POINT('',(-0.8875,0.0999999999999999,1.45));
#19192=CARTESIAN_POINT('',(-0.8875,0.0999999999999999,1.35));
#19193=CARTESIAN_POINT('',(-0.8875,0.,1.35));
#19194=CARTESIAN_POINT('',(-0.8875,0.5,1.35));
#19195=CARTESIAN_POINT('',(-0.8875,0.5,1.45));
#19196=CARTESIAN_POINT('',(-0.8875,0.5,1.1));
#19197=CARTESIAN_POINT('',(-0.8875,4.25,1.1));
#19198=CARTESIAN_POINT('',(-0.8875,1.25,1.1));
#19199=CARTESIAN_POINT('',(-0.8875,1.25,1.1));
#19200=CARTESIAN_POINT('',(-0.8875,1.25,0.56));
#19201=CARTESIAN_POINT('',(-0.8875,4.25,0.56));
#19202=CARTESIAN_POINT('',(-0.8875,0.5,0.56));
#19203=CARTESIAN_POINT('',(-0.8875,0.5,1.45));
#19204=CARTESIAN_POINT('',(-0.8875,0.5,-0.16));
#19205=CARTESIAN_POINT('',(-0.8875,4.25,-0.16));
#19206=CARTESIAN_POINT('',(-0.8875,1.25,-0.16));
#19207=CARTESIAN_POINT('',(-0.8875,1.25,-0.16));
#19208=CARTESIAN_POINT('',(-1.1125,4.25,-0.16));
#19209=CARTESIAN_POINT('',(-1.1125,0.5,-0.16));
#19210=CARTESIAN_POINT('',(-1.1125,0.5,-0.16));
#19211=CARTESIAN_POINT('',(-1.1125,4.25,-0.16));
#19212=CARTESIAN_POINT('',(-1.1125,1.25,-0.16));
#19213=CARTESIAN_POINT('',(-1.1125,1.25,-0.16));
#19214=CARTESIAN_POINT('',(-1.8875,4.25,-0.16));
#19215=CARTESIAN_POINT('',(-1.8875,4.25,-0.6));
#19216=CARTESIAN_POINT('',(-1.8875,1.25,-0.6));
#19217=CARTESIAN_POINT('',(-1.8875,0.5,-0.600000000000001));
#19218=CARTESIAN_POINT('',(-1.8875,0.5,1.45));
#19219=CARTESIAN_POINT('',(-1.8875,0.5,-0.75));
#19220=CARTESIAN_POINT('',(-1.8875,0.0999999999999999,-0.75));
#19221=CARTESIAN_POINT('',(-1.8875,0.0999999999999999,-0.75));
#19222=CARTESIAN_POINT('',(-1.8875,0.0999999999999999,1.45));
#19223=CARTESIAN_POINT('',(-1.8875,0.0999999999999999,-0.55));
#19224=CARTESIAN_POINT('',(-1.8875,4.25,-0.55));
#19225=CARTESIAN_POINT('',(-1.8875,0.2,-0.55));
#19226=CARTESIAN_POINT('',(-1.8875,0.2,-0.16));
#19227=CARTESIAN_POINT('',(-1.8875,0.2,0.));
#19228=CARTESIAN_POINT('',(-1.8875,0.2,0.));
#19229=CARTESIAN_POINT('',(-1.8875,0.0999999999999999,0.));
#19230=CARTESIAN_POINT('',(-1.8875,0.0999999999999999,1.45));
#19231=CARTESIAN_POINT('',(-1.8875,0.0999999999999999,0.6));
#19232=CARTESIAN_POINT('',(-1.8875,4.25,0.6));
#19233=CARTESIAN_POINT('',(-1.8875,0.2,0.6));
#19234=CARTESIAN_POINT('',(-1.8875,0.2,1.1));
#19235=CARTESIAN_POINT('',(-1.8875,0.2,1.1));
#19236=CARTESIAN_POINT('',(-1.8875,4.25,1.1));
#19237=CARTESIAN_POINT('',(-1.8875,0.0999999999999999,1.1));
#19238=CARTESIAN_POINT('',(-1.8875,0.0999999999999999,1.45));
#19239=CARTESIAN_POINT('',(-1.8875,0.0999999999999999,1.35));
#19240=CARTESIAN_POINT('',(-1.8875,0.,1.35));
#19241=CARTESIAN_POINT('',(-1.8875,0.5,1.35));
#19242=CARTESIAN_POINT('',(-1.8875,0.5,1.45));
#19243=CARTESIAN_POINT('',(-1.8875,0.5,1.1));
#19244=CARTESIAN_POINT('',(-1.8875,4.25,1.1));
#19245=CARTESIAN_POINT('',(-1.8875,1.25,1.1));
#19246=CARTESIAN_POINT('',(-1.8875,1.25,1.1));
#19247=CARTESIAN_POINT('',(-1.8875,1.25,0.56));
#19248=CARTESIAN_POINT('',(-1.8875,4.25,0.56));
#19249=CARTESIAN_POINT('',(-1.8875,0.5,0.56));
#19250=CARTESIAN_POINT('',(-1.8875,0.5,1.45));
#19251=CARTESIAN_POINT('',(-1.8875,0.5,-0.16));
#19252=CARTESIAN_POINT('',(-1.8875,4.25,-0.16));
#19253=CARTESIAN_POINT('',(-1.8875,1.25,-0.16));
#19254=CARTESIAN_POINT('',(-1.8875,1.25,-0.16));
#19255=CARTESIAN_POINT('',(-2.1125,4.25,-0.16));
#19256=CARTESIAN_POINT('',(-2.1125,0.5,-0.16));
#19257=CARTESIAN_POINT('',(-2.1125,0.5,-0.16));
#19258=CARTESIAN_POINT('',(-2.1125,4.25,-0.16));
#19259=CARTESIAN_POINT('',(-2.1125,1.25,-0.16));
#19260=CARTESIAN_POINT('',(-2.1125,1.25,-0.16));
#19261=CARTESIAN_POINT('',(-3.1125,4.25,-0.16));
#19262=CARTESIAN_POINT('',(-2.8875,4.25,-0.16));
#19263=CARTESIAN_POINT('',(-2.8875,1.25,-0.16));
#19264=CARTESIAN_POINT('',(-2.8875,0.5,-0.16));
#19265=CARTESIAN_POINT('',(-3.1125,0.5,-0.16));
#19266=CARTESIAN_POINT('',(-3.1125,0.5,-0.16));
#19267=CARTESIAN_POINT('',(-3.1125,4.25,-0.16));
#19268=CARTESIAN_POINT('',(-3.1125,1.25,-0.16));
#19269=CARTESIAN_POINT('',(-3.1125,1.25,-0.16));
#19270=CARTESIAN_POINT('',(-2.8875,4.25,0.7));
#19271=CARTESIAN_POINT('',(-2.8875,4.25,0.56));
#19272=CARTESIAN_POINT('',(-2.8875,1.25,0.56));
#19273=CARTESIAN_POINT('',(-2.8875,0.5,0.56));
#19274=CARTESIAN_POINT('',(-2.8875,0.5,1.45));
#19275=CARTESIAN_POINT('',(-2.8875,1.25,-0.16));
#19276=CARTESIAN_POINT('',(-2.8875,1.25,-0.6));
#19277=CARTESIAN_POINT('',(-2.8875,4.25,-0.6));
#19278=CARTESIAN_POINT('',(-2.8875,0.5,-0.600000000000001));
#19279=CARTESIAN_POINT('',(-2.8875,0.5,1.45));
#19280=CARTESIAN_POINT('',(-2.8875,0.5,-0.75));
#19281=CARTESIAN_POINT('',(-2.8875,0.1,-0.75));
#19282=CARTESIAN_POINT('',(-2.8875,0.1,-0.75));
#19283=CARTESIAN_POINT('',(-2.8875,0.1,1.45));
#19284=CARTESIAN_POINT('',(-2.8875,0.1,-0.55));
#19285=CARTESIAN_POINT('',(-2.8875,4.25,-0.55));
#19286=CARTESIAN_POINT('',(-2.8875,0.2,-0.55));
#19287=CARTESIAN_POINT('',(-2.8875,0.2,-0.16));
#19288=CARTESIAN_POINT('',(-2.8875,0.2,0.));
#19289=CARTESIAN_POINT('',(-2.8875,0.2,0.));
#19290=CARTESIAN_POINT('',(-2.8875,0.1,0.));
#19291=CARTESIAN_POINT('',(-2.8875,0.1,1.45));
#19292=CARTESIAN_POINT('',(-2.8875,0.1,0.6));
#19293=CARTESIAN_POINT('',(-2.8875,4.25,0.6));
#19294=CARTESIAN_POINT('',(-2.8875,0.2,0.6));
#19295=CARTESIAN_POINT('',(-2.8875,0.2,0.7));
#19296=CARTESIAN_POINT('',(-2.8875,0.2,0.7));
#19297=CARTESIAN_POINT('',(-2.8875,4.25,0.7));
#19298=CARTESIAN_POINT('',(-2.8875,1.25,0.7));
#19299=CARTESIAN_POINT('',(-2.8875,1.25,0.7));
#19300=CARTESIAN_POINT('',(2.8875,4.25,-0.6));
#19301=CARTESIAN_POINT('',(2.8875,0.5,1.45));
#19302=CARTESIAN_POINT('',(2.8875,0.5,-0.600000000000001));
#19303=CARTESIAN_POINT('',(2.8875,0.5,-0.75));
#19304=CARTESIAN_POINT('',(2.8875,4.25,-0.6));
#19305=CARTESIAN_POINT('',(2.8875,1.25,-0.6));
#19306=CARTESIAN_POINT('',(2.8875,1.25,-0.6));
#19307=CARTESIAN_POINT('',(2.8875,0.5,1.45));
#19308=CARTESIAN_POINT('',(2.8875,0.5,0.56));
#19309=CARTESIAN_POINT('',(2.8875,4.25,0.56));
#19310=CARTESIAN_POINT('',(2.8875,1.25,0.56));
#19311=CARTESIAN_POINT('',(2.8875,1.25,0.56));
#19312=CARTESIAN_POINT('',(2.8875,1.25,0.7));
#19313=CARTESIAN_POINT('',(2.8875,4.25,0.7));
#19314=CARTESIAN_POINT('',(2.8875,0.2,0.7));
#19315=CARTESIAN_POINT('',(2.8875,0.2,0.56));
#19316=CARTESIAN_POINT('',(2.8875,0.2,0.6));
#19317=CARTESIAN_POINT('',(2.8875,4.25,0.6));
#19318=CARTESIAN_POINT('',(2.8875,0.0999999999999999,0.6));
#19319=CARTESIAN_POINT('',(2.8875,0.0999999999999999,1.45));
#19320=CARTESIAN_POINT('',(2.8875,0.0999999999999999,0.));
#19321=CARTESIAN_POINT('',(2.8875,0.2,0.));
#19322=CARTESIAN_POINT('',(2.8875,0.2,0.));
#19323=CARTESIAN_POINT('',(2.8875,0.2,-0.6));
#19324=CARTESIAN_POINT('',(2.8875,0.2,-0.55));
#19325=CARTESIAN_POINT('',(2.8875,4.25,-0.55));
#19326=CARTESIAN_POINT('',(2.8875,0.0999999999999999,-0.55));
#19327=CARTESIAN_POINT('',(2.8875,0.0999999999999999,1.45));
#19328=CARTESIAN_POINT('',(2.8875,0.0999999999999999,-0.75));
#19329=CARTESIAN_POINT('',(2.8875,0.5,-0.75));
#19330=CARTESIAN_POINT('',(1.8875,4.25,-0.6));
#19331=CARTESIAN_POINT('',(1.8875,0.5,1.45));
#19332=CARTESIAN_POINT('',(1.8875,0.5,-0.600000000000001));
#19333=CARTESIAN_POINT('',(1.8875,0.5,-0.75));
#19334=CARTESIAN_POINT('',(1.8875,4.25,-0.6));
#19335=CARTESIAN_POINT('',(1.8875,1.25,-0.6));
#19336=CARTESIAN_POINT('',(1.8875,1.25,-0.6));
#19337=CARTESIAN_POINT('',(1.8875,0.5,1.45));
#19338=CARTESIAN_POINT('',(1.8875,0.5,0.56));
#19339=CARTESIAN_POINT('',(1.8875,4.25,0.56));
#19340=CARTESIAN_POINT('',(1.8875,1.25,0.56));
#19341=CARTESIAN_POINT('',(1.8875,1.25,0.56));
#19342=CARTESIAN_POINT('',(1.8875,1.25,1.1));
#19343=CARTESIAN_POINT('',(1.8875,4.25,1.1));
#19344=CARTESIAN_POINT('',(1.8875,0.5,1.1));
#19345=CARTESIAN_POINT('',(1.8875,0.5,1.45));
#19346=CARTESIAN_POINT('',(1.8875,0.5,1.35));
#19347=CARTESIAN_POINT('',(1.8875,0.,1.35));
#19348=CARTESIAN_POINT('',(1.8875,0.0999999999999999,1.35));
#19349=CARTESIAN_POINT('',(1.8875,0.0999999999999999,1.45));
#19350=CARTESIAN_POINT('',(1.8875,0.0999999999999999,1.1));
#19351=CARTESIAN_POINT('',(1.8875,4.25,1.1));
#19352=CARTESIAN_POINT('',(1.8875,0.2,1.1));
#19353=CARTESIAN_POINT('',(1.8875,0.2,0.56));
#19354=CARTESIAN_POINT('',(1.8875,0.2,0.6));
#19355=CARTESIAN_POINT('',(1.8875,4.25,0.6));
#19356=CARTESIAN_POINT('',(1.8875,0.0999999999999999,0.6));
#19357=CARTESIAN_POINT('',(1.8875,0.0999999999999999,1.45));
#19358=CARTESIAN_POINT('',(1.8875,0.0999999999999999,0.));
#19359=CARTESIAN_POINT('',(1.8875,0.2,0.));
#19360=CARTESIAN_POINT('',(1.8875,0.2,0.));
#19361=CARTESIAN_POINT('',(1.8875,0.2,-0.6));
#19362=CARTESIAN_POINT('',(1.8875,0.2,-0.55));
#19363=CARTESIAN_POINT('',(1.8875,4.25,-0.55));
#19364=CARTESIAN_POINT('',(1.8875,0.0999999999999999,-0.55));
#19365=CARTESIAN_POINT('',(1.8875,0.0999999999999999,1.45));
#19366=CARTESIAN_POINT('',(1.8875,0.0999999999999999,-0.75));
#19367=CARTESIAN_POINT('',(1.8875,0.5,-0.75));
#19368=CARTESIAN_POINT('',(0.8875,4.25,-0.6));
#19369=CARTESIAN_POINT('',(0.8875,0.5,1.45));
#19370=CARTESIAN_POINT('',(0.8875,0.5,-0.600000000000001));
#19371=CARTESIAN_POINT('',(0.8875,0.5,-0.75));
#19372=CARTESIAN_POINT('',(0.8875,4.25,-0.6));
#19373=CARTESIAN_POINT('',(0.8875,1.25,-0.6));
#19374=CARTESIAN_POINT('',(0.8875,1.25,-0.6));
#19375=CARTESIAN_POINT('',(0.8875,0.5,1.45));
#19376=CARTESIAN_POINT('',(0.8875,0.5,0.56));
#19377=CARTESIAN_POINT('',(0.8875,4.25,0.56));
#19378=CARTESIAN_POINT('',(0.8875,1.25,0.56));
#19379=CARTESIAN_POINT('',(0.8875,1.25,0.56));
#19380=CARTESIAN_POINT('',(0.8875,1.25,1.1));
#19381=CARTESIAN_POINT('',(0.8875,4.25,1.1));
#19382=CARTESIAN_POINT('',(0.8875,0.5,1.1));
#19383=CARTESIAN_POINT('',(0.8875,0.5,1.45));
#19384=CARTESIAN_POINT('',(0.8875,0.5,1.35));
#19385=CARTESIAN_POINT('',(0.8875,0.,1.35));
#19386=CARTESIAN_POINT('',(0.8875,0.0999999999999999,1.35));
#19387=CARTESIAN_POINT('',(0.8875,0.0999999999999999,1.45));
#19388=CARTESIAN_POINT('',(0.8875,0.0999999999999999,1.1));
#19389=CARTESIAN_POINT('',(0.887499999999999,4.25,1.1));
#19390=CARTESIAN_POINT('',(0.8875,0.2,1.1));
#19391=CARTESIAN_POINT('',(0.8875,0.2,0.56));
#19392=CARTESIAN_POINT('',(0.8875,0.2,0.6));
#19393=CARTESIAN_POINT('',(0.8875,4.25,0.6));
#19394=CARTESIAN_POINT('',(0.8875,0.0999999999999999,0.6));
#19395=CARTESIAN_POINT('',(0.8875,0.0999999999999999,1.45));
#19396=CARTESIAN_POINT('',(0.8875,0.0999999999999999,0.));
#19397=CARTESIAN_POINT('',(0.8875,0.2,0.));
#19398=CARTESIAN_POINT('',(0.8875,0.2,0.));
#19399=CARTESIAN_POINT('',(0.8875,0.2,-0.6));
#19400=CARTESIAN_POINT('',(0.8875,0.2,-0.55));
#19401=CARTESIAN_POINT('',(0.8875,4.25,-0.55));
#19402=CARTESIAN_POINT('',(0.8875,0.0999999999999999,-0.55));
#19403=CARTESIAN_POINT('',(0.8875,0.0999999999999999,1.45));
#19404=CARTESIAN_POINT('',(0.8875,0.0999999999999999,-0.75));
#19405=CARTESIAN_POINT('',(0.8875,0.5,-0.75));
#19406=CARTESIAN_POINT('',(-0.1125,4.25,-0.6));
#19407=CARTESIAN_POINT('',(-0.1125,0.5,1.45));
#19408=CARTESIAN_POINT('',(-0.1125,0.5,-0.600000000000001));
#19409=CARTESIAN_POINT('',(-0.1125,0.5,-0.75));
#19410=CARTESIAN_POINT('',(-0.1125,4.25,-0.6));
#19411=CARTESIAN_POINT('',(-0.1125,1.25,-0.6));
#19412=CARTESIAN_POINT('',(-0.1125,1.25,-0.6));
#19413=CARTESIAN_POINT('',(-0.1125,0.5,1.45));
#19414=CARTESIAN_POINT('',(-0.1125,0.5,0.56));
#19415=CARTESIAN_POINT('',(-0.1125,4.25,0.56));
#19416=CARTESIAN_POINT('',(-0.1125,1.25,0.56));
#19417=CARTESIAN_POINT('',(-0.1125,1.25,0.56));
#19418=CARTESIAN_POINT('',(-0.1125,1.25,1.1));
#19419=CARTESIAN_POINT('',(-0.1125,4.25,1.1));
#19420=CARTESIAN_POINT('',(-0.1125,0.5,1.1));
#19421=CARTESIAN_POINT('',(-0.1125,0.5,1.45));
#19422=CARTESIAN_POINT('',(-0.1125,0.5,1.35));
#19423=CARTESIAN_POINT('',(-0.1125,0.,1.35));
#19424=CARTESIAN_POINT('',(-0.1125,0.0999999999999999,1.35));
#19425=CARTESIAN_POINT('',(-0.1125,0.0999999999999999,1.45));
#19426=CARTESIAN_POINT('',(-0.1125,0.0999999999999999,1.1));
#19427=CARTESIAN_POINT('',(-0.1125,4.25,1.1));
#19428=CARTESIAN_POINT('',(-0.1125,0.2,1.1));
#19429=CARTESIAN_POINT('',(-0.1125,0.2,0.56));
#19430=CARTESIAN_POINT('',(-0.1125,0.2,0.6));
#19431=CARTESIAN_POINT('',(-0.1125,4.25,0.6));
#19432=CARTESIAN_POINT('',(-0.1125,0.0999999999999999,0.6));
#19433=CARTESIAN_POINT('',(-0.1125,0.0999999999999999,1.45));
#19434=CARTESIAN_POINT('',(-0.1125,0.0999999999999999,0.));
#19435=CARTESIAN_POINT('',(-0.1125,0.2,0.));
#19436=CARTESIAN_POINT('',(-0.1125,0.2,0.));
#19437=CARTESIAN_POINT('',(-0.1125,0.2,-0.6));
#19438=CARTESIAN_POINT('',(-0.1125,0.2,-0.55));
#19439=CARTESIAN_POINT('',(-0.1125,4.25,-0.55));
#19440=CARTESIAN_POINT('',(-0.1125,0.0999999999999999,-0.55));
#19441=CARTESIAN_POINT('',(-0.1125,0.0999999999999999,1.45));
#19442=CARTESIAN_POINT('',(-0.1125,0.0999999999999999,-0.75));
#19443=CARTESIAN_POINT('',(-0.1125,0.5,-0.75));
#19444=CARTESIAN_POINT('',(-1.1125,4.25,-0.6));
#19445=CARTESIAN_POINT('',(-1.1125,0.5,1.45));
#19446=CARTESIAN_POINT('',(-1.1125,0.5,-0.600000000000001));
#19447=CARTESIAN_POINT('',(-1.1125,0.5,-0.75));
#19448=CARTESIAN_POINT('',(-1.1125,4.25,-0.6));
#19449=CARTESIAN_POINT('',(-1.1125,1.25,-0.6));
#19450=CARTESIAN_POINT('',(-1.1125,1.25,-0.6));
#19451=CARTESIAN_POINT('',(-1.1125,0.5,1.45));
#19452=CARTESIAN_POINT('',(-1.1125,0.5,0.56));
#19453=CARTESIAN_POINT('',(-1.1125,4.25,0.56));
#19454=CARTESIAN_POINT('',(-1.1125,1.25,0.56));
#19455=CARTESIAN_POINT('',(-1.1125,1.25,0.56));
#19456=CARTESIAN_POINT('',(-1.1125,1.25,1.1));
#19457=CARTESIAN_POINT('',(-1.1125,4.25,1.1));
#19458=CARTESIAN_POINT('',(-1.1125,0.5,1.1));
#19459=CARTESIAN_POINT('',(-1.1125,0.5,1.45));
#19460=CARTESIAN_POINT('',(-1.1125,0.5,1.35));
#19461=CARTESIAN_POINT('',(-1.1125,0.,1.35));
#19462=CARTESIAN_POINT('',(-1.1125,0.0999999999999999,1.35));
#19463=CARTESIAN_POINT('',(-1.1125,0.0999999999999999,1.45));
#19464=CARTESIAN_POINT('',(-1.1125,0.0999999999999999,1.1));
#19465=CARTESIAN_POINT('',(-1.1125,4.25,1.1));
#19466=CARTESIAN_POINT('',(-1.1125,0.2,1.1));
#19467=CARTESIAN_POINT('',(-1.1125,0.2,0.56));
#19468=CARTESIAN_POINT('',(-1.1125,0.2,0.6));
#19469=CARTESIAN_POINT('',(-1.1125,4.25,0.6));
#19470=CARTESIAN_POINT('',(-1.1125,0.0999999999999999,0.6));
#19471=CARTESIAN_POINT('',(-1.1125,0.0999999999999999,1.45));
#19472=CARTESIAN_POINT('',(-1.1125,0.0999999999999999,0.));
#19473=CARTESIAN_POINT('',(-1.1125,0.2,0.));
#19474=CARTESIAN_POINT('',(-1.1125,0.2,0.));
#19475=CARTESIAN_POINT('',(-1.1125,0.2,-0.6));
#19476=CARTESIAN_POINT('',(-1.1125,0.2,-0.55));
#19477=CARTESIAN_POINT('',(-1.1125,4.25,-0.55));
#19478=CARTESIAN_POINT('',(-1.1125,0.0999999999999999,-0.55));
#19479=CARTESIAN_POINT('',(-1.1125,0.0999999999999999,1.45));
#19480=CARTESIAN_POINT('',(-1.1125,0.0999999999999999,-0.75));
#19481=CARTESIAN_POINT('',(-1.1125,0.5,-0.75));
#19482=CARTESIAN_POINT('',(-2.1125,4.25,-0.6));
#19483=CARTESIAN_POINT('',(-2.1125,0.5,1.45));
#19484=CARTESIAN_POINT('',(-2.1125,0.5,-0.600000000000001));
#19485=CARTESIAN_POINT('',(-2.1125,0.5,-0.75));
#19486=CARTESIAN_POINT('',(-2.1125,4.25,-0.6));
#19487=CARTESIAN_POINT('',(-2.1125,1.25,-0.6));
#19488=CARTESIAN_POINT('',(-2.1125,1.25,-0.6));
#19489=CARTESIAN_POINT('',(-2.1125,0.5,1.45));
#19490=CARTESIAN_POINT('',(-2.1125,0.5,0.56));
#19491=CARTESIAN_POINT('',(-2.1125,4.25,0.56));
#19492=CARTESIAN_POINT('',(-2.1125,1.25,0.56));
#19493=CARTESIAN_POINT('',(-2.1125,1.25,0.56));
#19494=CARTESIAN_POINT('',(-2.1125,1.25,1.1));
#19495=CARTESIAN_POINT('',(-2.1125,4.25,1.1));
#19496=CARTESIAN_POINT('',(-2.1125,0.5,1.1));
#19497=CARTESIAN_POINT('',(-2.1125,0.5,1.45));
#19498=CARTESIAN_POINT('',(-2.1125,0.5,1.35));
#19499=CARTESIAN_POINT('',(-2.1125,0.,1.35));
#19500=CARTESIAN_POINT('',(-2.1125,0.0999999999999999,1.35));
#19501=CARTESIAN_POINT('',(-2.1125,0.0999999999999999,1.45));
#19502=CARTESIAN_POINT('',(-2.1125,0.0999999999999999,1.1));
#19503=CARTESIAN_POINT('',(-2.1125,4.25,1.1));
#19504=CARTESIAN_POINT('',(-2.1125,0.2,1.1));
#19505=CARTESIAN_POINT('',(-2.1125,0.2,0.56));
#19506=CARTESIAN_POINT('',(-2.1125,0.2,0.6));
#19507=CARTESIAN_POINT('',(-2.1125,4.25,0.6));
#19508=CARTESIAN_POINT('',(-2.1125,0.0999999999999999,0.6));
#19509=CARTESIAN_POINT('',(-2.1125,0.0999999999999999,1.45));
#19510=CARTESIAN_POINT('',(-2.1125,0.0999999999999999,0.));
#19511=CARTESIAN_POINT('',(-2.1125,0.2,0.));
#19512=CARTESIAN_POINT('',(-2.1125,0.2,0.));
#19513=CARTESIAN_POINT('',(-2.1125,0.2,-0.6));
#19514=CARTESIAN_POINT('',(-2.1125,0.2,-0.55));
#19515=CARTESIAN_POINT('',(-2.1125,4.25,-0.55));
#19516=CARTESIAN_POINT('',(-2.1125,0.0999999999999999,-0.55));
#19517=CARTESIAN_POINT('',(-2.1125,0.0999999999999999,1.45));
#19518=CARTESIAN_POINT('',(-2.1125,0.0999999999999999,-0.75));
#19519=CARTESIAN_POINT('',(-2.1125,0.5,-0.75));
#19520=CARTESIAN_POINT('',(-3.1125,4.25,-0.6));
#19521=CARTESIAN_POINT('',(-3.1125,0.5,1.45));
#19522=CARTESIAN_POINT('',(-3.1125,0.5,0.56));
#19523=CARTESIAN_POINT('',(-3.1125,4.25,0.56));
#19524=CARTESIAN_POINT('',(-3.1125,1.25,0.56));
#19525=CARTESIAN_POINT('',(-3.1125,1.25,0.56));
#19526=CARTESIAN_POINT('',(-3.1125,1.25,0.7));
#19527=CARTESIAN_POINT('',(-3.1125,4.25,0.7));
#19528=CARTESIAN_POINT('',(-3.1125,0.2,0.7));
#19529=CARTESIAN_POINT('',(-3.1125,0.2,0.56));
#19530=CARTESIAN_POINT('',(-3.1125,0.2,0.6));
#19531=CARTESIAN_POINT('',(-3.1125,4.25,0.6));
#19532=CARTESIAN_POINT('',(-3.1125,0.1,0.6));
#19533=CARTESIAN_POINT('',(-3.1125,0.1,1.45));
#19534=CARTESIAN_POINT('',(-3.1125,0.1,0.));
#19535=CARTESIAN_POINT('',(-3.1125,0.2,0.));
#19536=CARTESIAN_POINT('',(-3.1125,0.2,0.));
#19537=CARTESIAN_POINT('',(-3.1125,0.2,-0.6));
#19538=CARTESIAN_POINT('',(-3.1125,0.2,-0.55));
#19539=CARTESIAN_POINT('',(-3.1125,4.25,-0.55));
#19540=CARTESIAN_POINT('',(-3.1125,0.1,-0.55));
#19541=CARTESIAN_POINT('',(-3.1125,0.1,1.45));
#19542=CARTESIAN_POINT('',(-3.1125,0.1,-0.75));
#19543=CARTESIAN_POINT('',(-3.1125,0.5,-0.75));
#19544=CARTESIAN_POINT('',(-3.1125,0.5,-0.75));
#19545=CARTESIAN_POINT('',(-3.1125,0.5,1.45));
#19546=CARTESIAN_POINT('',(-3.1125,0.5,-0.600000000000001));
#19547=CARTESIAN_POINT('',(-3.1125,4.25,-0.6));
#19548=CARTESIAN_POINT('',(-3.1125,1.25,-0.6));
#19549=CARTESIAN_POINT('',(-3.1125,1.25,-0.6));
#19550=CARTESIAN_POINT('',(0.,0.,1.35));
#19551=CARTESIAN_POINT('',(3.1125,0.,1.35));
#19552=CARTESIAN_POINT('',(3.1125,0.5,1.35));
#19553=CARTESIAN_POINT('',(3.1125,0.0999999999999999,1.35));
#19554=CARTESIAN_POINT('',(1.60625,1.60625,1.35));
#19555=CARTESIAN_POINT('',(4.5,0.,1.35));
#19556=CARTESIAN_POINT('',(4.,0.,1.35));
#19557=CARTESIAN_POINT('',(4.,4.25,1.35));
#19558=CARTESIAN_POINT('',(4.5,4.25,1.35));
#19559=CARTESIAN_POINT('',(3.75,4.25,1.35));
#19560=CARTESIAN_POINT('',(3.75,4.25,1.35));
#19561=CARTESIAN_POINT('',(3.75,1.25,1.35));
#19562=CARTESIAN_POINT('',(3.75,1.25,1.35));
#19563=CARTESIAN_POINT('',(-3.75,1.25,1.35));
#19564=CARTESIAN_POINT('',(-3.75,1.25,1.35));
#19565=CARTESIAN_POINT('',(-3.75,4.25,1.35));
#19566=CARTESIAN_POINT('',(-3.75,4.25,1.35));
#19567=CARTESIAN_POINT('',(-4.,4.25,1.35));
#19568=CARTESIAN_POINT('',(-4.,0.,1.35));
#19569=CARTESIAN_POINT('',(-4.5,4.25,1.35));
#19570=CARTESIAN_POINT('',(-1.60625,1.60625,1.35));
#19571=CARTESIAN_POINT('',(-3.1125,0.1,1.35));
#19572=CARTESIAN_POINT('',(-3.1125,0.,1.35));
#19573=CARTESIAN_POINT('',(-3.1125,0.5,1.35));
#19574=CARTESIAN_POINT('',(0.,0.5,1.35));
#19575=CARTESIAN_POINT('',(-2.8875,0.5,1.35));
#19576=CARTESIAN_POINT('',(-2.8875,0.,1.35));
#19577=CARTESIAN_POINT('',(-2.8875,0.1,1.35));
#19578=CARTESIAN_POINT('',(-1.39375,-1.39375,1.35));
#19579=CARTESIAN_POINT('',(-1.10625,1.10625,1.35));
#19580=CARTESIAN_POINT('',(0.,0.5,1.35));
#19581=CARTESIAN_POINT('',(-0.893749999999997,-0.89375,1.35));
#19582=CARTESIAN_POINT('',(-0.606249999999998,0.60625,1.35));
#19583=CARTESIAN_POINT('',(0.,0.5,1.35));
#19584=CARTESIAN_POINT('',(-0.39375,-0.39375,1.35));
#19585=CARTESIAN_POINT('',(-0.10625,0.10625,1.35));
#19586=CARTESIAN_POINT('',(0.,0.5,1.35));
#19587=CARTESIAN_POINT('',(0.10625,0.10625,1.35));
#19588=CARTESIAN_POINT('',(0.393749999999999,-0.39375,1.35));
#19589=CARTESIAN_POINT('',(0.,0.5,1.35));
#19590=CARTESIAN_POINT('',(0.606249999999998,0.60625,1.35));
#19591=CARTESIAN_POINT('',(0.893749999999997,-0.89375,1.35));
#19592=CARTESIAN_POINT('',(0.,0.5,1.35));
#19593=CARTESIAN_POINT('',(1.10625,1.10625,1.35));
#19594=CARTESIAN_POINT('',(1.39375,-1.39375,1.35));
#19595=CARTESIAN_POINT('',(2.8875,0.0999999999999999,1.35));
#19596=CARTESIAN_POINT('',(2.8875,0.,1.35));
#19597=CARTESIAN_POINT('',(2.8875,0.5,1.35));
#19598=CARTESIAN_POINT('',(0.,0.5,1.35));
#19599=CARTESIAN_POINT('',(3.1125,4.25,-0.6));
#19600=CARTESIAN_POINT('',(3.1125,0.5,-0.6));
#19601=CARTESIAN_POINT('',(3.1125,1.25,-0.6));
#19602=CARTESIAN_POINT('',(3.1125,4.25,0.56));
#19603=CARTESIAN_POINT('',(3.1125,0.5,0.56));
#19604=CARTESIAN_POINT('',(3.1125,1.25,0.56));
#19605=CARTESIAN_POINT('',(2.1125,4.25,0.56));
#19606=CARTESIAN_POINT('',(2.1125,0.5,0.56));
#19607=CARTESIAN_POINT('',(2.1125,1.25,0.56));
#19608=CARTESIAN_POINT('',(2.1125,4.25,-0.6));
#19609=CARTESIAN_POINT('',(2.1125,0.5,-0.6));
#19610=CARTESIAN_POINT('',(2.1125,1.25,-0.6));
#19611=CARTESIAN_POINT('',(1.1125,4.25,0.56));
#19612=CARTESIAN_POINT('',(1.1125,0.5,0.56));
#19613=CARTESIAN_POINT('',(1.1125,1.25,0.56));
#19614=CARTESIAN_POINT('',(1.1125,4.25,-0.6));
#19615=CARTESIAN_POINT('',(1.1125,0.5,-0.6));
#19616=CARTESIAN_POINT('',(1.1125,1.25,-0.6));
#19617=CARTESIAN_POINT('',(0.1125,4.25,0.56));
#19618=CARTESIAN_POINT('',(0.1125,0.5,0.56));
#19619=CARTESIAN_POINT('',(0.1125,1.25,0.56));
#19620=CARTESIAN_POINT('',(0.1125,4.25,-0.6));
#19621=CARTESIAN_POINT('',(0.1125,0.5,-0.6));
#19622=CARTESIAN_POINT('',(0.1125,1.25,-0.6));
#19623=CARTESIAN_POINT('',(-0.8875,4.25,0.56));
#19624=CARTESIAN_POINT('',(-0.8875,0.5,0.56));
#19625=CARTESIAN_POINT('',(-0.8875,1.25,0.56));
#19626=CARTESIAN_POINT('',(-0.8875,4.25,-0.6));
#19627=CARTESIAN_POINT('',(-0.8875,0.5,-0.6));
#19628=CARTESIAN_POINT('',(-0.8875,1.25,-0.6));
#19629=CARTESIAN_POINT('',(-1.8875,4.25,0.56));
#19630=CARTESIAN_POINT('',(-1.8875,0.5,0.56));
#19631=CARTESIAN_POINT('',(-1.8875,1.25,0.56));
#19632=CARTESIAN_POINT('',(-1.8875,4.25,-0.6));
#19633=CARTESIAN_POINT('',(-1.8875,0.5,-0.6));
#19634=CARTESIAN_POINT('',(-1.8875,1.25,-0.6));
#19635=CARTESIAN_POINT('',(-2.8875,4.25,-0.6));
#19636=CARTESIAN_POINT('',(-2.8875,0.5,-0.6));
#19637=CARTESIAN_POINT('',(-2.8875,1.25,-0.6));
#19638=CARTESIAN_POINT('',(-2.8875,4.25,0.56));
#19639=CARTESIAN_POINT('',(-2.8875,0.5,0.56));
#19640=CARTESIAN_POINT('',(-2.8875,1.25,0.56));
#19641=CARTESIAN_POINT('',(-3.4,4.25,1.1));
#19642=CARTESIAN_POINT('',(-2.825,1.25,1.1));
#19643=CARTESIAN_POINT('',(-3.175,2.467387,1.1));
#19644=CARTESIAN_POINT('',(2.6,4.25,1.1));
#19645=CARTESIAN_POINT('',(-3.75,4.25,1.1));
#19646=CARTESIAN_POINT('',(3.75,4.25,1.1));
#19647=CARTESIAN_POINT('',(3.75,1.25,1.1));
#19648=CARTESIAN_POINT('',(3.75,1.25,1.1));
#19649=CARTESIAN_POINT('',(-3.75,1.25,1.1));
#19650=CARTESIAN_POINT('',(3.4,1.25,1.1));
#19651=CARTESIAN_POINT('',(3.4,4.25,1.1));
#19652=CARTESIAN_POINT('',(-2.21875000000001,5.43125,1.1));
#19653=CARTESIAN_POINT('',(3.1125,0.0999999999999999,1.1));
#19654=CARTESIAN_POINT('',(3.1125,4.25,1.1));
#19655=CARTESIAN_POINT('',(3.1125,0.5,1.1));
#19656=CARTESIAN_POINT('',(-3.4,0.5,1.1));
#19657=CARTESIAN_POINT('',(2.8875,0.5,1.1));
#19658=CARTESIAN_POINT('',(2.8875,4.25,1.1));
#19659=CARTESIAN_POINT('',(2.8875,0.0999999999999999,1.1));
#19660=CARTESIAN_POINT('',(1.81874999999999,-0.968750000000006,1.1));
#19661=CARTESIAN_POINT('',(-2.71875000000001,4.93124999999999,1.1));
#19662=CARTESIAN_POINT('',(3.4,0.2,1.1));
#19663=CARTESIAN_POINT('',(2.6,0.2,1.1));
#19664=CARTESIAN_POINT('',(2.6,4.25,1.1));
#19665=CARTESIAN_POINT('',(2.6,1.25,1.1));
#19666=CARTESIAN_POINT('',(-3.75,1.25,1.1));
#19667=CARTESIAN_POINT('',(-3.4,0.5,1.1));
#19668=CARTESIAN_POINT('',(-3.75,1.25,1.1));
#19669=CARTESIAN_POINT('',(-3.4,0.5,1.1));
#19670=CARTESIAN_POINT('',(-3.75,1.25,1.1));
#19671=CARTESIAN_POINT('',(-3.4,0.5,1.1));
#19672=CARTESIAN_POINT('',(-3.75,1.25,1.1));
#19673=CARTESIAN_POINT('',(-3.4,0.5,1.1));
#19674=CARTESIAN_POINT('',(-3.75,1.25,1.1));
#19675=CARTESIAN_POINT('',(-3.4,0.5,1.1));
#19676=CARTESIAN_POINT('',(-3.75,1.25,1.1));
#19677=CARTESIAN_POINT('',(-2.6,1.25,1.1));
#19678=CARTESIAN_POINT('',(-2.6,4.25,1.1));
#19679=CARTESIAN_POINT('',(-2.6,0.2,1.1));
#19680=CARTESIAN_POINT('',(3.4,0.2,1.1));
#19681=CARTESIAN_POINT('',(-0.681250000000002,1.53124999999999,1.1));
#19682=CARTESIAN_POINT('',(-5.21875,2.43125,1.1));
#19683=CARTESIAN_POINT('',(-2.8875,0.1,1.1));
#19684=CARTESIAN_POINT('',(-2.8875,4.25,1.1));
#19685=CARTESIAN_POINT('',(-2.8875,0.5,1.1));
#19686=CARTESIAN_POINT('',(-3.4,0.5,1.1));
#19687=CARTESIAN_POINT('',(-3.1125,0.5,1.1));
#19688=CARTESIAN_POINT('',(-3.1125,4.25,1.1));
#19689=CARTESIAN_POINT('',(-3.1125,0.1,1.1));
#19690=CARTESIAN_POINT('',(-1.18125,2.03125,1.1));
#19691=CARTESIAN_POINT('',(-3.4,4.25,1.1));
#19692=CARTESIAN_POINT('',(-3.4,1.25,1.1));
#19693=CARTESIAN_POINT('',(-3.75,1.25,1.1));
#19694=CARTESIAN_POINT('',(-3.75,1.25,1.1));
#19695=CARTESIAN_POINT('',(-3.75,1.25,1.1));
#19696=CARTESIAN_POINT('',(3.175,2.467387,1.1));
#19697=CARTESIAN_POINT('',(3.175,2.467387,1.1));
#19698=CARTESIAN_POINT('',(2.825,2.467387,1.1));
#19699=CARTESIAN_POINT('',(2.825,1.25,1.1));
#19700=CARTESIAN_POINT('',(2.825,1.75,1.1));
#19701=CARTESIAN_POINT('',(3.175,1.75,1.1));
#19702=CARTESIAN_POINT('',(3.175,1.75,1.1));
#19703=CARTESIAN_POINT('',(3.175,2.467387,1.1));
#19704=CARTESIAN_POINT('',(-3.4,4.25,1.1));
#19705=CARTESIAN_POINT('',(3.4,0.2,1.1));
#19706=CARTESIAN_POINT('',(1.31874999999999,-0.468750000000006,1.1));
#19707=CARTESIAN_POINT('',(-3.21875000000001,4.43124999999999,1.1));
#19708=CARTESIAN_POINT('',(-3.4,4.25,1.1));
#19709=CARTESIAN_POINT('',(3.4,0.2,1.1));
#19710=CARTESIAN_POINT('',(0.818749999999997,0.0312499999999983,1.1));
#19711=CARTESIAN_POINT('',(-3.71875,3.93125,1.1));
#19712=CARTESIAN_POINT('',(-3.4,4.25,1.1));
#19713=CARTESIAN_POINT('',(3.4,0.2,1.1));
#19714=CARTESIAN_POINT('',(0.318749999999997,0.531249999999996,1.1));
#19715=CARTESIAN_POINT('',(-4.21875,3.43125,1.1));
#19716=CARTESIAN_POINT('',(-3.4,4.25,1.1));
#19717=CARTESIAN_POINT('',(3.4,0.2,1.1));
#19718=CARTESIAN_POINT('',(-0.181250000000003,1.03124999999999,1.1));
#19719=CARTESIAN_POINT('',(-4.71875,2.93124999999999,1.1));
#19720=CARTESIAN_POINT('',(3.4,0.2,-0.55));
#19721=CARTESIAN_POINT('',(3.4,0.2,0.));
#19722=CARTESIAN_POINT('',(3.4,0.2,0.));
#19723=CARTESIAN_POINT('',(3.4,0.2,-0.55));
#19724=CARTESIAN_POINT('',(3.4,0.2,-0.55));
#19725=CARTESIAN_POINT('',(3.4,0.2,-0.55));
#19726=CARTESIAN_POINT('',(3.4,0.2,-0.55));
#19727=CARTESIAN_POINT('',(3.4,0.2,0.));
#19728=CARTESIAN_POINT('',(3.4,0.2,-0.55));
#19729=CARTESIAN_POINT('',(3.4,0.2,-0.55));
#19730=CARTESIAN_POINT('',(3.4,0.2,0.));
#19731=CARTESIAN_POINT('',(3.4,0.2,-0.55));
#19732=CARTESIAN_POINT('',(3.4,0.2,-0.55));
#19733=CARTESIAN_POINT('',(3.4,0.2,0.));
#19734=CARTESIAN_POINT('',(3.4,0.2,-0.55));
#19735=CARTESIAN_POINT('',(3.4,0.2,-0.55));
#19736=CARTESIAN_POINT('',(3.4,0.2,0.));
#19737=CARTESIAN_POINT('',(3.4,0.2,-0.55));
#19738=CARTESIAN_POINT('',(3.4,0.2,-0.55));
#19739=CARTESIAN_POINT('',(3.4,0.2,0.));
#19740=CARTESIAN_POINT('',(3.4,0.2,-0.55));
#19741=CARTESIAN_POINT('',(3.4,0.2,-0.55));
#19742=CARTESIAN_POINT('',(3.4,0.2,0.));
#19743=CARTESIAN_POINT('',(3.4,0.2,-0.55));
#19744=CARTESIAN_POINT('',(3.4,0.2,-0.55));
#19745=CARTESIAN_POINT('',(3.4,0.2,0.));
#19746=CARTESIAN_POINT('',(-3.4,0.2,0.));
#19747=CARTESIAN_POINT('',(-3.4,0.2,-0.55));
#19748=CARTESIAN_POINT('',(-3.4,0.2,-0.55));
#19749=CARTESIAN_POINT('',(3.4,0.2,-0.55));
#19750=CARTESIAN_POINT('',(3.4,0.,-0.55));
#19751=CARTESIAN_POINT('',(0.093750000000004,3.30625,-0.55));
#19752=CARTESIAN_POINT('',(-3.4,0.,-0.55));
#19753=CARTESIAN_POINT('',(3.4,0.,-0.55));
#19754=CARTESIAN_POINT('',(0.593750000000009,2.80625,-0.55));
#19755=CARTESIAN_POINT('',(0.30625,-3.09375,-0.55));
#19756=CARTESIAN_POINT('',(3.4,0.,-0.55));
#19757=CARTESIAN_POINT('',(1.09375000000001,2.30625,-0.55));
#19758=CARTESIAN_POINT('',(0.806250000000008,-2.59375,-0.55));
#19759=CARTESIAN_POINT('',(3.4,0.,-0.55));
#19760=CARTESIAN_POINT('',(1.59375,1.80625,-0.55));
#19761=CARTESIAN_POINT('',(1.30625,-2.09375,-0.55));
#19762=CARTESIAN_POINT('',(3.4,0.,-0.55));
#19763=CARTESIAN_POINT('',(2.09375,1.30625,-0.55));
#19764=CARTESIAN_POINT('',(1.80625,-1.59375,-0.55));
#19765=CARTESIAN_POINT('',(3.4,0.,-0.55));
#19766=CARTESIAN_POINT('',(2.59375,0.80625,-0.55));
#19767=CARTESIAN_POINT('',(2.30625,-1.09375,-0.55));
#19768=CARTESIAN_POINT('',(3.4,0.,-0.55));
#19769=CARTESIAN_POINT('',(3.09375,0.30625,-0.55));
#19770=CARTESIAN_POINT('',(2.80625,-0.59375,-0.55));
#19771=CARTESIAN_POINT('',(3.4,0.,-0.55));
#19772=CARTESIAN_POINT('',(3.30625,-0.0937499999999999,-0.55));
#19773=CARTESIAN_POINT('',(3.4,0.,-0.55));
#19774=CARTESIAN_POINT('',(3.4,0.2,0.));
#19775=CARTESIAN_POINT('',(3.20625,0.00624999999999985,0.));
#19776=CARTESIAN_POINT('',(3.4,0.2,0.));
#19777=CARTESIAN_POINT('',(3.4,0.2,0.));
#19778=CARTESIAN_POINT('',(3.19375,0.40625,0.));
#19779=CARTESIAN_POINT('',(2.70625,-0.49375,0.));
#19780=CARTESIAN_POINT('',(3.4,0.2,0.));
#19781=CARTESIAN_POINT('',(2.69375,0.90625,0.));
#19782=CARTESIAN_POINT('',(2.20625,-0.99375,0.));
#19783=CARTESIAN_POINT('',(3.4,0.2,0.));
#19784=CARTESIAN_POINT('',(2.19375,1.40625,0.));
#19785=CARTESIAN_POINT('',(1.70625,-1.49375,0.));
#19786=CARTESIAN_POINT('',(3.4,0.2,0.));
#19787=CARTESIAN_POINT('',(1.69375,1.90625,0.));
#19788=CARTESIAN_POINT('',(1.20625,-1.99375,0.));
#19789=CARTESIAN_POINT('',(3.4,0.2,0.));
#19790=CARTESIAN_POINT('',(1.19375000000001,2.40625,0.));
#19791=CARTESIAN_POINT('',(0.706250000000008,-2.49375,0.));
#19792=CARTESIAN_POINT('',(3.4,0.2,0.));
#19793=CARTESIAN_POINT('',(0.693750000000009,2.90625,0.));
#19794=CARTESIAN_POINT('',(0.20625,-2.99375,0.));
#19795=CARTESIAN_POINT('',(3.4,0.2,0.));
#19796=CARTESIAN_POINT('',(0.193750000000004,3.40625,0.));
#19797=CARTESIAN_POINT('',(-3.4,0.2,0.));
#19798=CARTESIAN_POINT('',(3.4,0.,0.6));
#19799=CARTESIAN_POINT('',(0.593750000000009,2.80625,0.6));
#19800=CARTESIAN_POINT('',(3.4,0.2,0.6));
#19801=CARTESIAN_POINT('',(0.30625,-3.09375,0.6));
#19802=CARTESIAN_POINT('',(3.4,0.,0.6));
#19803=CARTESIAN_POINT('',(1.09375000000001,2.30625,0.6));
#19804=CARTESIAN_POINT('',(3.4,0.2,0.6));
#19805=CARTESIAN_POINT('',(0.806250000000008,-2.59375,0.6));
#19806=CARTESIAN_POINT('',(3.4,0.,0.6));
#19807=CARTESIAN_POINT('',(1.59375,1.80625,0.6));
#19808=CARTESIAN_POINT('',(3.4,0.2,0.6));
#19809=CARTESIAN_POINT('',(1.30625,-2.09375,0.6));
#19810=CARTESIAN_POINT('',(3.4,0.,0.6));
#19811=CARTESIAN_POINT('',(2.09375,1.30625,0.6));
#19812=CARTESIAN_POINT('',(3.4,0.2,0.6));
#19813=CARTESIAN_POINT('',(1.80625,-1.59375,0.6));
#19814=CARTESIAN_POINT('',(3.4,0.,0.6));
#19815=CARTESIAN_POINT('',(2.59375,0.80625,0.6));
#19816=CARTESIAN_POINT('',(3.4,0.2,0.6));
#19817=CARTESIAN_POINT('',(2.30625,-1.09375,0.6));
#19818=CARTESIAN_POINT('',(3.4,0.,0.6));
#19819=CARTESIAN_POINT('',(3.09375,0.30625,0.6));
#19820=CARTESIAN_POINT('',(3.4,0.2,0.6));
#19821=CARTESIAN_POINT('',(2.80625,-0.59375,0.6));
#19822=CARTESIAN_POINT('',(3.4,0.,0.6));
#19823=CARTESIAN_POINT('',(0.093750000000004,3.30625,0.6));
#19824=CARTESIAN_POINT('',(3.4,0.2,0.6));
#19825=CARTESIAN_POINT('',(-3.4,0.2,0.6));
#19826=CARTESIAN_POINT('',(-3.4,0.,0.6));
#19827=CARTESIAN_POINT('',(3.4,0.,0.6));
#19828=CARTESIAN_POINT('',(3.30625,-0.0937499999999999,0.6));
#19829=CARTESIAN_POINT('',(3.4,0.,0.6));
#19830=CARTESIAN_POINT('',(3.4,0.2,0.6));
#19831=CARTESIAN_POINT('',(3.4,0.2,0.6));
#19832=CARTESIAN_POINT('',(4.,0.,0.));
#19833=CARTESIAN_POINT('',(4.,0.3,0.750000000000005));
#19834=CARTESIAN_POINT('',(4.,0.3,0.750000000000005));
#19835=CARTESIAN_POINT('',(4.,0.,-1.1));
#19836=CARTESIAN_POINT('',(4.,0.7,-1.1));
#19837=CARTESIAN_POINT('',(4.,0.7,0.));
#19838=CARTESIAN_POINT('',(4.,1.,-0.95));
#19839=CARTESIAN_POINT('',(4.,1.,-0.249999999999995));
#19840=CARTESIAN_POINT('',(4.,1.,-0.249999999999995));
#19841=CARTESIAN_POINT('',(4.,0.75,-0.249999999999995));
#19842=CARTESIAN_POINT('',(4.,0.75,-0.249999999999995));
#19843=CARTESIAN_POINT('',(4.,0.75,-0.95));
#19844=CARTESIAN_POINT('',(4.,0.5,-0.95));
#19845=CARTESIAN_POINT('',(4.,0.5,-0.95));
#19846=CARTESIAN_POINT('',(4.,0.5,0.05));
#19847=CARTESIAN_POINT('',(4.,0.5,0.750000000000005));
#19848=CARTESIAN_POINT('',(4.,0.5,0.750000000000005));
#19849=CARTESIAN_POINT('',(-4.,0.,0.));
#19850=CARTESIAN_POINT('',(-4.,0.7,0.));
#19851=CARTESIAN_POINT('',(-4.,0.7,-1.1));
#19852=CARTESIAN_POINT('',(-4.,0.,-1.1));
#19853=CARTESIAN_POINT('',(-4.,0.3,0.750000000000005));
#19854=CARTESIAN_POINT('',(-4.,0.3,0.750000000000005));
#19855=CARTESIAN_POINT('',(-4.,0.5,0.750000000000005));
#19856=CARTESIAN_POINT('',(-4.,0.5,0.750000000000005));
#19857=CARTESIAN_POINT('',(-4.,0.5,0.05));
#19858=CARTESIAN_POINT('',(-4.,0.75,-0.249999999999995));
#19859=CARTESIAN_POINT('',(-4.,0.75,-0.249999999999995));
#19860=CARTESIAN_POINT('',(-4.,1.,-0.249999999999995));
#19861=CARTESIAN_POINT('',(-4.,1.,-0.249999999999995));
#19862=CARTESIAN_POINT('',(-4.,1.,-0.95));
#19863=CARTESIAN_POINT('',(2.8875,4.25,0.7));
#19864=CARTESIAN_POINT('',(2.6,4.25,0.7));
#19865=CARTESIAN_POINT('',(2.6,1.25,0.7));
#19866=CARTESIAN_POINT('',(2.6,0.2,0.7));
#19867=CARTESIAN_POINT('',(2.8875,0.2,0.7));
#19868=CARTESIAN_POINT('',(2.8875,1.25,0.7));
#19869=CARTESIAN_POINT('',(3.4,4.25,0.7));
#19870=CARTESIAN_POINT('',(3.4,0.2,0.7));
#19871=CARTESIAN_POINT('',(3.4,0.2,0.7));
#19872=CARTESIAN_POINT('',(3.4,4.25,0.7));
#19873=CARTESIAN_POINT('',(3.4,1.25,0.7));
#19874=CARTESIAN_POINT('',(3.4,1.25,0.7));
#19875=CARTESIAN_POINT('',(-3.1125,4.25,0.7));
#19876=CARTESIAN_POINT('',(-3.4,4.25,0.7));
#19877=CARTESIAN_POINT('',(-3.4,1.25,0.7));
#19878=CARTESIAN_POINT('',(-3.4,0.2,0.7));
#19879=CARTESIAN_POINT('',(-3.1125,0.2,0.7));
#19880=CARTESIAN_POINT('',(-3.1125,1.25,0.7));
#19881=CARTESIAN_POINT('',(-2.6,4.25,0.7));
#19882=CARTESIAN_POINT('',(-2.6,0.2,0.7));
#19883=CARTESIAN_POINT('',(-2.6,0.2,0.7));
#19884=CARTESIAN_POINT('',(-2.6,4.25,0.7));
#19885=CARTESIAN_POINT('',(-2.6,1.25,0.7));
#19886=CARTESIAN_POINT('',(-2.6,1.25,0.7));
#19887=CARTESIAN_POINT('',(-2.6,4.25,1.1));
#19888=CARTESIAN_POINT('',(-2.6,0.2,1.1));
#19889=CARTESIAN_POINT('',(-2.6,1.25,1.1));
#19890=CARTESIAN_POINT('',(2.6,4.25,0.7));
#19891=CARTESIAN_POINT('',(2.6,0.2,0.7));
#19892=CARTESIAN_POINT('',(2.6,1.25,0.7));
#19893=CARTESIAN_POINT('',(4.5,4.25,1.45));
#19894=CARTESIAN_POINT('',(4.5,1.75,0.1));
#19895=CARTESIAN_POINT('',(4.5,1.75,0.1));
#19896=CARTESIAN_POINT('',(4.5,1.75,-0.6));
#19897=CARTESIAN_POINT('',(4.5,1.75,0.1));
#19898=CARTESIAN_POINT('',(4.5,4.25,0.1));
#19899=CARTESIAN_POINT('',(4.5,4.25,1.45));
#19900=CARTESIAN_POINT('',(4.5,4.25,0.45));
#19901=CARTESIAN_POINT('',(4.5,4.25,0.45));
#19902=CARTESIAN_POINT('',(4.5,3.75,0.45));
#19903=CARTESIAN_POINT('',(4.5,3.75,0.45));
#19904=CARTESIAN_POINT('',(4.5,3.75,0.95));
#19905=CARTESIAN_POINT('',(4.5,3.75,0.95));
#19906=CARTESIAN_POINT('',(4.5,0.5,0.05));
#19907=CARTESIAN_POINT('',(4.5,0.5,-0.95));
#19908=CARTESIAN_POINT('',(4.5,0.5,-0.95));
#19909=CARTESIAN_POINT('',(4.5,1.,-0.95));
#19910=CARTESIAN_POINT('',(4.5,1.,-0.95));
#19911=CARTESIAN_POINT('',(4.5,4.25,1.45));
#19912=CARTESIAN_POINT('',(4.5,4.25,-0.6));
#19913=CARTESIAN_POINT('',(4.5,1.75,-0.6));
#19914=CARTESIAN_POINT('',(0.,4.25,0.));
#19915=CARTESIAN_POINT('',(4.4,4.25,0.1));
#19916=CARTESIAN_POINT('',(4.4,4.25,0.1));
#19917=CARTESIAN_POINT('',(4.4,4.25,-0.6));
#19918=CARTESIAN_POINT('',(4.4,4.25,-0.6));
#19919=CARTESIAN_POINT('',(4.5,4.25,-0.6));
#19920=CARTESIAN_POINT('',(-4.5,4.25,-1.45));
#19921=CARTESIAN_POINT('',(-4.5,4.25,0.45));
#19922=CARTESIAN_POINT('',(-4.,4.25,0.45));
#19923=CARTESIAN_POINT('',(-4.,4.25,0.45));
#19924=CARTESIAN_POINT('',(-4.,4.25,0.));
#19925=CARTESIAN_POINT('',(-3.75,4.25,1.35));
#19926=CARTESIAN_POINT('',(-3.75,4.25,1.45));
#19927=CARTESIAN_POINT('',(-4.5,4.25,1.45));
#19928=CARTESIAN_POINT('',(3.75,4.25,1.45));
#19929=CARTESIAN_POINT('',(3.75,4.25,1.35));
#19930=CARTESIAN_POINT('',(4.,4.25,0.));
#19931=CARTESIAN_POINT('',(4.,4.25,0.45));
#19932=CARTESIAN_POINT('',(4.,4.25,0.45));
#19933=CARTESIAN_POINT('',(-3.75,4.25,-1.1));
#19934=CARTESIAN_POINT('',(-3.75,4.25,0.1));
#19935=CARTESIAN_POINT('',(-4.15,4.25,0.1));
#19936=CARTESIAN_POINT('',(-4.15,4.25,0.1));
#19937=CARTESIAN_POINT('',(-4.15,4.25,-0.6));
#19938=CARTESIAN_POINT('',(-4.15,4.25,-0.6));
#19939=CARTESIAN_POINT('',(4.15,4.25,-0.6));
#19940=CARTESIAN_POINT('',(-3.75,4.25,-0.6));
#19941=CARTESIAN_POINT('',(-3.75,4.25,-1.1));
#19942=CARTESIAN_POINT('',(-3.75,4.25,-1.1));
#19943=CARTESIAN_POINT('',(3.75,4.25,-1.1));
#19944=CARTESIAN_POINT('',(3.75,4.25,-1.1));
#19945=CARTESIAN_POINT('',(3.75,4.25,1.1));
#19946=CARTESIAN_POINT('',(3.75,4.25,-0.6));
#19947=CARTESIAN_POINT('',(4.15,4.25,-0.6));
#19948=CARTESIAN_POINT('',(4.15,4.25,-0.6));
#19949=CARTESIAN_POINT('',(4.15,4.25,0.1));
#19950=CARTESIAN_POINT('',(4.15,4.25,0.1));
#19951=CARTESIAN_POINT('',(-4.15,4.25,0.1));
#19952=CARTESIAN_POINT('',(3.75,4.25,0.1));
#19953=CARTESIAN_POINT('',(3.75,4.25,1.1));
#19954=CARTESIAN_POINT('',(-4.5,4.25,-1.45));
#19955=CARTESIAN_POINT('',(-4.5,3.75,0.95));
#19956=CARTESIAN_POINT('',(-4.5,4.25,0.45));
#19957=CARTESIAN_POINT('',(-4.5,1.,-0.95));
#19958=CARTESIAN_POINT('',(-4.5,0.5,0.05));
#19959=CARTESIAN_POINT('',(3.4,4.25,1.1));
#19960=CARTESIAN_POINT('',(3.4,1.25,1.1));
#19961=CARTESIAN_POINT('',(3.4,0.2,0.6));
#19962=CARTESIAN_POINT('',(-3.4,4.25,0.7));
#19963=CARTESIAN_POINT('',(-3.4,0.2,0.6));
#19964=CARTESIAN_POINT('',(-3.4,1.25,0.7));
#19965=CARTESIAN_POINT('',(-4.5,4.25,1.45));
#19966=CARTESIAN_POINT('',(3.75,1.25,1.45));
#19967=CARTESIAN_POINT('',(3.75,1.25,1.45));
#19968=CARTESIAN_POINT('',(-3.75,1.25,1.45));
#19969=CARTESIAN_POINT('',(3.75,4.25,1.45));
#19970=CARTESIAN_POINT('',(-3.75,1.25,1.45));
#19971=CARTESIAN_POINT('',(-3.75,1.25,-1.1));
#19972=CARTESIAN_POINT('',(-3.75,1.6,-1.1));
#19973=CARTESIAN_POINT('',(-3.75,1.6,0.1));
#19974=CARTESIAN_POINT('',(-3.75,1.6,-0.6));
#19975=CARTESIAN_POINT('',(-3.75,1.25,0.1));
#19976=CARTESIAN_POINT('',(-3.75,1.25,-1.1));
#19977=CARTESIAN_POINT('',(-3.75,1.25,-1.1));
#19978=CARTESIAN_POINT('',(-3.75,1.25,-1.1));
#19979=CARTESIAN_POINT('',(-3.75,1.25,-0.6));
#19980=CARTESIAN_POINT('',(3.75,1.25,1.1));
#19981=CARTESIAN_POINT('',(3.75,1.25,0.1));
#19982=CARTESIAN_POINT('',(3.75,1.6,0.1));
#19983=CARTESIAN_POINT('',(3.75,1.6,1.1));
#19984=CARTESIAN_POINT('',(3.75,1.6,-0.6));
#19985=CARTESIAN_POINT('',(3.75,1.25,-0.6));
#19986=CARTESIAN_POINT('',(3.75,1.25,-1.1));
#19987=CARTESIAN_POINT('',(3.75,1.25,-1.1));
#19988=CARTESIAN_POINT('',(3.75,1.25,1.1));
#19989=CARTESIAN_POINT('',(3.75,1.25,-1.1));
#19990=CARTESIAN_POINT('',(3.75,1.25,-1.1));
#19991=CARTESIAN_POINT('',(0.,1.25,0.));
#19992=CARTESIAN_POINT('',(0.,1.6,0.));
#19993=CARTESIAN_POINT('',(-4.15,1.6,0.1));
#19994=CARTESIAN_POINT('',(4.15,1.6,0.1));
#19995=CARTESIAN_POINT('',(4.15,1.6,0.1));
#19996=CARTESIAN_POINT('',(4.15,1.6,-0.6));
#19997=CARTESIAN_POINT('',(4.15,1.6,-0.6));
#19998=CARTESIAN_POINT('',(4.15,1.6,-0.6));
#19999=CARTESIAN_POINT('',(4.15,1.6,-0.6));
#20000=CARTESIAN_POINT('',(-4.15,1.6,0.1));
#20001=CARTESIAN_POINT('',(4.15,1.6,0.1));
#20002=CARTESIAN_POINT('',(4.15,1.6,0.1));
#20003=CARTESIAN_POINT('',(-4.15,1.6,0.1));
#20004=CARTESIAN_POINT('',(-4.15,1.6,0.1));
#20005=CARTESIAN_POINT('',(-4.15,1.6,0.1));
#20006=CARTESIAN_POINT('',(-4.15,1.6,0.1));
#20007=CARTESIAN_POINT('',(4.15,1.6,-0.6));
#20008=CARTESIAN_POINT('',(-4.15,1.6,-0.6));
#20009=CARTESIAN_POINT('',(-4.15,1.6,-0.6));
#20010=CARTESIAN_POINT('',(4.15,1.6,-0.6));
#20011=CARTESIAN_POINT('',(0.,1.6,0.));
#20012=CARTESIAN_POINT('',(-4.15,1.6,-0.6));
#20013=CARTESIAN_POINT('',(-4.15,1.6,-0.6));
#20014=CARTESIAN_POINT('',(3.75,4.25,1.35));
#20015=CARTESIAN_POINT('',(3.75,1.25,1.35));
#20016=CARTESIAN_POINT('',(3.75,1.25,1.35));
#20017=CARTESIAN_POINT('',(-3.75,1.25,1.35));
#20018=CARTESIAN_POINT('',(-3.75,1.25,1.35));
#20019=CARTESIAN_POINT('',(4.,0.,0.));
#20020=CARTESIAN_POINT('',(4.,4.25,0.45));
#20021=CARTESIAN_POINT('',(4.,3.05,0.45));
#20022=CARTESIAN_POINT('',(4.,4.25,1.15));
#20023=CARTESIAN_POINT('',(4.,2.05,1.15));
#20024=CARTESIAN_POINT('',(4.,2.05,1.15));
#20025=CARTESIAN_POINT('',(4.,2.05,0.95));
#20026=CARTESIAN_POINT('',(4.,3.75,0.95));
#20027=CARTESIAN_POINT('',(4.,3.75,0.95));
#20028=CARTESIAN_POINT('',(4.,3.75,0.45));
#20029=CARTESIAN_POINT('',(4.,3.75,0.7));
#20030=CARTESIAN_POINT('',(4.,3.75,0.7));
#20031=CARTESIAN_POINT('',(4.,3.05,0.7));
#20032=CARTESIAN_POINT('',(4.,3.05,0.7));
#20033=CARTESIAN_POINT('',(4.,4.25,0.45));
#20034=CARTESIAN_POINT('',(4.2,3.05,0.45));
#20035=CARTESIAN_POINT('',(4.2,3.05,0.45));
#20036=CARTESIAN_POINT('',(4.2,3.05,0.45));
#20037=CARTESIAN_POINT('',(4.2,3.75,0.45));
#20038=CARTESIAN_POINT('',(4.,3.75,0.45));
#20039=CARTESIAN_POINT('',(4.,3.75,0.45));
#20040=CARTESIAN_POINT('',(4.2,3.75,0.45));
#20041=CARTESIAN_POINT('',(4.2,3.75,0.7));
#20042=CARTESIAN_POINT('',(4.2,3.75,0.7));
#20043=CARTESIAN_POINT('',(4.,3.75,0.95));
#20044=CARTESIAN_POINT('',(4.,3.75,0.95));
#20045=CARTESIAN_POINT('',(4.2,2.05,0.95));
#20046=CARTESIAN_POINT('',(4.2,2.05,0.95));
#20047=CARTESIAN_POINT('',(4.2,2.05,0.95));
#20048=CARTESIAN_POINT('',(4.,1.,-0.95));
#20049=CARTESIAN_POINT('',(4.,1.,-0.95));
#20050=CARTESIAN_POINT('',(4.2,1.,-0.95));
#20051=CARTESIAN_POINT('',(4.2,1.,-1.45));
#20052=CARTESIAN_POINT('',(4.2,1.,-0.249999999999995));
#20053=CARTESIAN_POINT('',(4.2,1.,-0.249999999999995));
#20054=CARTESIAN_POINT('',(4.,0.5,-0.95));
#20055=CARTESIAN_POINT('',(4.2,0.5,-0.95));
#20056=CARTESIAN_POINT('',(4.2,0.75,-0.95));
#20057=CARTESIAN_POINT('',(4.,0.5,-0.95));
#20058=CARTESIAN_POINT('',(4.2,0.75,-0.95));
#20059=CARTESIAN_POINT('',(4.,0.5,0.05));
#20060=CARTESIAN_POINT('',(4.2,0.5,-0.95));
#20061=CARTESIAN_POINT('',(4.2,0.5,0.750000000000005));
#20062=CARTESIAN_POINT('',(4.2,0.5,0.750000000000005));
#20063=CARTESIAN_POINT('',(-4.,0.5,0.05));
#20064=CARTESIAN_POINT('',(-4.,0.5,0.750000000000005));
#20065=CARTESIAN_POINT('',(-4.2,0.5,0.750000000000005));
#20066=CARTESIAN_POINT('',(-4.2,0.5,-0.95));
#20067=CARTESIAN_POINT('',(-4.,1.,-0.95));
#20068=CARTESIAN_POINT('',(-4.,1.,-0.249999999999995));
#20069=CARTESIAN_POINT('',(-4.2,1.,-0.249999999999995));
#20070=CARTESIAN_POINT('',(-4.2,1.,-1.45));
#20071=CARTESIAN_POINT('',(-4.,3.75,0.95));
#20072=CARTESIAN_POINT('',(-4.2,2.05,0.95));
#20073=CARTESIAN_POINT('',(-4.2,2.05,0.95));
#20074=CARTESIAN_POINT('',(-4.,2.05,0.95));
#20075=CARTESIAN_POINT('',(-4.,2.05,0.95));
#20076=CARTESIAN_POINT('',(-4.,3.75,0.95));
#20077=CARTESIAN_POINT('',(-4.,4.25,0.45));
#20078=CARTESIAN_POINT('',(-4.2,3.05,0.45));
#20079=CARTESIAN_POINT('',(-4.2,3.05,0.45));
#20080=CARTESIAN_POINT('',(-4.,3.05,0.45));
#20081=CARTESIAN_POINT('',(-4.,3.05,0.45));
#20082=CARTESIAN_POINT('',(-4.,4.25,0.45));
#20083=CARTESIAN_POINT('',(-4.,0.,0.));
#20084=CARTESIAN_POINT('',(-4.,2.05,1.15));
#20085=CARTESIAN_POINT('',(-4.,2.05,1.15));
#20086=CARTESIAN_POINT('',(-4.,4.25,1.15));
#20087=CARTESIAN_POINT('',(-4.,3.05,0.7));
#20088=CARTESIAN_POINT('',(-4.,3.05,0.7));
#20089=CARTESIAN_POINT('',(-4.,3.75,0.7));
#20090=CARTESIAN_POINT('',(-3.4,0.,0.));
#20091=CARTESIAN_POINT('',(3.4,0.,0.));
#20092=CARTESIAN_POINT('',(3.4,0.2,0.6));
#20093=CARTESIAN_POINT('',(3.4,0.2,0.6));
#20094=CARTESIAN_POINT('',(3.4,0.2,0.6));
#20095=CARTESIAN_POINT('',(3.4,0.2,0.6));
#20096=CARTESIAN_POINT('',(3.4,0.2,0.6));
#20097=CARTESIAN_POINT('',(3.4,0.2,0.6));
#20098=CARTESIAN_POINT('',(3.4,0.2,0.6));
#20099=CARTESIAN_POINT('',(3.4,0.2,0.6));
#20100=CARTESIAN_POINT('',(3.4,0.7,-1.45));
#20101=CARTESIAN_POINT('',(3.4,0.7,-1.1));
#20102=CARTESIAN_POINT('',(3.4,0.7,-1.1));
#20103=CARTESIAN_POINT('',(2.8875,0.0999999999999999,1.45));
#20104=CARTESIAN_POINT('',(3.2125,-1.11022302462516E-16,1.45));
#20105=CARTESIAN_POINT('',(3.1125,0.5,1.45));
#20106=CARTESIAN_POINT('',(-3.1125,0.1,1.45));
#20107=CARTESIAN_POINT('',(-2.7875,0.,1.45));
#20108=CARTESIAN_POINT('',(-2.8875,0.5,1.45));
#20109=CARTESIAN_POINT('',(1.8875,0.0999999999999999,1.45));
#20110=CARTESIAN_POINT('',(2.2125,0.,1.45));
#20111=CARTESIAN_POINT('',(2.1125,0.5,1.45));
#20112=CARTESIAN_POINT('',(0.8875,0.0999999999999999,1.45));
#20113=CARTESIAN_POINT('',(1.2125,0.,1.45));
#20114=CARTESIAN_POINT('',(1.1125,0.5,1.45));
#20115=CARTESIAN_POINT('',(-0.1125,0.0999999999999999,1.45));
#20116=CARTESIAN_POINT('',(0.2125,0.,1.45));
#20117=CARTESIAN_POINT('',(0.1125,0.5,1.45));
#20118=CARTESIAN_POINT('',(-1.1125,0.0999999999999999,1.45));
#20119=CARTESIAN_POINT('',(-0.7875,0.,1.45));
#20120=CARTESIAN_POINT('',(-0.8875,0.5,1.45));
#20121=CARTESIAN_POINT('',(-2.1125,0.0999999999999999,1.45));
#20122=CARTESIAN_POINT('',(-1.7875,0.,1.45));
#20123=CARTESIAN_POINT('',(-1.8875,0.5,1.45));
#20124=CARTESIAN_POINT('',(3.2125,-1.11022302462516E-16,1.45));
#20125=CARTESIAN_POINT('',(3.2125,-1.11022302462516E-16,-0.75));
#20126=CARTESIAN_POINT('',(2.8875,0.0999999999999999,1.45));
#20127=CARTESIAN_POINT('',(2.8875,0.0999999999999999,-0.75));
#20128=CARTESIAN_POINT('',(3.1125,0.5,1.45));
#20129=CARTESIAN_POINT('',(3.1125,0.5,-0.75));
#20130=CARTESIAN_POINT('',(0.,0.,-0.75));
#20131=CARTESIAN_POINT('',(2.2125,0.,1.45));
#20132=CARTESIAN_POINT('',(2.2125,0.,-0.75));
#20133=CARTESIAN_POINT('',(1.8875,0.0999999999999999,1.45));
#20134=CARTESIAN_POINT('',(1.8875,0.0999999999999999,-0.75));
#20135=CARTESIAN_POINT('',(2.1125,0.5,1.45));
#20136=CARTESIAN_POINT('',(2.1125,0.5,-0.75));
#20137=CARTESIAN_POINT('',(0.,0.,-0.75));
#20138=CARTESIAN_POINT('',(1.2125,0.,1.45));
#20139=CARTESIAN_POINT('',(1.2125,0.,-0.75));
#20140=CARTESIAN_POINT('',(0.8875,0.0999999999999999,1.45));
#20141=CARTESIAN_POINT('',(0.8875,0.0999999999999999,-0.75));
#20142=CARTESIAN_POINT('',(1.1125,0.5,1.45));
#20143=CARTESIAN_POINT('',(1.1125,0.5,-0.75));
#20144=CARTESIAN_POINT('',(0.,0.,-0.75));
#20145=CARTESIAN_POINT('',(0.2125,0.,1.45));
#20146=CARTESIAN_POINT('',(0.2125,0.,-0.75));
#20147=CARTESIAN_POINT('',(-0.1125,0.0999999999999999,1.45));
#20148=CARTESIAN_POINT('',(-0.1125,0.0999999999999999,-0.75));
#20149=CARTESIAN_POINT('',(0.1125,0.5,1.45));
#20150=CARTESIAN_POINT('',(0.1125,0.5,-0.75));
#20151=CARTESIAN_POINT('',(0.,0.,-0.75));
#20152=CARTESIAN_POINT('',(-0.7875,0.,1.45));
#20153=CARTESIAN_POINT('',(-0.7875,0.,-0.75));
#20154=CARTESIAN_POINT('',(-1.1125,0.0999999999999999,1.45));
#20155=CARTESIAN_POINT('',(-1.1125,0.0999999999999999,-0.75));
#20156=CARTESIAN_POINT('',(-0.8875,0.5,1.45));
#20157=CARTESIAN_POINT('',(-0.8875,0.5,-0.75));
#20158=CARTESIAN_POINT('',(0.,0.,-0.75));
#20159=CARTESIAN_POINT('',(-1.7875,0.,1.45));
#20160=CARTESIAN_POINT('',(-1.7875,0.,-0.75));
#20161=CARTESIAN_POINT('',(-2.1125,0.0999999999999999,1.45));
#20162=CARTESIAN_POINT('',(-2.1125,0.0999999999999999,-0.75));
#20163=CARTESIAN_POINT('',(-1.8875,0.5,1.45));
#20164=CARTESIAN_POINT('',(-1.8875,0.5,-0.75));
#20165=CARTESIAN_POINT('',(0.,0.,-0.75));
#20166=CARTESIAN_POINT('',(-2.7875,0.,1.45));
#20167=CARTESIAN_POINT('',(-2.7875,0.,-0.75));
#20168=CARTESIAN_POINT('',(-3.1125,0.1,1.45));
#20169=CARTESIAN_POINT('',(-3.1125,0.1,-0.75));
#20170=CARTESIAN_POINT('',(-2.8875,0.5,1.45));
#20171=CARTESIAN_POINT('',(-2.8875,0.5,-0.75));
#20172=CARTESIAN_POINT('',(0.,0.,-0.75));
#20173=CARTESIAN_POINT('',(-3.1125,0.5,1.45));
#20174=CARTESIAN_POINT('',(-3.1125,0.1,1.45));
#20175=CARTESIAN_POINT('',(-3.1125,0.5,1.45));
#20176=CARTESIAN_POINT('',(-2.8875,0.5,1.45));
#20177=CARTESIAN_POINT('',(-2.8875,0.5,1.45));
#20178=CARTESIAN_POINT('',(-2.8875,0.1,1.45));
#20179=CARTESIAN_POINT('',(-2.8875,0.1,1.45));
#20180=CARTESIAN_POINT('',(-2.7875,0.,1.45));
#20181=CARTESIAN_POINT('',(-3.1125,0.1,1.45));
#20182=CARTESIAN_POINT('',(-2.1125,0.0999999999999999,1.45));
#20183=CARTESIAN_POINT('',(-1.8875,0.5,1.45));
#20184=CARTESIAN_POINT('',(-1.7875,0.,1.45));
#20185=CARTESIAN_POINT('',(-1.1125,0.0999999999999999,1.45));
#20186=CARTESIAN_POINT('',(-0.8875,0.5,1.45));
#20187=CARTESIAN_POINT('',(-0.7875,0.,1.45));
#20188=CARTESIAN_POINT('',(-0.1125,0.0999999999999999,1.45));
#20189=CARTESIAN_POINT('',(0.1125,0.5,1.45));
#20190=CARTESIAN_POINT('',(0.2125,0.,1.45));
#20191=CARTESIAN_POINT('',(0.8875,0.0999999999999999,1.45));
#20192=CARTESIAN_POINT('',(1.1125,0.5,1.45));
#20193=CARTESIAN_POINT('',(1.2125,0.,1.45));
#20194=CARTESIAN_POINT('',(1.8875,0.0999999999999999,1.45));
#20195=CARTESIAN_POINT('',(2.1125,0.5,1.45));
#20196=CARTESIAN_POINT('',(2.2125,0.,1.45));
#20197=CARTESIAN_POINT('',(2.8875,0.5,1.45));
#20198=CARTESIAN_POINT('',(2.8875,0.0999999999999999,1.45));
#20199=CARTESIAN_POINT('',(2.8875,0.5,1.45));
#20200=CARTESIAN_POINT('',(2.8875,0.0999999999999999,1.45));
#20201=CARTESIAN_POINT('',(3.2125,-1.11022302462516E-16,1.45));
#20202=CARTESIAN_POINT('',(3.1125,0.0999999999999999,1.45));
#20203=CARTESIAN_POINT('',(3.1125,0.0999999999999999,1.45));
#20204=CARTESIAN_POINT('',(3.1125,0.5,1.45));
#20205=CARTESIAN_POINT('',(3.1125,0.5,1.45));
#20206=CARTESIAN_POINT('',(0.4,3.,-1.7));
#20207=CARTESIAN_POINT('',(-0.4,3.,-1.7));
#20208=CARTESIAN_POINT('',(-0.4,3.,-1.7));
#20209=CARTESIAN_POINT('',(0.4,3.,-1.7));
#20210=CARTESIAN_POINT('',(0.4,3.,-1.7));
#20211=CARTESIAN_POINT('',(0.4,3.,-1.7));
#20212=CARTESIAN_POINT('',(0.4,2.45,-1.45));
#20213=CARTESIAN_POINT('',(-0.4,2.45,-1.45));
#20214=CARTESIAN_POINT('',(-0.4,2.51698729810778,-1.7));
#20215=CARTESIAN_POINT('',(0.4,2.51698729810778,-1.7));
#20216=CARTESIAN_POINT('',(0.4,2.51698729810778,-1.7));
#20217=CARTESIAN_POINT('',(0.4,2.45,-1.45));
#20218=CARTESIAN_POINT('',(0.4,2.51698729810778,-1.7));
#20219=CARTESIAN_POINT('',(-0.4,2.51698729810778,-1.7));
#20220=CARTESIAN_POINT('',(0.4,2.51698729810778,-1.7));
#20221=CARTESIAN_POINT('',(0.4,0.,0.));
#20222=CARTESIAN_POINT('',(-0.4,0.,0.));
#20223=CARTESIAN_POINT('',(-4.,3.05,0.7));
#20224=CARTESIAN_POINT('',(-4.2,3.05,0.7));
#20225=CARTESIAN_POINT('',(-4.2,3.05,0.7));
#20226=CARTESIAN_POINT('',(-4.,3.05,0.7));
#20227=CARTESIAN_POINT('',(-4.2,0.,0.));
#20228=CARTESIAN_POINT('',(-4.2,3.75,0.7));
#20229=CARTESIAN_POINT('',(-4.,3.75,0.7));
#20230=CARTESIAN_POINT('',(-4.2,0.,0.));
#20231=CARTESIAN_POINT('',(-4.2,4.25,1.15));
#20232=CARTESIAN_POINT('',(-4.2,2.05,1.15));
#20233=CARTESIAN_POINT('',(-4.2,2.05,1.15));
#20234=CARTESIAN_POINT('',(-4.,4.25,1.15));
#20235=CARTESIAN_POINT('',(-4.,2.05,1.15));
#20236=CARTESIAN_POINT('',(-4.,2.05,1.15));
#20237=CARTESIAN_POINT('',(4.2,3.05,0.7));
#20238=CARTESIAN_POINT('',(4.2,3.05,0.7));
#20239=CARTESIAN_POINT('',(4.2,3.05,0.7));
#20240=CARTESIAN_POINT('',(4.2,3.05,0.7));
#20241=CARTESIAN_POINT('',(4.2,0.,0.));
#20242=CARTESIAN_POINT('',(4.2,3.75,0.7));
#20243=CARTESIAN_POINT('',(4.2,3.75,0.7));
#20244=CARTESIAN_POINT('',(4.2,0.,0.));
#20245=CARTESIAN_POINT('',(4.2,2.05,1.15));
#20246=CARTESIAN_POINT('',(4.2,2.05,1.15));
#20247=CARTESIAN_POINT('',(4.2,4.25,1.15));
#20248=CARTESIAN_POINT('',(4.2,4.25,1.15));
#20249=CARTESIAN_POINT('',(4.2,2.05,1.15));
#20250=CARTESIAN_POINT('',(4.2,2.05,1.15));
#20251=CARTESIAN_POINT('',(-4.,1.,-0.249999999999995));
#20252=CARTESIAN_POINT('',(-4.2,1.,-0.249999999999995));
#20253=CARTESIAN_POINT('',(-4.2,0.75,-0.249999999999995));
#20254=CARTESIAN_POINT('',(-4.,0.75,-0.249999999999995));
#20255=CARTESIAN_POINT('',(-4.2,0.,0.));
#20256=CARTESIAN_POINT('',(-4.2,0.75,-0.249999999999995));
#20257=CARTESIAN_POINT('',(-4.,0.75,-0.249999999999995));
#20258=CARTESIAN_POINT('',(-4.,0.3,0.750000000000005));
#20259=CARTESIAN_POINT('',(-4.2,0.3,0.750000000000005));
#20260=CARTESIAN_POINT('',(-4.2,0.3,0.750000000000005));
#20261=CARTESIAN_POINT('',(-4.,0.3,0.750000000000005));
#20262=CARTESIAN_POINT('',(-4.2,0.,0.));
#20263=CARTESIAN_POINT('',(-4.2,0.5,0.750000000000005));
#20264=CARTESIAN_POINT('',(-4.,0.5,0.750000000000005));
#20265=CARTESIAN_POINT('',(4.2,0.5,0.750000000000005));
#20266=CARTESIAN_POINT('',(4.2,0.5,0.750000000000005));
#20267=CARTESIAN_POINT('',(4.2,0.3,0.750000000000005));
#20268=CARTESIAN_POINT('',(4.2,0.3,0.750000000000005));
#20269=CARTESIAN_POINT('',(4.2,0.,0.));
#20270=CARTESIAN_POINT('',(4.2,0.3,0.750000000000005));
#20271=CARTESIAN_POINT('',(4.2,0.3,0.750000000000005));
#20272=CARTESIAN_POINT('',(4.2,0.,0.));
#20273=CARTESIAN_POINT('',(4.2,0.75,-0.249999999999995));
#20274=CARTESIAN_POINT('',(4.2,0.75,-0.249999999999995));
#20275=CARTESIAN_POINT('',(4.2,1.,-0.249999999999995));
#20276=CARTESIAN_POINT('',(4.2,1.,-0.249999999999995));
#20277=CARTESIAN_POINT('',(4.2,0.75,-0.249999999999995));
#20278=CARTESIAN_POINT('',(4.2,0.75,-0.249999999999995));
#20279=CARTESIAN_POINT('',(4.4,1.75,-0.6));
#20280=CARTESIAN_POINT('',(4.4,1.75,0.1));
#20281=CARTESIAN_POINT('',(4.4,1.75,0.1));
#20282=CARTESIAN_POINT('',(4.4,1.75,-0.6));
#20283=CARTESIAN_POINT('',(4.4,1.75,-0.6));
#20284=CARTESIAN_POINT('',(4.4,1.75,-0.6));
#20285=CARTESIAN_POINT('',(4.4,1.75,0.1));
#20286=CARTESIAN_POINT('',(4.4,1.75,0.1));
#20287=CARTESIAN_POINT('',(4.5,1.75,-0.6));
#20288=CARTESIAN_POINT('',(4.5,1.75,-0.6));
#20289=CARTESIAN_POINT('',(0.,1.75,0.));
#20290=CARTESIAN_POINT('',(3.175,2.0884040301091,0.962061476368378));
#20291=CARTESIAN_POINT('',(3.175,2.0884040301091,0.962061476368379));
#20292=CARTESIAN_POINT('',(3.175,2.0884040301091,0.962061476368379));
#20293=CARTESIAN_POINT('',(2.825,2.0884040301091,0.962061476368379));
#20294=CARTESIAN_POINT('',(2.825,2.0884040301091,0.962061476368378));
#20295=CARTESIAN_POINT('',(3.175,2.0884040301091,0.962061476368378));
#20296=CARTESIAN_POINT('',(3.175,1.75,1.1));
#20297=CARTESIAN_POINT('',(2.825,1.75,1.1));
#20298=CARTESIAN_POINT('',(2.825,1.9,0.95));
#20299=CARTESIAN_POINT('',(3.175,1.9,0.95));
#20300=CARTESIAN_POINT('',(3.175,1.9,0.95));
#20301=CARTESIAN_POINT('',(3.175,1.75,1.1));
#20302=CARTESIAN_POINT('',(3.175,1.9,0.95));
#20303=CARTESIAN_POINT('',(2.825,1.25,0.95));
#20304=CARTESIAN_POINT('',(2.825,2.02,0.95));
#20305=CARTESIAN_POINT('',(3.175,2.02,0.95));
#20306=CARTESIAN_POINT('',(3.175,2.02,0.95));
#20307=CARTESIAN_POINT('',(3.175,1.9,0.95));
#20308=CARTESIAN_POINT('',(3.175,2.02,1.15));
#20309=CARTESIAN_POINT('',(2.825,2.02,1.15));
#20310=CARTESIAN_POINT('',(3.175,2.02,1.15));
#20311=CARTESIAN_POINT('',(3.175,2.02,1.15));
#20312=CARTESIAN_POINT('',(-3.175,2.02,1.15));
#20313=CARTESIAN_POINT('',(-2.825,1.25,0.95));
#20314=CARTESIAN_POINT('',(2.825,1.25,1.1));
#20315=CARTESIAN_POINT('',(0.,0.,0.));
#20316=CARTESIAN_POINT('',(3.1,0.5,1.26905989232415));
#20317=CARTESIAN_POINT('',(3.1,0.489999999999999,1.27483339501605));
#20318=CARTESIAN_POINT('',(2.9,0.489999999999999,1.27483339501605));
#20319=CARTESIAN_POINT('',(3.1,0.489999999999999,1.27483339501605));
#20320=CARTESIAN_POINT('',(2.9,0.5,1.26905989232415));
#20321=CARTESIAN_POINT('',(2.9,0.1,1.5));
#20322=CARTESIAN_POINT('',(3.1,0.1,1.5));
#20323=CARTESIAN_POINT('',(3.1,0.1,1.5));
#20324=CARTESIAN_POINT('',(3.1,0.5,1.26905989232415));
#20325=CARTESIAN_POINT('',(3.1,0.5,1.26905989232415));
#20326=CARTESIAN_POINT('',(3.1,0.489999999999999,1.27483339501605));
#20327=CARTESIAN_POINT('',(1.9,0.489999999999999,1.27483339501605));
#20328=CARTESIAN_POINT('',(2.1,0.489999999999999,1.27483339501605));
#20329=CARTESIAN_POINT('',(1.9,0.5,1.26905989232415));
#20330=CARTESIAN_POINT('',(1.9,0.1,1.5));
#20331=CARTESIAN_POINT('',(3.1,0.1,1.5));
#20332=CARTESIAN_POINT('',(2.1,0.1,1.5));
#20333=CARTESIAN_POINT('',(2.1,0.5,1.26905989232415));
#20334=CARTESIAN_POINT('',(3.1,0.5,1.26905989232415));
#20335=CARTESIAN_POINT('',(3.1,0.489999999999999,1.27483339501605));
#20336=CARTESIAN_POINT('',(0.9,0.489999999999999,1.27483339501605));
#20337=CARTESIAN_POINT('',(1.1,0.489999999999999,1.27483339501605));
#20338=CARTESIAN_POINT('',(0.9,0.5,1.26905989232415));
#20339=CARTESIAN_POINT('',(0.9,0.1,1.5));
#20340=CARTESIAN_POINT('',(3.1,0.1,1.5));
#20341=CARTESIAN_POINT('',(1.1,0.1,1.5));
#20342=CARTESIAN_POINT('',(1.1,0.5,1.26905989232415));
#20343=CARTESIAN_POINT('',(3.1,0.5,1.26905989232415));
#20344=CARTESIAN_POINT('',(3.1,0.489999999999999,1.27483339501605));
#20345=CARTESIAN_POINT('',(-0.1,0.489999999999999,1.27483339501605));
#20346=CARTESIAN_POINT('',(0.1,0.489999999999999,1.27483339501605));
#20347=CARTESIAN_POINT('',(-0.1,0.5,1.26905989232415));
#20348=CARTESIAN_POINT('',(-0.1,0.1,1.5));
#20349=CARTESIAN_POINT('',(3.1,0.1,1.5));
#20350=CARTESIAN_POINT('',(0.1,0.1,1.5));
#20351=CARTESIAN_POINT('',(0.1,0.5,1.26905989232415));
#20352=CARTESIAN_POINT('',(3.1,0.5,1.26905989232415));
#20353=CARTESIAN_POINT('',(3.1,0.489999999999999,1.27483339501605));
#20354=CARTESIAN_POINT('',(-1.1,0.489999999999999,1.27483339501605));
#20355=CARTESIAN_POINT('',(-0.9,0.489999999999999,1.27483339501605));
#20356=CARTESIAN_POINT('',(-1.1,0.5,1.26905989232415));
#20357=CARTESIAN_POINT('',(-1.1,0.1,1.5));
#20358=CARTESIAN_POINT('',(3.1,0.1,1.5));
#20359=CARTESIAN_POINT('',(-0.9,0.1,1.5));
#20360=CARTESIAN_POINT('',(-0.9,0.5,1.26905989232415));
#20361=CARTESIAN_POINT('',(3.1,0.5,1.26905989232415));
#20362=CARTESIAN_POINT('',(3.1,0.489999999999999,1.27483339501605));
#20363=CARTESIAN_POINT('',(-2.1,0.489999999999999,1.27483339501605));
#20364=CARTESIAN_POINT('',(-1.9,0.489999999999999,1.27483339501605));
#20365=CARTESIAN_POINT('',(-2.1,0.5,1.26905989232415));
#20366=CARTESIAN_POINT('',(-2.1,0.1,1.5));
#20367=CARTESIAN_POINT('',(3.1,0.1,1.5));
#20368=CARTESIAN_POINT('',(-1.9,0.1,1.5));
#20369=CARTESIAN_POINT('',(-1.9,0.5,1.26905989232415));
#20370=CARTESIAN_POINT('',(3.1,0.1,-0.8));
#20371=CARTESIAN_POINT('',(3.1,0.489999999999999,-0.8));
#20372=CARTESIAN_POINT('',(-2.9,0.489999999999999,-0.8));
#20373=CARTESIAN_POINT('',(-3.1,0.489999999999999,-0.8));
#20374=CARTESIAN_POINT('',(-2.9,0.1,-0.8));
#20375=CARTESIAN_POINT('',(-2.9,0.1,-0.8));
#20376=CARTESIAN_POINT('',(3.1,0.1,-0.8));
#20377=CARTESIAN_POINT('',(-3.1,0.1,-0.8));
#20378=CARTESIAN_POINT('',(-3.1,0.1,-0.8));
#20379=CARTESIAN_POINT('',(3.1,0.1,-0.8));
#20380=CARTESIAN_POINT('',(3.1,0.489999999999999,-0.8));
#20381=CARTESIAN_POINT('',(-1.9,0.489999999999999,-0.8));
#20382=CARTESIAN_POINT('',(-2.1,0.489999999999999,-0.8));
#20383=CARTESIAN_POINT('',(-1.9,0.1,-0.8));
#20384=CARTESIAN_POINT('',(-1.9,0.1,-0.8));
#20385=CARTESIAN_POINT('',(3.1,0.1,-0.8));
#20386=CARTESIAN_POINT('',(-2.1,0.1,-0.8));
#20387=CARTESIAN_POINT('',(-2.1,0.1,-0.8));
#20388=CARTESIAN_POINT('',(3.1,0.1,-0.8));
#20389=CARTESIAN_POINT('',(3.1,0.489999999999999,-0.8));
#20390=CARTESIAN_POINT('',(-0.9,0.489999999999999,-0.8));
#20391=CARTESIAN_POINT('',(-1.1,0.489999999999999,-0.8));
#20392=CARTESIAN_POINT('',(-0.9,0.1,-0.8));
#20393=CARTESIAN_POINT('',(-0.9,0.1,-0.8));
#20394=CARTESIAN_POINT('',(3.1,0.1,-0.8));
#20395=CARTESIAN_POINT('',(-1.1,0.1,-0.8));
#20396=CARTESIAN_POINT('',(-1.1,0.1,-0.8));
#20397=CARTESIAN_POINT('',(3.1,0.1,-0.8));
#20398=CARTESIAN_POINT('',(3.1,0.489999999999999,-0.8));
#20399=CARTESIAN_POINT('',(0.1,0.489999999999999,-0.8));
#20400=CARTESIAN_POINT('',(-0.1,0.489999999999999,-0.8));
#20401=CARTESIAN_POINT('',(0.1,0.1,-0.8));
#20402=CARTESIAN_POINT('',(0.1,0.1,-0.8));
#20403=CARTESIAN_POINT('',(3.1,0.1,-0.8));
#20404=CARTESIAN_POINT('',(-0.1,0.1,-0.8));
#20405=CARTESIAN_POINT('',(-0.1,0.1,-0.8));
#20406=CARTESIAN_POINT('',(3.1,0.1,-0.8));
#20407=CARTESIAN_POINT('',(3.1,0.489999999999999,-0.8));
#20408=CARTESIAN_POINT('',(1.1,0.489999999999999,-0.8));
#20409=CARTESIAN_POINT('',(0.9,0.489999999999999,-0.8));
#20410=CARTESIAN_POINT('',(1.1,0.1,-0.8));
#20411=CARTESIAN_POINT('',(1.1,0.1,-0.8));
#20412=CARTESIAN_POINT('',(3.1,0.1,-0.8));
#20413=CARTESIAN_POINT('',(0.9,0.1,-0.8));
#20414=CARTESIAN_POINT('',(0.9,0.1,-0.8));
#20415=CARTESIAN_POINT('',(3.1,0.1,-0.8));
#20416=CARTESIAN_POINT('',(3.1,0.489999999999999,-0.8));
#20417=CARTESIAN_POINT('',(2.1,0.489999999999999,-0.8));
#20418=CARTESIAN_POINT('',(1.9,0.489999999999999,-0.8));
#20419=CARTESIAN_POINT('',(2.1,0.1,-0.8));
#20420=CARTESIAN_POINT('',(2.1,0.1,-0.8));
#20421=CARTESIAN_POINT('',(3.1,0.1,-0.8));
#20422=CARTESIAN_POINT('',(1.9,0.1,-0.8));
#20423=CARTESIAN_POINT('',(1.9,0.1,-0.8));
#20424=CARTESIAN_POINT('',(-3.1,0.,0.));
#20425=CARTESIAN_POINT('',(-3.1,0.489999999999999,1.85940672581264E-17));
#20426=CARTESIAN_POINT('',(-3.1,0.489999999999999,1.27483339501605));
#20427=CARTESIAN_POINT('',(-3.1,0.1,-0.565161300000001));
#20428=CARTESIAN_POINT('',(-3.1,0.1,-0.565161300000001));
#20429=CARTESIAN_POINT('',(-3.1,0.162940974705077,-0.548296285299002));
#20430=CARTESIAN_POINT('',(-3.1,0.162940974705077,-0.548296285299002));
#20431=CARTESIAN_POINT('',(-3.1,0.15,-0.5));
#20432=CARTESIAN_POINT('',(-3.1,0.2,-0.5));
#20433=CARTESIAN_POINT('',(-3.1,0.2,-0.0997996587091243));
#20434=CARTESIAN_POINT('',(-3.1,0.2,-0.0997996587091243));
#20435=CARTESIAN_POINT('',(-3.1,0.15,-0.0997996587091245));
#20436=CARTESIAN_POINT('',(-3.1,0.162940974705077,-0.0515033734101228));
#20437=CARTESIAN_POINT('',(-3.1,0.1,-0.0346383587091238));
#20438=CARTESIAN_POINT('',(-3.1,0.1,-0.0346383587091237));
#20439=CARTESIAN_POINT('',(-3.1,0.1,0.534838699999999));
#20440=CARTESIAN_POINT('',(-3.1,0.1,0.534838699999999));
#20441=CARTESIAN_POINT('',(-3.1,0.162940974705077,0.551703714700998));
#20442=CARTESIAN_POINT('',(-3.1,0.162940974705077,0.551703714700998));
#20443=CARTESIAN_POINT('',(-3.1,0.15,0.6));
#20444=CARTESIAN_POINT('',(-3.1,0.2,0.6));
#20445=CARTESIAN_POINT('',(-3.1,0.2,1.00020034129088));
#20446=CARTESIAN_POINT('',(-3.1,0.2,1.00020034129088));
#20447=CARTESIAN_POINT('',(-3.1,0.15,1.00020034129088));
#20448=CARTESIAN_POINT('',(-3.1,0.162940974705077,1.04849662658988));
#20449=CARTESIAN_POINT('',(-3.1,0.0119527145827343,1.08895388418039));
#20450=CARTESIAN_POINT('',(-3.1,0.0119527145827343,1.08895388418039));
#20451=CARTESIAN_POINT('',(-3.1,-0.180384799999999,1.2));
#20452=CARTESIAN_POINT('',(-3.1,-0.180384799999999,1.2));
#20453=CARTESIAN_POINT('',(-3.1,-0.55,1.2));
#20454=CARTESIAN_POINT('',(-3.1,-0.55,1.2));
#20455=CARTESIAN_POINT('',(-3.1,-0.55,1.35));
#20456=CARTESIAN_POINT('',(-3.1,-0.55,1.5));
#20457=CARTESIAN_POINT('',(-3.1,0.1,1.5));
#20458=CARTESIAN_POINT('',(-3.1,0.1,1.5));
#20459=CARTESIAN_POINT('',(-3.1,0.5,1.26905989232415));
#20460=CARTESIAN_POINT('',(3.1,0.5,1.26905989232415));
#20461=CARTESIAN_POINT('',(3.1,0.489999999999999,1.27483339501605));
#20462=CARTESIAN_POINT('',(-2.9,0.489999999999999,1.27483339501605));
#20463=CARTESIAN_POINT('',(3.1,0.1,1.5));
#20464=CARTESIAN_POINT('',(-2.9,0.1,1.5));
#20465=CARTESIAN_POINT('',(-2.9,0.5,1.26905989232415));
#20466=CARTESIAN_POINT('',(3.1,0.1,-0.8));
#20467=CARTESIAN_POINT('',(3.1,0.489999999999999,-0.8));
#20468=CARTESIAN_POINT('',(3.1,0.489999999999999,-0.8));
#20469=CARTESIAN_POINT('',(2.9,0.489999999999999,-0.8));
#20470=CARTESIAN_POINT('',(3.1,0.1,-0.8));
#20471=CARTESIAN_POINT('',(3.1,0.1,-0.8));
#20472=CARTESIAN_POINT('',(3.1,0.1,-0.8));
#20473=CARTESIAN_POINT('',(2.9,0.1,-0.8));
#20474=CARTESIAN_POINT('',(2.9,0.1,-0.8));
#20475=CARTESIAN_POINT('',(3.1,0.,0.));
#20476=CARTESIAN_POINT('',(3.1,0.489999999999999,1.85940672581264E-17));
#20477=CARTESIAN_POINT('',(3.1,0.1,1.5));
#20478=CARTESIAN_POINT('',(3.1,-0.55,1.5));
#20479=CARTESIAN_POINT('',(3.1,-0.55,1.35));
#20480=CARTESIAN_POINT('',(3.1,-0.55,1.2));
#20481=CARTESIAN_POINT('',(3.1,-0.55,1.2));
#20482=CARTESIAN_POINT('',(3.1,-0.180384799999999,1.2));
#20483=CARTESIAN_POINT('',(3.1,-0.180384799999999,1.2));
#20484=CARTESIAN_POINT('',(3.1,0.0119527145827343,1.08895388418039));
#20485=CARTESIAN_POINT('',(3.1,0.0119527145827343,1.08895388418039));
#20486=CARTESIAN_POINT('',(3.1,0.162940974705077,1.04849662658988));
#20487=CARTESIAN_POINT('',(3.1,0.15,1.00020034129088));
#20488=CARTESIAN_POINT('',(3.1,0.2,1.00020034129088));
#20489=CARTESIAN_POINT('',(3.1,0.2,1.00020034129088));
#20490=CARTESIAN_POINT('',(3.1,0.2,0.6));
#20491=CARTESIAN_POINT('',(3.1,0.15,0.6));
#20492=CARTESIAN_POINT('',(3.1,0.162940974705077,0.551703714700998));
#20493=CARTESIAN_POINT('',(3.1,0.162940974705077,0.551703714700998));
#20494=CARTESIAN_POINT('',(3.1,0.1,0.534838699999999));
#20495=CARTESIAN_POINT('',(3.1,0.1,0.534838699999999));
#20496=CARTESIAN_POINT('',(3.1,0.1,-0.0346383587091237));
#20497=CARTESIAN_POINT('',(3.1,0.1,-0.0346383587091238));
#20498=CARTESIAN_POINT('',(3.1,0.162940974705077,-0.0515033734101228));
#20499=CARTESIAN_POINT('',(3.1,0.15,-0.0997996587091245));
#20500=CARTESIAN_POINT('',(3.1,0.2,-0.0997996587091243));
#20501=CARTESIAN_POINT('',(3.1,0.2,-0.0997996587091243));
#20502=CARTESIAN_POINT('',(3.1,0.2,-0.5));
#20503=CARTESIAN_POINT('',(3.1,0.15,-0.5));
#20504=CARTESIAN_POINT('',(3.1,0.162940974705077,-0.548296285299002));
#20505=CARTESIAN_POINT('',(3.1,0.162940974705077,-0.548296285299002));
#20506=CARTESIAN_POINT('',(3.1,0.1,-0.565161300000001));
#20507=CARTESIAN_POINT('',(3.1,0.1,-0.565161300000001));
#20508=CARTESIAN_POINT('',(-2.1,4.25,0.15));
#20509=CARTESIAN_POINT('',(-2.1,0.489999999999999,0.15));
#20510=CARTESIAN_POINT('',(-2.1,0.489999999999999,0.15));
#20511=CARTESIAN_POINT('',(-2.1,4.25,0.15));
#20512=CARTESIAN_POINT('',(-2.1,0.1,0.15));
#20513=CARTESIAN_POINT('',(-2.1,0.1,0.534838699999999));
#20514=CARTESIAN_POINT('',(-2.1,0.1,0.534838699999999));
#20515=CARTESIAN_POINT('',(-2.1,0.162940974705077,0.551703714700998));
#20516=CARTESIAN_POINT('',(-2.1,0.162940974705077,0.551703714700998));
#20517=CARTESIAN_POINT('',(-2.1,0.15,0.6));
#20518=CARTESIAN_POINT('',(-2.1,0.2,0.6));
#20519=CARTESIAN_POINT('',(-2.1,0.2,1.00020034129088));
#20520=CARTESIAN_POINT('',(-2.1,0.2,1.00020034129088));
#20521=CARTESIAN_POINT('',(-2.1,0.15,1.00020034129088));
#20522=CARTESIAN_POINT('',(-2.1,0.162940974705077,1.04849662658988));
#20523=CARTESIAN_POINT('',(-2.1,0.0119527145827343,1.08895388418039));
#20524=CARTESIAN_POINT('',(-2.1,0.0119527145827343,1.08895388418039));
#20525=CARTESIAN_POINT('',(-2.1,-0.180384799999999,1.2));
#20526=CARTESIAN_POINT('',(-2.1,-0.180384799999999,1.2));
#20527=CARTESIAN_POINT('',(-2.1,-0.55,1.2));
#20528=CARTESIAN_POINT('',(-2.1,-0.55,1.2));
#20529=CARTESIAN_POINT('',(-2.1,-0.55,1.35));
#20530=CARTESIAN_POINT('',(-2.1,-0.55,1.5));
#20531=CARTESIAN_POINT('',(-2.1,0.1,1.5));
#20532=CARTESIAN_POINT('',(-2.9,4.25,2.25));
#20533=CARTESIAN_POINT('',(-2.9,0.489999999999999,2.25));
#20534=CARTESIAN_POINT('',(-2.9,0.489999999999999,0.15));
#20535=CARTESIAN_POINT('',(-2.9,0.1,1.5));
#20536=CARTESIAN_POINT('',(-2.9,-0.55,1.5));
#20537=CARTESIAN_POINT('',(-2.9,-0.55,1.35));
#20538=CARTESIAN_POINT('',(-2.9,-0.55,1.2));
#20539=CARTESIAN_POINT('',(-2.9,-0.55,1.2));
#20540=CARTESIAN_POINT('',(-2.9,-0.180384799999999,1.2));
#20541=CARTESIAN_POINT('',(-2.9,-0.180384799999999,1.2));
#20542=CARTESIAN_POINT('',(-2.9,0.0119527145827343,1.08895388418039));
#20543=CARTESIAN_POINT('',(-2.9,0.0119527145827343,1.08895388418039));
#20544=CARTESIAN_POINT('',(-2.9,0.162940974705077,1.04849662658988));
#20545=CARTESIAN_POINT('',(-2.9,0.15,1.00020034129088));
#20546=CARTESIAN_POINT('',(-2.9,0.2,1.00020034129088));
#20547=CARTESIAN_POINT('',(-2.9,0.2,1.00020034129088));
#20548=CARTESIAN_POINT('',(-2.9,0.2,0.6));
#20549=CARTESIAN_POINT('',(-2.9,0.15,0.6));
#20550=CARTESIAN_POINT('',(-2.9,0.162940974705077,0.551703714700998));
#20551=CARTESIAN_POINT('',(-2.9,0.162940974705077,0.551703714700998));
#20552=CARTESIAN_POINT('',(-2.9,0.1,0.534838699999999));
#20553=CARTESIAN_POINT('',(-2.9,0.1,0.534838699999999));
#20554=CARTESIAN_POINT('',(-2.9,0.1,0.15));
#20555=CARTESIAN_POINT('',(-2.9,4.25,0.15));
#20556=CARTESIAN_POINT('',(-2.9,4.25,0.15));
#20557=CARTESIAN_POINT('',(-2.9,0.489999999999999,0.15));
#20558=CARTESIAN_POINT('',(3.1,0.1,0.150000000000001));
#20559=CARTESIAN_POINT('',(-1.1,4.25,0.15));
#20560=CARTESIAN_POINT('',(-1.1,0.489999999999999,0.15));
#20561=CARTESIAN_POINT('',(-1.1,0.489999999999999,0.15));
#20562=CARTESIAN_POINT('',(-1.1,4.25,0.15));
#20563=CARTESIAN_POINT('',(-1.1,0.1,0.15));
#20564=CARTESIAN_POINT('',(-1.1,0.1,0.534838699999999));
#20565=CARTESIAN_POINT('',(-1.1,0.1,0.534838699999999));
#20566=CARTESIAN_POINT('',(-1.1,0.162940974705077,0.551703714700998));
#20567=CARTESIAN_POINT('',(-1.1,0.162940974705077,0.551703714700998));
#20568=CARTESIAN_POINT('',(-1.1,0.15,0.6));
#20569=CARTESIAN_POINT('',(-1.1,0.2,0.6));
#20570=CARTESIAN_POINT('',(-1.1,0.2,1.00020034129088));
#20571=CARTESIAN_POINT('',(-1.1,0.2,1.00020034129088));
#20572=CARTESIAN_POINT('',(-1.1,0.15,1.00020034129088));
#20573=CARTESIAN_POINT('',(-1.1,0.162940974705077,1.04849662658988));
#20574=CARTESIAN_POINT('',(-1.1,0.0119527145827343,1.08895388418039));
#20575=CARTESIAN_POINT('',(-1.1,0.0119527145827343,1.08895388418039));
#20576=CARTESIAN_POINT('',(-1.1,-0.180384799999999,1.2));
#20577=CARTESIAN_POINT('',(-1.1,-0.180384799999999,1.2));
#20578=CARTESIAN_POINT('',(-1.1,-0.55,1.2));
#20579=CARTESIAN_POINT('',(-1.1,-0.55,1.2));
#20580=CARTESIAN_POINT('',(-1.1,-0.55,1.35));
#20581=CARTESIAN_POINT('',(-1.1,-0.55,1.5));
#20582=CARTESIAN_POINT('',(-1.1,0.1,1.5));
#20583=CARTESIAN_POINT('',(-1.9,4.25,2.25));
#20584=CARTESIAN_POINT('',(-1.9,0.489999999999999,2.25));
#20585=CARTESIAN_POINT('',(-1.9,0.489999999999999,0.15));
#20586=CARTESIAN_POINT('',(-1.9,0.1,1.5));
#20587=CARTESIAN_POINT('',(-1.9,-0.55,1.5));
#20588=CARTESIAN_POINT('',(-1.9,-0.55,1.35));
#20589=CARTESIAN_POINT('',(-1.9,-0.55,1.2));
#20590=CARTESIAN_POINT('',(-1.9,-0.55,1.2));
#20591=CARTESIAN_POINT('',(-1.9,-0.180384799999999,1.2));
#20592=CARTESIAN_POINT('',(-1.9,-0.180384799999999,1.2));
#20593=CARTESIAN_POINT('',(-1.9,0.0119527145827343,1.08895388418039));
#20594=CARTESIAN_POINT('',(-1.9,0.0119527145827343,1.08895388418039));
#20595=CARTESIAN_POINT('',(-1.9,0.162940974705077,1.04849662658988));
#20596=CARTESIAN_POINT('',(-1.9,0.15,1.00020034129088));
#20597=CARTESIAN_POINT('',(-1.9,0.2,1.00020034129088));
#20598=CARTESIAN_POINT('',(-1.9,0.2,1.00020034129088));
#20599=CARTESIAN_POINT('',(-1.9,0.2,0.6));
#20600=CARTESIAN_POINT('',(-1.9,0.15,0.6));
#20601=CARTESIAN_POINT('',(-1.9,0.162940974705077,0.551703714700998));
#20602=CARTESIAN_POINT('',(-1.9,0.162940974705077,0.551703714700998));
#20603=CARTESIAN_POINT('',(-1.9,0.1,0.534838699999999));
#20604=CARTESIAN_POINT('',(-1.9,0.1,0.534838699999999));
#20605=CARTESIAN_POINT('',(-1.9,0.1,0.15));
#20606=CARTESIAN_POINT('',(-1.9,4.25,0.15));
#20607=CARTESIAN_POINT('',(-1.9,4.25,0.15));
#20608=CARTESIAN_POINT('',(-1.9,0.489999999999999,0.15));
#20609=CARTESIAN_POINT('',(3.1,0.1,0.150000000000001));
#20610=CARTESIAN_POINT('',(-0.1,4.25,0.15));
#20611=CARTESIAN_POINT('',(-0.1,0.489999999999999,0.15));
#20612=CARTESIAN_POINT('',(-0.1,0.489999999999999,0.15));
#20613=CARTESIAN_POINT('',(-0.1,4.25,0.15));
#20614=CARTESIAN_POINT('',(-0.1,0.1,0.15));
#20615=CARTESIAN_POINT('',(-0.1,0.1,0.534838699999999));
#20616=CARTESIAN_POINT('',(-0.1,0.1,0.534838699999999));
#20617=CARTESIAN_POINT('',(-0.1,0.162940974705077,0.551703714700998));
#20618=CARTESIAN_POINT('',(-0.1,0.162940974705077,0.551703714700998));
#20619=CARTESIAN_POINT('',(-0.1,0.15,0.6));
#20620=CARTESIAN_POINT('',(-0.1,0.2,0.6));
#20621=CARTESIAN_POINT('',(-0.1,0.2,1.00020034129088));
#20622=CARTESIAN_POINT('',(-0.1,0.2,1.00020034129088));
#20623=CARTESIAN_POINT('',(-0.1,0.15,1.00020034129088));
#20624=CARTESIAN_POINT('',(-0.1,0.162940974705077,1.04849662658988));
#20625=CARTESIAN_POINT('',(-0.1,0.0119527145827343,1.08895388418039));
#20626=CARTESIAN_POINT('',(-0.1,0.0119527145827343,1.08895388418039));
#20627=CARTESIAN_POINT('',(-0.1,-0.180384799999999,1.2));
#20628=CARTESIAN_POINT('',(-0.1,-0.180384799999999,1.2));
#20629=CARTESIAN_POINT('',(-0.1,-0.55,1.2));
#20630=CARTESIAN_POINT('',(-0.1,-0.55,1.2));
#20631=CARTESIAN_POINT('',(-0.1,-0.55,1.35));
#20632=CARTESIAN_POINT('',(-0.1,-0.55,1.5));
#20633=CARTESIAN_POINT('',(-0.1,0.1,1.5));
#20634=CARTESIAN_POINT('',(-0.9,4.25,2.25));
#20635=CARTESIAN_POINT('',(-0.9,0.489999999999999,2.25));
#20636=CARTESIAN_POINT('',(-0.9,0.489999999999999,0.15));
#20637=CARTESIAN_POINT('',(-0.9,0.1,1.5));
#20638=CARTESIAN_POINT('',(-0.9,-0.55,1.5));
#20639=CARTESIAN_POINT('',(-0.9,-0.55,1.35));
#20640=CARTESIAN_POINT('',(-0.9,-0.55,1.2));
#20641=CARTESIAN_POINT('',(-0.9,-0.55,1.2));
#20642=CARTESIAN_POINT('',(-0.9,-0.180384799999999,1.2));
#20643=CARTESIAN_POINT('',(-0.9,-0.180384799999999,1.2));
#20644=CARTESIAN_POINT('',(-0.9,0.0119527145827343,1.08895388418039));
#20645=CARTESIAN_POINT('',(-0.9,0.0119527145827343,1.08895388418039));
#20646=CARTESIAN_POINT('',(-0.9,0.162940974705077,1.04849662658988));
#20647=CARTESIAN_POINT('',(-0.9,0.15,1.00020034129088));
#20648=CARTESIAN_POINT('',(-0.9,0.2,1.00020034129088));
#20649=CARTESIAN_POINT('',(-0.9,0.2,1.00020034129088));
#20650=CARTESIAN_POINT('',(-0.9,0.2,0.6));
#20651=CARTESIAN_POINT('',(-0.9,0.15,0.6));
#20652=CARTESIAN_POINT('',(-0.9,0.162940974705077,0.551703714700998));
#20653=CARTESIAN_POINT('',(-0.9,0.162940974705077,0.551703714700998));
#20654=CARTESIAN_POINT('',(-0.9,0.1,0.534838699999999));
#20655=CARTESIAN_POINT('',(-0.9,0.1,0.534838699999999));
#20656=CARTESIAN_POINT('',(-0.9,0.1,0.15));
#20657=CARTESIAN_POINT('',(-0.9,4.25,0.15));
#20658=CARTESIAN_POINT('',(-0.9,4.25,0.15));
#20659=CARTESIAN_POINT('',(-0.9,0.489999999999999,0.15));
#20660=CARTESIAN_POINT('',(3.1,0.1,0.150000000000001));
#20661=CARTESIAN_POINT('',(0.9,4.25,0.15));
#20662=CARTESIAN_POINT('',(0.9,0.489999999999999,0.15));
#20663=CARTESIAN_POINT('',(0.9,0.489999999999999,0.15));
#20664=CARTESIAN_POINT('',(0.9,4.25,0.15));
#20665=CARTESIAN_POINT('',(0.9,0.1,0.15));
#20666=CARTESIAN_POINT('',(0.9,0.1,0.534838699999999));
#20667=CARTESIAN_POINT('',(0.9,0.1,0.534838699999999));
#20668=CARTESIAN_POINT('',(0.9,0.162940974705077,0.551703714700998));
#20669=CARTESIAN_POINT('',(0.9,0.162940974705077,0.551703714700998));
#20670=CARTESIAN_POINT('',(0.9,0.15,0.6));
#20671=CARTESIAN_POINT('',(0.9,0.2,0.6));
#20672=CARTESIAN_POINT('',(0.9,0.2,1.00020034129088));
#20673=CARTESIAN_POINT('',(0.9,0.2,1.00020034129088));
#20674=CARTESIAN_POINT('',(0.9,0.15,1.00020034129088));
#20675=CARTESIAN_POINT('',(0.9,0.162940974705077,1.04849662658988));
#20676=CARTESIAN_POINT('',(0.9,0.0119527145827343,1.08895388418039));
#20677=CARTESIAN_POINT('',(0.9,0.0119527145827343,1.08895388418039));
#20678=CARTESIAN_POINT('',(0.9,-0.180384799999999,1.2));
#20679=CARTESIAN_POINT('',(0.9,-0.180384799999999,1.2));
#20680=CARTESIAN_POINT('',(0.9,-0.55,1.2));
#20681=CARTESIAN_POINT('',(0.9,-0.55,1.2));
#20682=CARTESIAN_POINT('',(0.9,-0.55,1.35));
#20683=CARTESIAN_POINT('',(0.9,-0.55,1.5));
#20684=CARTESIAN_POINT('',(0.9,0.1,1.5));
#20685=CARTESIAN_POINT('',(0.1,4.25,2.25));
#20686=CARTESIAN_POINT('',(0.1,0.489999999999999,2.25));
#20687=CARTESIAN_POINT('',(0.1,0.489999999999999,0.15));
#20688=CARTESIAN_POINT('',(0.1,0.1,1.5));
#20689=CARTESIAN_POINT('',(0.1,-0.55,1.5));
#20690=CARTESIAN_POINT('',(0.1,-0.55,1.35));
#20691=CARTESIAN_POINT('',(0.1,-0.55,1.2));
#20692=CARTESIAN_POINT('',(0.1,-0.55,1.2));
#20693=CARTESIAN_POINT('',(0.1,-0.180384799999999,1.2));
#20694=CARTESIAN_POINT('',(0.1,-0.180384799999999,1.2));
#20695=CARTESIAN_POINT('',(0.1,0.0119527145827343,1.08895388418039));
#20696=CARTESIAN_POINT('',(0.1,0.0119527145827343,1.08895388418039));
#20697=CARTESIAN_POINT('',(0.1,0.162940974705077,1.04849662658988));
#20698=CARTESIAN_POINT('',(0.1,0.15,1.00020034129088));
#20699=CARTESIAN_POINT('',(0.1,0.2,1.00020034129088));
#20700=CARTESIAN_POINT('',(0.1,0.2,1.00020034129088));
#20701=CARTESIAN_POINT('',(0.1,0.2,0.6));
#20702=CARTESIAN_POINT('',(0.1,0.15,0.6));
#20703=CARTESIAN_POINT('',(0.1,0.162940974705077,0.551703714700998));
#20704=CARTESIAN_POINT('',(0.1,0.162940974705077,0.551703714700998));
#20705=CARTESIAN_POINT('',(0.1,0.1,0.534838699999999));
#20706=CARTESIAN_POINT('',(0.1,0.1,0.534838699999999));
#20707=CARTESIAN_POINT('',(0.1,0.1,0.15));
#20708=CARTESIAN_POINT('',(0.1,4.25,0.15));
#20709=CARTESIAN_POINT('',(0.1,4.25,0.15));
#20710=CARTESIAN_POINT('',(0.1,0.489999999999999,0.15));
#20711=CARTESIAN_POINT('',(3.1,0.1,0.15));
#20712=CARTESIAN_POINT('',(1.9,4.25,0.15));
#20713=CARTESIAN_POINT('',(1.9,0.489999999999999,0.15));
#20714=CARTESIAN_POINT('',(1.9,0.489999999999999,0.15));
#20715=CARTESIAN_POINT('',(1.9,4.25,0.15));
#20716=CARTESIAN_POINT('',(1.9,0.1,0.15));
#20717=CARTESIAN_POINT('',(1.9,0.1,0.534838699999999));
#20718=CARTESIAN_POINT('',(1.9,0.1,0.534838699999999));
#20719=CARTESIAN_POINT('',(1.9,0.162940974705077,0.551703714700998));
#20720=CARTESIAN_POINT('',(1.9,0.162940974705077,0.551703714700998));
#20721=CARTESIAN_POINT('',(1.9,0.15,0.6));
#20722=CARTESIAN_POINT('',(1.9,0.2,0.6));
#20723=CARTESIAN_POINT('',(1.9,0.2,1.00020034129088));
#20724=CARTESIAN_POINT('',(1.9,0.2,1.00020034129088));
#20725=CARTESIAN_POINT('',(1.9,0.15,1.00020034129088));
#20726=CARTESIAN_POINT('',(1.9,0.162940974705077,1.04849662658988));
#20727=CARTESIAN_POINT('',(1.9,0.0119527145827343,1.08895388418039));
#20728=CARTESIAN_POINT('',(1.9,0.0119527145827343,1.08895388418039));
#20729=CARTESIAN_POINT('',(1.9,-0.180384799999999,1.2));
#20730=CARTESIAN_POINT('',(1.9,-0.180384799999999,1.2));
#20731=CARTESIAN_POINT('',(1.9,-0.55,1.2));
#20732=CARTESIAN_POINT('',(1.9,-0.55,1.2));
#20733=CARTESIAN_POINT('',(1.9,-0.55,1.35));
#20734=CARTESIAN_POINT('',(1.9,-0.55,1.5));
#20735=CARTESIAN_POINT('',(1.9,0.1,1.5));
#20736=CARTESIAN_POINT('',(1.1,4.25,2.25));
#20737=CARTESIAN_POINT('',(1.1,0.489999999999999,2.25));
#20738=CARTESIAN_POINT('',(1.1,0.489999999999999,0.15));
#20739=CARTESIAN_POINT('',(1.1,0.1,1.5));
#20740=CARTESIAN_POINT('',(1.1,-0.55,1.5));
#20741=CARTESIAN_POINT('',(1.1,-0.55,1.35));
#20742=CARTESIAN_POINT('',(1.1,-0.55,1.2));
#20743=CARTESIAN_POINT('',(1.1,-0.55,1.2));
#20744=CARTESIAN_POINT('',(1.1,-0.180384799999999,1.2));
#20745=CARTESIAN_POINT('',(1.1,-0.180384799999999,1.2));
#20746=CARTESIAN_POINT('',(1.1,0.0119527145827343,1.08895388418039));
#20747=CARTESIAN_POINT('',(1.1,0.0119527145827343,1.08895388418039));
#20748=CARTESIAN_POINT('',(1.1,0.162940974705077,1.04849662658988));
#20749=CARTESIAN_POINT('',(1.1,0.15,1.00020034129088));
#20750=CARTESIAN_POINT('',(1.1,0.2,1.00020034129088));
#20751=CARTESIAN_POINT('',(1.1,0.2,1.00020034129088));
#20752=CARTESIAN_POINT('',(1.1,0.2,0.6));
#20753=CARTESIAN_POINT('',(1.1,0.15,0.6));
#20754=CARTESIAN_POINT('',(1.1,0.162940974705077,0.551703714700998));
#20755=CARTESIAN_POINT('',(1.1,0.162940974705077,0.551703714700998));
#20756=CARTESIAN_POINT('',(1.1,0.1,0.534838699999999));
#20757=CARTESIAN_POINT('',(1.1,0.1,0.534838699999999));
#20758=CARTESIAN_POINT('',(1.1,0.1,0.15));
#20759=CARTESIAN_POINT('',(1.1,4.25,0.15));
#20760=CARTESIAN_POINT('',(1.1,4.25,0.15));
#20761=CARTESIAN_POINT('',(1.1,0.489999999999999,0.15));
#20762=CARTESIAN_POINT('',(3.1,0.1,0.15));
#20763=CARTESIAN_POINT('',(2.9,4.25,0.15));
#20764=CARTESIAN_POINT('',(2.9,0.489999999999999,0.15));
#20765=CARTESIAN_POINT('',(2.9,0.489999999999999,0.15));
#20766=CARTESIAN_POINT('',(2.9,4.25,0.15));
#20767=CARTESIAN_POINT('',(2.9,0.1,0.15));
#20768=CARTESIAN_POINT('',(2.9,0.1,0.534838699999999));
#20769=CARTESIAN_POINT('',(2.9,0.1,0.534838699999999));
#20770=CARTESIAN_POINT('',(2.9,0.162940974705077,0.551703714700998));
#20771=CARTESIAN_POINT('',(2.9,0.162940974705077,0.551703714700998));
#20772=CARTESIAN_POINT('',(2.9,0.15,0.6));
#20773=CARTESIAN_POINT('',(2.9,0.2,0.6));
#20774=CARTESIAN_POINT('',(2.9,0.2,1.00020034129088));
#20775=CARTESIAN_POINT('',(2.9,0.2,1.00020034129088));
#20776=CARTESIAN_POINT('',(2.9,0.15,1.00020034129088));
#20777=CARTESIAN_POINT('',(2.9,0.162940974705077,1.04849662658988));
#20778=CARTESIAN_POINT('',(2.9,0.0119527145827343,1.08895388418039));
#20779=CARTESIAN_POINT('',(2.9,0.0119527145827343,1.08895388418039));
#20780=CARTESIAN_POINT('',(2.9,-0.180384799999999,1.2));
#20781=CARTESIAN_POINT('',(2.9,-0.180384799999999,1.2));
#20782=CARTESIAN_POINT('',(2.9,-0.55,1.2));
#20783=CARTESIAN_POINT('',(2.9,-0.55,1.2));
#20784=CARTESIAN_POINT('',(2.9,-0.55,1.35));
#20785=CARTESIAN_POINT('',(2.9,-0.55,1.5));
#20786=CARTESIAN_POINT('',(2.9,0.1,1.5));
#20787=CARTESIAN_POINT('',(2.1,4.25,2.25));
#20788=CARTESIAN_POINT('',(2.1,0.489999999999999,2.25));
#20789=CARTESIAN_POINT('',(2.1,0.489999999999999,0.15));
#20790=CARTESIAN_POINT('',(2.1,0.1,1.5));
#20791=CARTESIAN_POINT('',(2.1,-0.55,1.5));
#20792=CARTESIAN_POINT('',(2.1,-0.55,1.35));
#20793=CARTESIAN_POINT('',(2.1,-0.55,1.2));
#20794=CARTESIAN_POINT('',(2.1,-0.55,1.2));
#20795=CARTESIAN_POINT('',(2.1,-0.180384799999999,1.2));
#20796=CARTESIAN_POINT('',(2.1,-0.180384799999999,1.2));
#20797=CARTESIAN_POINT('',(2.1,0.0119527145827343,1.08895388418039));
#20798=CARTESIAN_POINT('',(2.1,0.0119527145827343,1.08895388418039));
#20799=CARTESIAN_POINT('',(2.1,0.162940974705077,1.04849662658988));
#20800=CARTESIAN_POINT('',(2.1,0.15,1.00020034129088));
#20801=CARTESIAN_POINT('',(2.1,0.2,1.00020034129088));
#20802=CARTESIAN_POINT('',(2.1,0.2,1.00020034129088));
#20803=CARTESIAN_POINT('',(2.1,0.2,0.6));
#20804=CARTESIAN_POINT('',(2.1,0.15,0.6));
#20805=CARTESIAN_POINT('',(2.1,0.162940974705077,0.551703714700998));
#20806=CARTESIAN_POINT('',(2.1,0.162940974705077,0.551703714700998));
#20807=CARTESIAN_POINT('',(2.1,0.1,0.534838699999999));
#20808=CARTESIAN_POINT('',(2.1,0.1,0.534838699999999));
#20809=CARTESIAN_POINT('',(2.1,0.1,0.15));
#20810=CARTESIAN_POINT('',(2.1,4.25,0.15));
#20811=CARTESIAN_POINT('',(2.1,4.25,0.15));
#20812=CARTESIAN_POINT('',(2.1,0.489999999999999,0.15));
#20813=CARTESIAN_POINT('',(3.1,0.1,0.15));
#20814=CARTESIAN_POINT('',(2.9,4.25,-1.45));
#20815=CARTESIAN_POINT('',(2.9,0.489999999999999,-1.45));
#20816=CARTESIAN_POINT('',(2.9,0.489999999999999,0.05));
#20817=CARTESIAN_POINT('',(2.9,0.1,-0.565161300000001));
#20818=CARTESIAN_POINT('',(2.9,0.1,-0.565161300000001));
#20819=CARTESIAN_POINT('',(2.9,0.162940974705077,-0.548296285299002));
#20820=CARTESIAN_POINT('',(2.9,0.162940974705077,-0.548296285299002));
#20821=CARTESIAN_POINT('',(2.9,0.15,-0.5));
#20822=CARTESIAN_POINT('',(2.9,0.2,-0.5));
#20823=CARTESIAN_POINT('',(2.9,0.2,-0.0997996587091243));
#20824=CARTESIAN_POINT('',(2.9,0.2,-0.0997996587091243));
#20825=CARTESIAN_POINT('',(2.9,0.15,-0.0997996587091245));
#20826=CARTESIAN_POINT('',(2.9,0.162940974705077,-0.0515033734101228));
#20827=CARTESIAN_POINT('',(2.9,0.1,-0.0346383587091238));
#20828=CARTESIAN_POINT('',(2.9,0.1,-0.0346383587091237));
#20829=CARTESIAN_POINT('',(2.9,0.1,0.534838699999999));
#20830=CARTESIAN_POINT('',(2.9,0.1,0.0500000000000001));
#20831=CARTESIAN_POINT('',(2.9,4.25,0.0500000000000001));
#20832=CARTESIAN_POINT('',(2.9,4.25,0.05));
#20833=CARTESIAN_POINT('',(2.9,0.489999999999999,0.05));
#20834=CARTESIAN_POINT('',(2.1,0.489999999999999,0.05));
#20835=CARTESIAN_POINT('',(3.1,0.1,0.05));
#20836=CARTESIAN_POINT('',(2.1,0.1,0.05));
#20837=CARTESIAN_POINT('',(2.1,4.25,0.05));
#20838=CARTESIAN_POINT('',(2.1,4.25,0.05));
#20839=CARTESIAN_POINT('',(2.1,0.489999999999999,0.0499999999999999));
#20840=CARTESIAN_POINT('',(2.1,0.1,0.534838699999999));
#20841=CARTESIAN_POINT('',(2.1,0.1,-0.0346383587091237));
#20842=CARTESIAN_POINT('',(2.1,0.1,-0.0346383587091238));
#20843=CARTESIAN_POINT('',(2.1,0.162940974705077,-0.0515033734101228));
#20844=CARTESIAN_POINT('',(2.1,0.15,-0.0997996587091245));
#20845=CARTESIAN_POINT('',(2.1,0.2,-0.0997996587091243));
#20846=CARTESIAN_POINT('',(2.1,0.2,-0.0997996587091243));
#20847=CARTESIAN_POINT('',(2.1,0.2,-0.5));
#20848=CARTESIAN_POINT('',(2.1,0.15,-0.5));
#20849=CARTESIAN_POINT('',(2.1,0.162940974705077,-0.548296285299002));
#20850=CARTESIAN_POINT('',(2.1,0.162940974705077,-0.548296285299002));
#20851=CARTESIAN_POINT('',(2.1,0.1,-0.565161300000001));
#20852=CARTESIAN_POINT('',(2.1,0.1,-0.565161300000001));
#20853=CARTESIAN_POINT('',(1.9,4.25,-1.45));
#20854=CARTESIAN_POINT('',(1.9,0.489999999999999,-1.45));
#20855=CARTESIAN_POINT('',(1.9,0.489999999999999,0.05));
#20856=CARTESIAN_POINT('',(1.9,0.1,-0.565161300000001));
#20857=CARTESIAN_POINT('',(1.9,0.1,-0.565161300000001));
#20858=CARTESIAN_POINT('',(1.9,0.162940974705077,-0.548296285299002));
#20859=CARTESIAN_POINT('',(1.9,0.162940974705077,-0.548296285299002));
#20860=CARTESIAN_POINT('',(1.9,0.15,-0.5));
#20861=CARTESIAN_POINT('',(1.9,0.2,-0.5));
#20862=CARTESIAN_POINT('',(1.9,0.2,-0.0997996587091243));
#20863=CARTESIAN_POINT('',(1.9,0.2,-0.0997996587091243));
#20864=CARTESIAN_POINT('',(1.9,0.15,-0.0997996587091245));
#20865=CARTESIAN_POINT('',(1.9,0.162940974705077,-0.0515033734101228));
#20866=CARTESIAN_POINT('',(1.9,0.1,-0.0346383587091238));
#20867=CARTESIAN_POINT('',(1.9,0.1,-0.0346383587091237));
#20868=CARTESIAN_POINT('',(1.9,0.1,0.534838699999999));
#20869=CARTESIAN_POINT('',(1.9,0.1,0.0500000000000001));
#20870=CARTESIAN_POINT('',(1.9,4.25,0.0500000000000001));
#20871=CARTESIAN_POINT('',(1.9,4.25,0.05));
#20872=CARTESIAN_POINT('',(1.9,0.489999999999999,0.05));
#20873=CARTESIAN_POINT('',(1.1,0.489999999999999,0.05));
#20874=CARTESIAN_POINT('',(3.1,0.1,0.05));
#20875=CARTESIAN_POINT('',(1.1,0.1,0.05));
#20876=CARTESIAN_POINT('',(1.1,4.25,0.05));
#20877=CARTESIAN_POINT('',(1.1,4.25,0.05));
#20878=CARTESIAN_POINT('',(1.1,0.489999999999999,0.0499999999999999));
#20879=CARTESIAN_POINT('',(1.1,0.1,0.534838699999999));
#20880=CARTESIAN_POINT('',(1.1,0.1,-0.0346383587091237));
#20881=CARTESIAN_POINT('',(1.1,0.1,-0.0346383587091238));
#20882=CARTESIAN_POINT('',(1.1,0.162940974705077,-0.0515033734101228));
#20883=CARTESIAN_POINT('',(1.1,0.15,-0.0997996587091245));
#20884=CARTESIAN_POINT('',(1.1,0.2,-0.0997996587091243));
#20885=CARTESIAN_POINT('',(1.1,0.2,-0.0997996587091243));
#20886=CARTESIAN_POINT('',(1.1,0.2,-0.5));
#20887=CARTESIAN_POINT('',(1.1,0.15,-0.5));
#20888=CARTESIAN_POINT('',(1.1,0.162940974705077,-0.548296285299002));
#20889=CARTESIAN_POINT('',(1.1,0.162940974705077,-0.548296285299002));
#20890=CARTESIAN_POINT('',(1.1,0.1,-0.565161300000001));
#20891=CARTESIAN_POINT('',(1.1,0.1,-0.565161300000001));
#20892=CARTESIAN_POINT('',(0.9,4.25,-1.45));
#20893=CARTESIAN_POINT('',(0.9,0.489999999999999,-1.45));
#20894=CARTESIAN_POINT('',(0.9,0.489999999999999,0.05));
#20895=CARTESIAN_POINT('',(0.9,0.1,-0.565161300000001));
#20896=CARTESIAN_POINT('',(0.9,0.1,-0.565161300000001));
#20897=CARTESIAN_POINT('',(0.9,0.162940974705077,-0.548296285299002));
#20898=CARTESIAN_POINT('',(0.9,0.162940974705077,-0.548296285299002));
#20899=CARTESIAN_POINT('',(0.9,0.15,-0.5));
#20900=CARTESIAN_POINT('',(0.9,0.2,-0.5));
#20901=CARTESIAN_POINT('',(0.9,0.2,-0.0997996587091243));
#20902=CARTESIAN_POINT('',(0.9,0.2,-0.0997996587091243));
#20903=CARTESIAN_POINT('',(0.9,0.15,-0.0997996587091245));
#20904=CARTESIAN_POINT('',(0.9,0.162940974705077,-0.0515033734101228));
#20905=CARTESIAN_POINT('',(0.9,0.1,-0.0346383587091238));
#20906=CARTESIAN_POINT('',(0.9,0.1,-0.0346383587091237));
#20907=CARTESIAN_POINT('',(0.9,0.1,0.534838699999999));
#20908=CARTESIAN_POINT('',(0.9,0.1,0.0500000000000001));
#20909=CARTESIAN_POINT('',(0.9,4.25,0.0500000000000001));
#20910=CARTESIAN_POINT('',(0.9,4.25,0.05));
#20911=CARTESIAN_POINT('',(0.9,0.489999999999999,0.05));
#20912=CARTESIAN_POINT('',(0.1,0.489999999999999,0.05));
#20913=CARTESIAN_POINT('',(3.1,0.1,0.05));
#20914=CARTESIAN_POINT('',(0.1,0.1,0.05));
#20915=CARTESIAN_POINT('',(0.1,4.25,0.05));
#20916=CARTESIAN_POINT('',(0.1,4.25,0.05));
#20917=CARTESIAN_POINT('',(0.1,0.489999999999999,0.0499999999999999));
#20918=CARTESIAN_POINT('',(0.1,0.1,0.534838699999999));
#20919=CARTESIAN_POINT('',(0.1,0.1,-0.0346383587091237));
#20920=CARTESIAN_POINT('',(0.1,0.1,-0.0346383587091238));
#20921=CARTESIAN_POINT('',(0.1,0.162940974705077,-0.0515033734101228));
#20922=CARTESIAN_POINT('',(0.1,0.15,-0.0997996587091245));
#20923=CARTESIAN_POINT('',(0.1,0.2,-0.0997996587091243));
#20924=CARTESIAN_POINT('',(0.1,0.2,-0.0997996587091243));
#20925=CARTESIAN_POINT('',(0.1,0.2,-0.5));
#20926=CARTESIAN_POINT('',(0.1,0.15,-0.5));
#20927=CARTESIAN_POINT('',(0.1,0.162940974705077,-0.548296285299002));
#20928=CARTESIAN_POINT('',(0.1,0.162940974705077,-0.548296285299002));
#20929=CARTESIAN_POINT('',(0.1,0.1,-0.565161300000001));
#20930=CARTESIAN_POINT('',(0.1,0.1,-0.565161300000001));
#20931=CARTESIAN_POINT('',(-0.1,4.25,-1.45));
#20932=CARTESIAN_POINT('',(-0.1,0.489999999999999,-1.45));
#20933=CARTESIAN_POINT('',(-0.1,0.489999999999999,0.05));
#20934=CARTESIAN_POINT('',(-0.1,0.1,-0.565161300000001));
#20935=CARTESIAN_POINT('',(-0.1,0.1,-0.565161300000001));
#20936=CARTESIAN_POINT('',(-0.1,0.162940974705077,-0.548296285299002));
#20937=CARTESIAN_POINT('',(-0.1,0.162940974705077,-0.548296285299002));
#20938=CARTESIAN_POINT('',(-0.1,0.15,-0.5));
#20939=CARTESIAN_POINT('',(-0.1,0.2,-0.5));
#20940=CARTESIAN_POINT('',(-0.1,0.2,-0.0997996587091243));
#20941=CARTESIAN_POINT('',(-0.1,0.2,-0.0997996587091243));
#20942=CARTESIAN_POINT('',(-0.1,0.15,-0.0997996587091245));
#20943=CARTESIAN_POINT('',(-0.1,0.162940974705077,-0.0515033734101228));
#20944=CARTESIAN_POINT('',(-0.1,0.1,-0.0346383587091238));
#20945=CARTESIAN_POINT('',(-0.1,0.1,-0.0346383587091237));
#20946=CARTESIAN_POINT('',(-0.1,0.1,0.534838699999999));
#20947=CARTESIAN_POINT('',(-0.1,0.1,0.0500000000000001));
#20948=CARTESIAN_POINT('',(-0.1,4.25,0.0500000000000001));
#20949=CARTESIAN_POINT('',(-0.1,4.25,0.05));
#20950=CARTESIAN_POINT('',(-0.1,0.489999999999999,0.05));
#20951=CARTESIAN_POINT('',(-0.9,0.489999999999999,0.05));
#20952=CARTESIAN_POINT('',(3.1,0.1,0.05));
#20953=CARTESIAN_POINT('',(-0.9,0.1,0.05));
#20954=CARTESIAN_POINT('',(-0.9,4.25,0.05));
#20955=CARTESIAN_POINT('',(-0.9,4.25,0.05));
#20956=CARTESIAN_POINT('',(-0.9,0.489999999999999,0.0499999999999999));
#20957=CARTESIAN_POINT('',(-0.9,0.1,0.534838699999999));
#20958=CARTESIAN_POINT('',(-0.9,0.1,-0.0346383587091237));
#20959=CARTESIAN_POINT('',(-0.9,0.1,-0.0346383587091238));
#20960=CARTESIAN_POINT('',(-0.9,0.162940974705077,-0.0515033734101228));
#20961=CARTESIAN_POINT('',(-0.9,0.15,-0.0997996587091245));
#20962=CARTESIAN_POINT('',(-0.9,0.2,-0.0997996587091243));
#20963=CARTESIAN_POINT('',(-0.9,0.2,-0.0997996587091243));
#20964=CARTESIAN_POINT('',(-0.9,0.2,-0.5));
#20965=CARTESIAN_POINT('',(-0.9,0.15,-0.5));
#20966=CARTESIAN_POINT('',(-0.9,0.162940974705077,-0.548296285299002));
#20967=CARTESIAN_POINT('',(-0.9,0.162940974705077,-0.548296285299002));
#20968=CARTESIAN_POINT('',(-0.9,0.1,-0.565161300000001));
#20969=CARTESIAN_POINT('',(-0.9,0.1,-0.565161300000001));
#20970=CARTESIAN_POINT('',(-1.1,4.25,-1.45));
#20971=CARTESIAN_POINT('',(-1.1,0.489999999999999,-1.45));
#20972=CARTESIAN_POINT('',(-1.1,0.489999999999999,0.05));
#20973=CARTESIAN_POINT('',(-1.1,0.1,-0.565161300000001));
#20974=CARTESIAN_POINT('',(-1.1,0.1,-0.565161300000001));
#20975=CARTESIAN_POINT('',(-1.1,0.162940974705077,-0.548296285299002));
#20976=CARTESIAN_POINT('',(-1.1,0.162940974705077,-0.548296285299002));
#20977=CARTESIAN_POINT('',(-1.1,0.15,-0.5));
#20978=CARTESIAN_POINT('',(-1.1,0.2,-0.5));
#20979=CARTESIAN_POINT('',(-1.1,0.2,-0.0997996587091243));
#20980=CARTESIAN_POINT('',(-1.1,0.2,-0.0997996587091243));
#20981=CARTESIAN_POINT('',(-1.1,0.15,-0.0997996587091245));
#20982=CARTESIAN_POINT('',(-1.1,0.162940974705077,-0.0515033734101228));
#20983=CARTESIAN_POINT('',(-1.1,0.1,-0.0346383587091238));
#20984=CARTESIAN_POINT('',(-1.1,0.1,-0.0346383587091237));
#20985=CARTESIAN_POINT('',(-1.1,0.1,0.534838699999999));
#20986=CARTESIAN_POINT('',(-1.1,0.1,0.0500000000000001));
#20987=CARTESIAN_POINT('',(-1.1,4.25,0.0500000000000001));
#20988=CARTESIAN_POINT('',(-1.1,4.25,0.05));
#20989=CARTESIAN_POINT('',(-1.1,0.489999999999999,0.05));
#20990=CARTESIAN_POINT('',(-1.9,0.489999999999999,0.05));
#20991=CARTESIAN_POINT('',(3.1,0.1,0.05));
#20992=CARTESIAN_POINT('',(-1.9,0.1,0.05));
#20993=CARTESIAN_POINT('',(-1.9,4.25,0.05));
#20994=CARTESIAN_POINT('',(-1.9,4.25,0.05));
#20995=CARTESIAN_POINT('',(-1.9,0.489999999999999,0.0499999999999999));
#20996=CARTESIAN_POINT('',(-1.9,0.1,0.534838699999999));
#20997=CARTESIAN_POINT('',(-1.9,0.1,-0.0346383587091237));
#20998=CARTESIAN_POINT('',(-1.9,0.1,-0.0346383587091238));
#20999=CARTESIAN_POINT('',(-1.9,0.162940974705077,-0.0515033734101228));
#21000=CARTESIAN_POINT('',(-1.9,0.15,-0.0997996587091245));
#21001=CARTESIAN_POINT('',(-1.9,0.2,-0.0997996587091243));
#21002=CARTESIAN_POINT('',(-1.9,0.2,-0.0997996587091243));
#21003=CARTESIAN_POINT('',(-1.9,0.2,-0.5));
#21004=CARTESIAN_POINT('',(-1.9,0.15,-0.5));
#21005=CARTESIAN_POINT('',(-1.9,0.162940974705077,-0.548296285299002));
#21006=CARTESIAN_POINT('',(-1.9,0.162940974705077,-0.548296285299002));
#21007=CARTESIAN_POINT('',(-1.9,0.1,-0.565161300000001));
#21008=CARTESIAN_POINT('',(-1.9,0.1,-0.565161300000001));
#21009=CARTESIAN_POINT('',(-2.9,4.25,0.05));
#21010=CARTESIAN_POINT('',(-2.9,0.489999999999999,0.0499999999999999));
#21011=CARTESIAN_POINT('',(-2.9,0.489999999999999,0.05));
#21012=CARTESIAN_POINT('',(-2.9,4.25,0.05));
#21013=CARTESIAN_POINT('',(-2.9,0.1,0.05));
#21014=CARTESIAN_POINT('',(-2.9,0.1,0.534838699999999));
#21015=CARTESIAN_POINT('',(-2.9,0.1,-0.0346383587091237));
#21016=CARTESIAN_POINT('',(-2.9,0.1,-0.0346383587091238));
#21017=CARTESIAN_POINT('',(-2.9,0.162940974705077,-0.0515033734101228));
#21018=CARTESIAN_POINT('',(-2.9,0.15,-0.0997996587091245));
#21019=CARTESIAN_POINT('',(-2.9,0.2,-0.0997996587091243));
#21020=CARTESIAN_POINT('',(-2.9,0.2,-0.0997996587091243));
#21021=CARTESIAN_POINT('',(-2.9,0.2,-0.5));
#21022=CARTESIAN_POINT('',(-2.9,0.15,-0.5));
#21023=CARTESIAN_POINT('',(-2.9,0.162940974705077,-0.548296285299002));
#21024=CARTESIAN_POINT('',(-2.9,0.162940974705077,-0.548296285299002));
#21025=CARTESIAN_POINT('',(-2.9,0.1,-0.565161300000001));
#21026=CARTESIAN_POINT('',(-2.9,0.1,-0.565161300000001));
#21027=CARTESIAN_POINT('',(-2.1,4.25,0.05));
#21028=CARTESIAN_POINT('',(-2.1,0.489999999999999,0.05));
#21029=CARTESIAN_POINT('',(-2.1,0.489999999999999,0.0500000000000001));
#21030=CARTESIAN_POINT('',(-2.1,4.25,0.0500000000000001));
#21031=CARTESIAN_POINT('',(-2.1,0.1,0.0500000000000001));
#21032=CARTESIAN_POINT('',(3.1,0.1,0.05));
#21033=CARTESIAN_POINT('',(-2.1,4.25,-1.45));
#21034=CARTESIAN_POINT('',(-2.1,0.489999999999999,-1.45));
#21035=CARTESIAN_POINT('',(-2.1,0.1,-0.565161300000001));
#21036=CARTESIAN_POINT('',(-2.1,0.1,-0.565161300000001));
#21037=CARTESIAN_POINT('',(-2.1,0.162940974705077,-0.548296285299002));
#21038=CARTESIAN_POINT('',(-2.1,0.162940974705077,-0.548296285299002));
#21039=CARTESIAN_POINT('',(-2.1,0.15,-0.5));
#21040=CARTESIAN_POINT('',(-2.1,0.2,-0.5));
#21041=CARTESIAN_POINT('',(-2.1,0.2,-0.0997996587091243));
#21042=CARTESIAN_POINT('',(-2.1,0.2,-0.0997996587091243));
#21043=CARTESIAN_POINT('',(-2.1,0.15,-0.0997996587091245));
#21044=CARTESIAN_POINT('',(-2.1,0.162940974705077,-0.0515033734101228));
#21045=CARTESIAN_POINT('',(-2.1,0.1,-0.0346383587091238));
#21046=CARTESIAN_POINT('',(-2.1,0.1,-0.0346383587091237));
#21047=CARTESIAN_POINT('',(-2.1,0.1,0.534838699999999));
#21048=CARTESIAN_POINT('',(3.1,-0.55,1.35));
#21049=CARTESIAN_POINT('',(3.1,-0.55,1.5));
#21050=CARTESIAN_POINT('',(3.1,-0.55,1.2));
#21051=CARTESIAN_POINT('',(3.1,-0.55,1.35));
#21052=CARTESIAN_POINT('',(3.1,-0.55,1.2));
#21053=CARTESIAN_POINT('',(3.1,-0.55,1.5));
#21054=CARTESIAN_POINT('',(3.1,-0.55,1.35));
#21055=CARTESIAN_POINT('',(3.1,-0.55,1.2));
#21056=CARTESIAN_POINT('',(3.1,-0.55,1.5));
#21057=CARTESIAN_POINT('',(3.1,-0.55,1.35));
#21058=CARTESIAN_POINT('',(3.1,-0.55,1.2));
#21059=CARTESIAN_POINT('',(3.1,-0.55,1.5));
#21060=CARTESIAN_POINT('',(3.1,-0.55,1.35));
#21061=CARTESIAN_POINT('',(3.1,-0.55,1.2));
#21062=CARTESIAN_POINT('',(3.1,-0.55,1.5));
#21063=CARTESIAN_POINT('',(3.1,-0.55,1.35));
#21064=CARTESIAN_POINT('',(3.1,-0.55,1.2));
#21065=CARTESIAN_POINT('',(3.1,-0.55,1.5));
#21066=CARTESIAN_POINT('',(3.1,0.1,1.5));
#21067=CARTESIAN_POINT('',(3.1,0.1,1.5));
#21068=CARTESIAN_POINT('',(3.1,0.1,1.5));
#21069=CARTESIAN_POINT('',(3.1,0.1,1.5));
#21070=CARTESIAN_POINT('',(3.1,0.1,1.5));
#21071=CARTESIAN_POINT('',(3.1,0.1,1.5));
#21072=CARTESIAN_POINT('',(3.1,0.1,-0.565161300000001));
#21073=CARTESIAN_POINT('',(3.1,0.1,-0.565161300000001));
#21074=CARTESIAN_POINT('',(3.1,0.1,-0.565161300000001));
#21075=CARTESIAN_POINT('',(3.1,0.1,-0.565161300000001));
#21076=CARTESIAN_POINT('',(3.1,0.1,-0.565161300000001));
#21077=CARTESIAN_POINT('',(3.1,0.1,-0.565161300000001));
#21078=CARTESIAN_POINT('',(3.1,0.1,-0.565161300000001));
#21079=CARTESIAN_POINT('',(3.1,0.1,-0.565161300000001));
#21080=CARTESIAN_POINT('',(3.1,0.1,-0.565161300000001));
#21081=CARTESIAN_POINT('',(3.1,0.1,-0.565161300000001));
#21082=CARTESIAN_POINT('',(3.1,0.1,-0.565161300000001));
#21083=CARTESIAN_POINT('',(3.1,0.1,-0.565161300000001));
#21084=CARTESIAN_POINT('',(3.1,0.162940974705077,-0.548296285299002));
#21085=CARTESIAN_POINT('',(3.1,0.162940974705077,-0.548296285299002));
#21086=CARTESIAN_POINT('',(3.1,0.162940974705077,-0.548296285299002));
#21087=CARTESIAN_POINT('',(3.1,0.162940974705077,-0.548296285299002));
#21088=CARTESIAN_POINT('',(3.1,0.162940974705077,-0.548296285299002));
#21089=CARTESIAN_POINT('',(3.1,0.162940974705077,-0.548296285299002));
#21090=CARTESIAN_POINT('',(3.1,0.162940974705077,-0.548296285299002));
#21091=CARTESIAN_POINT('',(3.1,0.162940974705077,-0.548296285299002));
#21092=CARTESIAN_POINT('',(3.1,0.162940974705077,-0.548296285299002));
#21093=CARTESIAN_POINT('',(3.1,0.162940974705077,-0.548296285299002));
#21094=CARTESIAN_POINT('',(3.1,0.162940974705077,-0.548296285299002));
#21095=CARTESIAN_POINT('',(3.1,0.162940974705077,-0.548296285299002));
#21096=CARTESIAN_POINT('',(3.1,0.15,-0.5));
#21097=CARTESIAN_POINT('',(3.1,0.2,-0.5));
#21098=CARTESIAN_POINT('',(3.1,0.15,-0.5));
#21099=CARTESIAN_POINT('',(3.1,0.2,-0.5));
#21100=CARTESIAN_POINT('',(3.1,0.15,-0.5));
#21101=CARTESIAN_POINT('',(3.1,0.2,-0.5));
#21102=CARTESIAN_POINT('',(3.1,0.15,-0.5));
#21103=CARTESIAN_POINT('',(3.1,0.2,-0.5));
#21104=CARTESIAN_POINT('',(3.1,0.15,-0.5));
#21105=CARTESIAN_POINT('',(3.1,0.2,-0.5));
#21106=CARTESIAN_POINT('',(3.1,0.15,-0.5));
#21107=CARTESIAN_POINT('',(3.1,0.2,-0.5));
#21108=CARTESIAN_POINT('',(3.1,0.2,-0.0997996587091243));
#21109=CARTESIAN_POINT('',(3.1,0.2,-0.0997996587091243));
#21110=CARTESIAN_POINT('',(3.1,0.2,-0.0997996587091243));
#21111=CARTESIAN_POINT('',(3.1,0.2,-0.0997996587091243));
#21112=CARTESIAN_POINT('',(3.1,0.2,-0.0997996587091243));
#21113=CARTESIAN_POINT('',(3.1,0.2,-0.0997996587091243));
#21114=CARTESIAN_POINT('',(3.1,0.2,-0.0997996587091243));
#21115=CARTESIAN_POINT('',(3.1,0.2,-0.0997996587091243));
#21116=CARTESIAN_POINT('',(3.1,0.2,-0.0997996587091243));
#21117=CARTESIAN_POINT('',(3.1,0.2,-0.0997996587091243));
#21118=CARTESIAN_POINT('',(3.1,0.2,-0.0997996587091243));
#21119=CARTESIAN_POINT('',(3.1,0.2,-0.0997996587091243));
#21120=CARTESIAN_POINT('',(3.1,0.15,-0.0997996587091245));
#21121=CARTESIAN_POINT('',(3.1,0.162940974705077,-0.0515033734101228));
#21122=CARTESIAN_POINT('',(3.1,0.15,-0.0997996587091245));
#21123=CARTESIAN_POINT('',(3.1,0.162940974705077,-0.0515033734101228));
#21124=CARTESIAN_POINT('',(3.1,0.15,-0.0997996587091245));
#21125=CARTESIAN_POINT('',(3.1,0.162940974705077,-0.0515033734101228));
#21126=CARTESIAN_POINT('',(3.1,0.15,-0.0997996587091245));
#21127=CARTESIAN_POINT('',(3.1,0.162940974705077,-0.0515033734101228));
#21128=CARTESIAN_POINT('',(3.1,0.15,-0.0997996587091245));
#21129=CARTESIAN_POINT('',(3.1,0.162940974705077,-0.0515033734101228));
#21130=CARTESIAN_POINT('',(3.1,0.15,-0.0997996587091245));
#21131=CARTESIAN_POINT('',(3.1,0.162940974705077,-0.0515033734101228));
#21132=CARTESIAN_POINT('',(3.1,0.1,-0.0346383587091238));
#21133=CARTESIAN_POINT('',(3.1,0.1,-0.0346383587091237));
#21134=CARTESIAN_POINT('',(3.1,0.1,-0.0346383587091238));
#21135=CARTESIAN_POINT('',(3.1,0.1,-0.0346383587091237));
#21136=CARTESIAN_POINT('',(3.1,0.1,-0.0346383587091238));
#21137=CARTESIAN_POINT('',(3.1,0.1,-0.0346383587091237));
#21138=CARTESIAN_POINT('',(3.1,0.1,-0.0346383587091238));
#21139=CARTESIAN_POINT('',(3.1,0.1,-0.0346383587091237));
#21140=CARTESIAN_POINT('',(3.1,0.1,-0.0346383587091238));
#21141=CARTESIAN_POINT('',(3.1,0.1,-0.0346383587091237));
#21142=CARTESIAN_POINT('',(3.1,0.1,-0.0346383587091238));
#21143=CARTESIAN_POINT('',(3.1,0.1,-0.0346383587091237));
#21144=CARTESIAN_POINT('',(3.1,0.162940974705077,0.551703714700998));
#21145=CARTESIAN_POINT('',(3.1,0.162940974705077,0.551703714700998));
#21146=CARTESIAN_POINT('',(3.1,0.1,0.534838699999999));
#21147=CARTESIAN_POINT('',(3.1,0.162940974705077,0.551703714700998));
#21148=CARTESIAN_POINT('',(3.1,0.1,0.534838699999999));
#21149=CARTESIAN_POINT('',(3.1,0.162940974705077,0.551703714700998));
#21150=CARTESIAN_POINT('',(3.1,0.162940974705077,0.551703714700998));
#21151=CARTESIAN_POINT('',(3.1,0.1,0.534838699999999));
#21152=CARTESIAN_POINT('',(3.1,0.162940974705077,0.551703714700998));
#21153=CARTESIAN_POINT('',(3.1,0.162940974705077,0.551703714700998));
#21154=CARTESIAN_POINT('',(3.1,0.1,0.534838699999999));
#21155=CARTESIAN_POINT('',(3.1,0.162940974705077,0.551703714700998));
#21156=CARTESIAN_POINT('',(3.1,0.162940974705077,0.551703714700998));
#21157=CARTESIAN_POINT('',(3.1,0.1,0.534838699999999));
#21158=CARTESIAN_POINT('',(3.1,0.162940974705077,0.551703714700998));
#21159=CARTESIAN_POINT('',(3.1,0.162940974705077,0.551703714700998));
#21160=CARTESIAN_POINT('',(3.1,0.1,0.534838699999999));
#21161=CARTESIAN_POINT('',(3.1,0.162940974705077,0.551703714700998));
#21162=CARTESIAN_POINT('',(3.1,0.15,0.6));
#21163=CARTESIAN_POINT('',(3.1,0.2,0.6));
#21164=CARTESIAN_POINT('',(3.1,0.15,0.6));
#21165=CARTESIAN_POINT('',(3.1,0.2,0.6));
#21166=CARTESIAN_POINT('',(3.1,0.15,0.6));
#21167=CARTESIAN_POINT('',(3.1,0.2,0.6));
#21168=CARTESIAN_POINT('',(3.1,0.15,0.6));
#21169=CARTESIAN_POINT('',(3.1,0.2,0.6));
#21170=CARTESIAN_POINT('',(3.1,0.15,0.6));
#21171=CARTESIAN_POINT('',(3.1,0.2,0.6));
#21172=CARTESIAN_POINT('',(3.1,0.15,0.6));
#21173=CARTESIAN_POINT('',(3.1,0.2,0.6));
#21174=CARTESIAN_POINT('',(3.1,0.2,1.00020034129088));
#21175=CARTESIAN_POINT('',(3.1,0.2,1.00020034129088));
#21176=CARTESIAN_POINT('',(3.1,0.2,1.00020034129088));
#21177=CARTESIAN_POINT('',(3.1,0.2,1.00020034129088));
#21178=CARTESIAN_POINT('',(3.1,0.2,1.00020034129088));
#21179=CARTESIAN_POINT('',(3.1,0.2,1.00020034129088));
#21180=CARTESIAN_POINT('',(3.1,0.2,1.00020034129088));
#21181=CARTESIAN_POINT('',(3.1,0.2,1.00020034129088));
#21182=CARTESIAN_POINT('',(3.1,0.2,1.00020034129088));
#21183=CARTESIAN_POINT('',(3.1,0.2,1.00020034129088));
#21184=CARTESIAN_POINT('',(3.1,0.2,1.00020034129088));
#21185=CARTESIAN_POINT('',(3.1,0.2,1.00020034129088));
#21186=CARTESIAN_POINT('',(3.1,0.15,1.00020034129088));
#21187=CARTESIAN_POINT('',(3.1,0.162940974705077,1.04849662658988));
#21188=CARTESIAN_POINT('',(3.1,0.15,1.00020034129088));
#21189=CARTESIAN_POINT('',(3.1,0.162940974705077,1.04849662658988));
#21190=CARTESIAN_POINT('',(3.1,0.15,1.00020034129088));
#21191=CARTESIAN_POINT('',(3.1,0.162940974705077,1.04849662658988));
#21192=CARTESIAN_POINT('',(3.1,0.15,1.00020034129088));
#21193=CARTESIAN_POINT('',(3.1,0.162940974705077,1.04849662658988));
#21194=CARTESIAN_POINT('',(3.1,0.15,1.00020034129088));
#21195=CARTESIAN_POINT('',(3.1,0.162940974705077,1.04849662658988));
#21196=CARTESIAN_POINT('',(3.1,0.15,1.00020034129088));
#21197=CARTESIAN_POINT('',(3.1,0.162940974705077,1.04849662658988));
#21198=CARTESIAN_POINT('',(3.1,0.0119527145827343,1.08895388418039));
#21199=CARTESIAN_POINT('',(3.1,0.0119527145827343,1.08895388418039));
#21200=CARTESIAN_POINT('',(3.1,0.0119527145827343,1.08895388418039));
#21201=CARTESIAN_POINT('',(3.1,0.0119527145827343,1.08895388418039));
#21202=CARTESIAN_POINT('',(3.1,0.0119527145827343,1.08895388418039));
#21203=CARTESIAN_POINT('',(3.1,0.0119527145827343,1.08895388418039));
#21204=CARTESIAN_POINT('',(3.1,0.0119527145827343,1.08895388418039));
#21205=CARTESIAN_POINT('',(3.1,0.0119527145827343,1.08895388418039));
#21206=CARTESIAN_POINT('',(3.1,0.0119527145827343,1.08895388418039));
#21207=CARTESIAN_POINT('',(3.1,0.0119527145827343,1.08895388418039));
#21208=CARTESIAN_POINT('',(3.1,0.0119527145827343,1.08895388418039));
#21209=CARTESIAN_POINT('',(3.1,0.0119527145827343,1.08895388418039));
#21210=CARTESIAN_POINT('',(3.1,-0.180384799999999,1.2));
#21211=CARTESIAN_POINT('',(3.1,-0.180384799999999,1.2));
#21212=CARTESIAN_POINT('',(3.1,-0.180384799999999,1.2));
#21213=CARTESIAN_POINT('',(3.1,-0.180384799999999,1.2));
#21214=CARTESIAN_POINT('',(3.1,-0.180384799999999,1.2));
#21215=CARTESIAN_POINT('',(3.1,-0.180384799999999,1.2));
#21216=CARTESIAN_POINT('',(3.1,-0.180384799999999,1.2));
#21217=CARTESIAN_POINT('',(3.1,-0.180384799999999,1.2));
#21218=CARTESIAN_POINT('',(3.1,-0.180384799999999,1.2));
#21219=CARTESIAN_POINT('',(3.1,-0.180384799999999,1.2));
#21220=CARTESIAN_POINT('',(3.1,-0.180384799999999,1.2));
#21221=CARTESIAN_POINT('',(3.1,-0.180384799999999,1.2));
#21222=CARTESIAN_POINT('',(3.1,-0.55,1.2));
#21223=CARTESIAN_POINT('',(3.1,-0.55,1.2));
#21224=CARTESIAN_POINT('',(3.1,-0.55,1.2));
#21225=CARTESIAN_POINT('',(3.1,-0.55,1.2));
#21226=CARTESIAN_POINT('',(3.1,-0.55,1.2));
#21227=CARTESIAN_POINT('',(3.1,-0.55,1.2));
#21228=CARTESIAN_POINT('',(3.1,-0.55,1.35));
#21229=CARTESIAN_POINT('',(3.1,-0.55,1.2));
#21230=CARTESIAN_POINT('',(3.1,-0.55,1.5));
#21231=CARTESIAN_POINT('',(3.1,0.1,1.5));
#21232=CARTESIAN_POINT('',(3.1,0.1,-0.565161300000001));
#21233=CARTESIAN_POINT('',(3.1,0.1,-0.565161300000001));
#21234=CARTESIAN_POINT('',(3.1,0.162940974705077,-0.548296285299002));
#21235=CARTESIAN_POINT('',(3.1,0.162940974705077,-0.548296285299002));
#21236=CARTESIAN_POINT('',(3.1,0.15,-0.5));
#21237=CARTESIAN_POINT('',(3.1,0.2,-0.5));
#21238=CARTESIAN_POINT('',(3.1,0.2,-0.0997996587091243));
#21239=CARTESIAN_POINT('',(3.1,0.2,-0.0997996587091243));
#21240=CARTESIAN_POINT('',(3.1,0.15,-0.0997996587091245));
#21241=CARTESIAN_POINT('',(3.1,0.162940974705077,-0.0515033734101228));
#21242=CARTESIAN_POINT('',(3.1,0.1,-0.0346383587091238));
#21243=CARTESIAN_POINT('',(3.1,0.1,-0.0346383587091237));
#21244=CARTESIAN_POINT('',(3.1,0.1,0.534838699999999));
#21245=CARTESIAN_POINT('',(3.1,0.1,0.534838699999999));
#21246=CARTESIAN_POINT('',(3.1,0.162940974705077,0.551703714700998));
#21247=CARTESIAN_POINT('',(3.1,0.162940974705077,0.551703714700998));
#21248=CARTESIAN_POINT('',(3.1,0.15,0.6));
#21249=CARTESIAN_POINT('',(3.1,0.2,0.6));
#21250=CARTESIAN_POINT('',(3.1,0.2,1.00020034129088));
#21251=CARTESIAN_POINT('',(3.1,0.2,1.00020034129088));
#21252=CARTESIAN_POINT('',(3.1,0.15,1.00020034129088));
#21253=CARTESIAN_POINT('',(3.1,0.162940974705077,1.04849662658988));
#21254=CARTESIAN_POINT('',(3.1,0.0119527145827343,1.08895388418039));
#21255=CARTESIAN_POINT('',(3.1,0.0119527145827343,1.08895388418039));
#21256=CARTESIAN_POINT('',(3.1,-0.180384799999999,1.2));
#21257=CARTESIAN_POINT('',(3.1,-0.180384799999999,1.2));
#21258=CARTESIAN_POINT('',(3.1,-0.55,1.2));
#21259=CARTESIAN_POINT('',(50.,0.489999999999998,20.));
#21260=CARTESIAN_POINT('',(0.,0.,0.));
#21261=CARTESIAN_POINT('',(3.1,0.5,1.26905989232415));
#21262=CARTESIAN_POINT('',(3.1,0.489999999999999,1.27483339501605));
#21263=CARTESIAN_POINT('',(3.1,0.489999999999999,1.27483339501605));
#21264=CARTESIAN_POINT('',(2.9,0.489999999999999,1.27483339501605));
#21265=CARTESIAN_POINT('',(3.1,0.5,1.26905989232415));
#21266=CARTESIAN_POINT('',(3.1,0.5,1.26905989232415));
#21267=CARTESIAN_POINT('',(3.1,0.5,1.26905989232415));
#21268=CARTESIAN_POINT('',(2.9,0.5,1.26905989232415));
#21269=CARTESIAN_POINT('',(2.9,0.5,1.26905989232415));
#21270=CARTESIAN_POINT('',(3.1,0.5,1.26905989232415));
#21271=CARTESIAN_POINT('',(3.1,0.489999999999999,1.27483339501605));
#21272=CARTESIAN_POINT('',(2.1,0.489999999999999,1.27483339501605));
#21273=CARTESIAN_POINT('',(1.9,0.489999999999999,1.27483339501605));
#21274=CARTESIAN_POINT('',(2.1,0.5,1.26905989232415));
#21275=CARTESIAN_POINT('',(2.1,0.5,1.26905989232415));
#21276=CARTESIAN_POINT('',(3.1,0.5,1.26905989232415));
#21277=CARTESIAN_POINT('',(1.9,0.5,1.26905989232415));
#21278=CARTESIAN_POINT('',(1.9,0.5,1.26905989232415));
#21279=CARTESIAN_POINT('',(3.1,0.5,1.26905989232415));
#21280=CARTESIAN_POINT('',(3.1,0.489999999999999,1.27483339501605));
#21281=CARTESIAN_POINT('',(1.1,0.489999999999999,1.27483339501605));
#21282=CARTESIAN_POINT('',(0.9,0.489999999999999,1.27483339501605));
#21283=CARTESIAN_POINT('',(1.1,0.5,1.26905989232415));
#21284=CARTESIAN_POINT('',(1.1,0.5,1.26905989232415));
#21285=CARTESIAN_POINT('',(3.1,0.5,1.26905989232415));
#21286=CARTESIAN_POINT('',(0.9,0.5,1.26905989232415));
#21287=CARTESIAN_POINT('',(0.9,0.5,1.26905989232415));
#21288=CARTESIAN_POINT('',(3.1,0.5,1.26905989232415));
#21289=CARTESIAN_POINT('',(3.1,0.489999999999999,1.27483339501605));
#21290=CARTESIAN_POINT('',(0.1,0.489999999999999,1.27483339501605));
#21291=CARTESIAN_POINT('',(-0.1,0.489999999999999,1.27483339501605));
#21292=CARTESIAN_POINT('',(0.1,0.5,1.26905989232415));
#21293=CARTESIAN_POINT('',(0.1,0.5,1.26905989232415));
#21294=CARTESIAN_POINT('',(3.1,0.5,1.26905989232415));
#21295=CARTESIAN_POINT('',(-0.1,0.5,1.26905989232415));
#21296=CARTESIAN_POINT('',(-0.1,0.5,1.26905989232415));
#21297=CARTESIAN_POINT('',(3.1,0.5,1.26905989232415));
#21298=CARTESIAN_POINT('',(3.1,0.489999999999999,1.27483339501605));
#21299=CARTESIAN_POINT('',(-0.9,0.489999999999999,1.27483339501605));
#21300=CARTESIAN_POINT('',(-1.1,0.489999999999999,1.27483339501605));
#21301=CARTESIAN_POINT('',(-0.9,0.5,1.26905989232415));
#21302=CARTESIAN_POINT('',(-0.9,0.5,1.26905989232415));
#21303=CARTESIAN_POINT('',(3.1,0.5,1.26905989232415));
#21304=CARTESIAN_POINT('',(-1.1,0.5,1.26905989232415));
#21305=CARTESIAN_POINT('',(-1.1,0.5,1.26905989232415));
#21306=CARTESIAN_POINT('',(3.1,0.5,1.26905989232415));
#21307=CARTESIAN_POINT('',(3.1,0.489999999999999,1.27483339501605));
#21308=CARTESIAN_POINT('',(-1.9,0.489999999999999,1.27483339501605));
#21309=CARTESIAN_POINT('',(-2.1,0.489999999999999,1.27483339501605));
#21310=CARTESIAN_POINT('',(-1.9,0.5,1.26905989232415));
#21311=CARTESIAN_POINT('',(-1.9,0.5,1.26905989232415));
#21312=CARTESIAN_POINT('',(3.1,0.5,1.26905989232415));
#21313=CARTESIAN_POINT('',(-2.1,0.5,1.26905989232415));
#21314=CARTESIAN_POINT('',(-2.1,0.5,1.26905989232415));
#21315=CARTESIAN_POINT('',(3.1,0.1,-0.8));
#21316=CARTESIAN_POINT('',(3.1,0.489999999999999,-0.8));
#21317=CARTESIAN_POINT('',(-3.1,0.489999999999999,-0.8));
#21318=CARTESIAN_POINT('',(-2.9,0.489999999999999,-0.8));
#21319=CARTESIAN_POINT('',(-3.1,0.1,-0.8));
#21320=CARTESIAN_POINT('',(-3.1,0.5,-0.8));
#21321=CARTESIAN_POINT('',(3.1,0.5,-0.8));
#21322=CARTESIAN_POINT('',(-2.9,0.5,-0.8));
#21323=CARTESIAN_POINT('',(-2.9,0.1,-0.8));
#21324=CARTESIAN_POINT('',(3.1,0.1,-0.8));
#21325=CARTESIAN_POINT('',(3.1,0.489999999999999,-0.8));
#21326=CARTESIAN_POINT('',(-2.1,0.489999999999999,-0.8));
#21327=CARTESIAN_POINT('',(-1.9,0.489999999999999,-0.8));
#21328=CARTESIAN_POINT('',(-2.1,0.1,-0.8));
#21329=CARTESIAN_POINT('',(-2.1,0.5,-0.8));
#21330=CARTESIAN_POINT('',(3.1,0.5,-0.8));
#21331=CARTESIAN_POINT('',(-1.9,0.5,-0.8));
#21332=CARTESIAN_POINT('',(-1.9,0.1,-0.8));
#21333=CARTESIAN_POINT('',(3.1,0.1,-0.8));
#21334=CARTESIAN_POINT('',(3.1,0.489999999999999,-0.8));
#21335=CARTESIAN_POINT('',(-1.1,0.489999999999999,-0.8));
#21336=CARTESIAN_POINT('',(-0.9,0.489999999999999,-0.8));
#21337=CARTESIAN_POINT('',(-1.1,0.1,-0.8));
#21338=CARTESIAN_POINT('',(-1.1,0.5,-0.8));
#21339=CARTESIAN_POINT('',(3.1,0.5,-0.8));
#21340=CARTESIAN_POINT('',(-0.9,0.5,-0.8));
#21341=CARTESIAN_POINT('',(-0.9,0.1,-0.8));
#21342=CARTESIAN_POINT('',(3.1,0.1,-0.8));
#21343=CARTESIAN_POINT('',(3.1,0.489999999999999,-0.8));
#21344=CARTESIAN_POINT('',(-0.1,0.489999999999999,-0.8));
#21345=CARTESIAN_POINT('',(0.1,0.489999999999999,-0.8));
#21346=CARTESIAN_POINT('',(-0.1,0.1,-0.8));
#21347=CARTESIAN_POINT('',(-0.1,0.5,-0.8));
#21348=CARTESIAN_POINT('',(3.1,0.5,-0.8));
#21349=CARTESIAN_POINT('',(0.1,0.5,-0.8));
#21350=CARTESIAN_POINT('',(0.1,0.1,-0.8));
#21351=CARTESIAN_POINT('',(3.1,0.1,-0.8));
#21352=CARTESIAN_POINT('',(3.1,0.489999999999999,-0.8));
#21353=CARTESIAN_POINT('',(0.9,0.489999999999999,-0.8));
#21354=CARTESIAN_POINT('',(1.1,0.489999999999999,-0.8));
#21355=CARTESIAN_POINT('',(0.9,0.1,-0.8));
#21356=CARTESIAN_POINT('',(0.9,0.5,-0.8));
#21357=CARTESIAN_POINT('',(3.1,0.5,-0.8));
#21358=CARTESIAN_POINT('',(1.1,0.5,-0.8));
#21359=CARTESIAN_POINT('',(1.1,0.1,-0.8));
#21360=CARTESIAN_POINT('',(3.1,0.1,-0.8));
#21361=CARTESIAN_POINT('',(3.1,0.489999999999999,-0.8));
#21362=CARTESIAN_POINT('',(1.9,0.489999999999999,-0.8));
#21363=CARTESIAN_POINT('',(2.1,0.489999999999999,-0.8));
#21364=CARTESIAN_POINT('',(1.9,0.1,-0.8));
#21365=CARTESIAN_POINT('',(1.9,0.5,-0.8));
#21366=CARTESIAN_POINT('',(3.1,0.5,-0.8));
#21367=CARTESIAN_POINT('',(2.1,0.5,-0.8));
#21368=CARTESIAN_POINT('',(2.1,0.1,-0.8));
#21369=CARTESIAN_POINT('',(-3.1,0.,0.));
#21370=CARTESIAN_POINT('',(-3.1,0.489999999999999,-1.85940672581264E-17));
#21371=CARTESIAN_POINT('',(-3.1,0.489999999999999,1.27483339501605));
#21372=CARTESIAN_POINT('',(-3.1,0.5,1.26905989232415));
#21373=CARTESIAN_POINT('',(-3.1,0.5,1.26905989232415));
#21374=CARTESIAN_POINT('',(-3.1,0.5,1.2));
#21375=CARTESIAN_POINT('',(-3.1,0.5,1.2));
#21376=CARTESIAN_POINT('',(-3.1,0.6,1.2));
#21377=CARTESIAN_POINT('',(-3.1,0.6,1.1));
#21378=CARTESIAN_POINT('',(-3.1,1.1,1.1));
#21379=CARTESIAN_POINT('',(-3.1,1.1,1.1));
#21380=CARTESIAN_POINT('',(-3.1,1.2,1.04226497308104));
#21381=CARTESIAN_POINT('',(-3.1,1.2,1.04226497308104));
#21382=CARTESIAN_POINT('',(-3.1,1.2,0.694337567297406));
#21383=CARTESIAN_POINT('',(-3.1,1.2,0.694337567297406));
#21384=CARTESIAN_POINT('',(-3.1,0.875,0.506698729810778));
#21385=CARTESIAN_POINT('',(-3.1,0.875,0.506698729810778));
#21386=CARTESIAN_POINT('',(-3.1,0.85,0.55));
#21387=CARTESIAN_POINT('',(-3.1,0.8,0.550000001317089));
#21388=CARTESIAN_POINT('',(-3.1,0.75,0.55));
#21389=CARTESIAN_POINT('',(-3.1,0.75,0.6));
#21390=CARTESIAN_POINT('',(-3.1,0.55,0.6));
#21391=CARTESIAN_POINT('',(-3.1,0.55,0.6));
#21392=CARTESIAN_POINT('',(-3.1,0.55,0.55));
#21393=CARTESIAN_POINT('',(-3.1,0.5,0.55));
#21394=CARTESIAN_POINT('',(-3.1,0.5,-0.15));
#21395=CARTESIAN_POINT('',(-3.1,0.5,-0.15));
#21396=CARTESIAN_POINT('',(-3.1,0.55,-0.15));
#21397=CARTESIAN_POINT('',(-3.1,0.55,-0.2));
#21398=CARTESIAN_POINT('',(-3.1,0.75,-0.2));
#21399=CARTESIAN_POINT('',(-3.1,0.75,-0.2));
#21400=CARTESIAN_POINT('',(-3.1,0.75,-0.15));
#21401=CARTESIAN_POINT('',(-3.1,0.8,-0.150000001317089));
#21402=CARTESIAN_POINT('',(-3.1,0.85,-0.15));
#21403=CARTESIAN_POINT('',(-3.1,0.875,-0.106698729810778));
#21404=CARTESIAN_POINT('',(-3.1,1.03660254037844,-0.2));
#21405=CARTESIAN_POINT('',(-3.1,1.03660254037844,-0.2));
#21406=CARTESIAN_POINT('',(-3.1,1.7,-0.2));
#21407=CARTESIAN_POINT('',(-3.1,1.7,-0.2));
#21408=CARTESIAN_POINT('',(-3.1,2.94500442584713,-0.280483786050667));
#21409=CARTESIAN_POINT('',(-3.1,2.94500442584713,-0.280483786050667));
#21410=CARTESIAN_POINT('',(-3.1,2.937764,-0.392486));
#21411=CARTESIAN_POINT('',(-3.1,3.05,-0.392486));
#21412=CARTESIAN_POINT('',(-3.1,3.05,-0.407514));
#21413=CARTESIAN_POINT('',(-3.1,3.05,-0.407514));
#21414=CARTESIAN_POINT('',(-3.1,2.937764,-0.407514));
#21415=CARTESIAN_POINT('',(-3.1,2.94500442584713,-0.519516213949333));
#21416=CARTESIAN_POINT('',(-3.1,1.7,-0.6));
#21417=CARTESIAN_POINT('',(-3.1,1.7,-0.6));
#21418=CARTESIAN_POINT('',(-3.1,0.5,-0.6));
#21419=CARTESIAN_POINT('',(-3.1,0.5,-0.6));
#21420=CARTESIAN_POINT('',(-3.1,0.5,-0.8));
#21421=CARTESIAN_POINT('',(3.1,0.5,1.26905989232415));
#21422=CARTESIAN_POINT('',(3.1,0.489999999999999,1.27483339501605));
#21423=CARTESIAN_POINT('',(-2.9,0.489999999999999,1.27483339501605));
#21424=CARTESIAN_POINT('',(-2.9,0.5,1.26905989232415));
#21425=CARTESIAN_POINT('',(-2.9,0.5,1.26905989232415));
#21426=CARTESIAN_POINT('',(3.1,0.5,1.26905989232415));
#21427=CARTESIAN_POINT('',(3.1,0.1,-0.8));
#21428=CARTESIAN_POINT('',(3.1,0.489999999999999,-0.8));
#21429=CARTESIAN_POINT('',(2.9,0.489999999999999,-0.8));
#21430=CARTESIAN_POINT('',(3.1,0.489999999999999,-0.8));
#21431=CARTESIAN_POINT('',(2.9,0.1,-0.8));
#21432=CARTESIAN_POINT('',(2.9,0.5,-0.8));
#21433=CARTESIAN_POINT('',(3.1,0.5,-0.8));
#21434=CARTESIAN_POINT('',(3.1,0.5,-0.8));
#21435=CARTESIAN_POINT('',(3.1,0.1,-0.8));
#21436=CARTESIAN_POINT('',(3.1,0.,0.));
#21437=CARTESIAN_POINT('',(3.1,0.489999999999999,-1.85940672581264E-17));
#21438=CARTESIAN_POINT('',(3.1,0.5,-0.8));
#21439=CARTESIAN_POINT('',(3.1,0.5,-0.6));
#21440=CARTESIAN_POINT('',(3.1,0.5,-0.6));
#21441=CARTESIAN_POINT('',(3.1,1.7,-0.6));
#21442=CARTESIAN_POINT('',(3.1,1.7,-0.6));
#21443=CARTESIAN_POINT('',(3.1,2.94500442584713,-0.519516213949333));
#21444=CARTESIAN_POINT('',(3.1,2.937764,-0.407514));
#21445=CARTESIAN_POINT('',(3.1,3.05,-0.407514));
#21446=CARTESIAN_POINT('',(3.1,3.05,-0.407514));
#21447=CARTESIAN_POINT('',(3.1,3.05,-0.392486));
#21448=CARTESIAN_POINT('',(3.1,2.937764,-0.392486));
#21449=CARTESIAN_POINT('',(3.1,2.94500442584713,-0.280483786050667));
#21450=CARTESIAN_POINT('',(3.1,2.94500442584713,-0.280483786050667));
#21451=CARTESIAN_POINT('',(3.1,1.7,-0.2));
#21452=CARTESIAN_POINT('',(3.1,1.7,-0.2));
#21453=CARTESIAN_POINT('',(3.1,1.03660254037844,-0.2));
#21454=CARTESIAN_POINT('',(3.1,1.03660254037844,-0.2));
#21455=CARTESIAN_POINT('',(3.1,0.875,-0.106698729810778));
#21456=CARTESIAN_POINT('',(3.1,0.85,-0.15));
#21457=CARTESIAN_POINT('',(3.1,0.8,-0.150000001317089));
#21458=CARTESIAN_POINT('',(3.1,0.75,-0.15));
#21459=CARTESIAN_POINT('',(3.1,0.75,-0.2));
#21460=CARTESIAN_POINT('',(3.1,0.75,-0.2));
#21461=CARTESIAN_POINT('',(3.1,0.55,-0.2));
#21462=CARTESIAN_POINT('',(3.1,0.55,-0.15));
#21463=CARTESIAN_POINT('',(3.1,0.5,-0.15));
#21464=CARTESIAN_POINT('',(3.1,0.5,-0.15));
#21465=CARTESIAN_POINT('',(3.1,0.5,0.55));
#21466=CARTESIAN_POINT('',(3.1,0.55,0.55));
#21467=CARTESIAN_POINT('',(3.1,0.55,0.6));
#21468=CARTESIAN_POINT('',(3.1,0.55,0.6));
#21469=CARTESIAN_POINT('',(3.1,0.75,0.6));
#21470=CARTESIAN_POINT('',(3.1,0.75,0.55));
#21471=CARTESIAN_POINT('',(3.1,0.8,0.550000001317089));
#21472=CARTESIAN_POINT('',(3.1,0.85,0.55));
#21473=CARTESIAN_POINT('',(3.1,0.875,0.506698729810778));
#21474=CARTESIAN_POINT('',(3.1,0.875,0.506698729810778));
#21475=CARTESIAN_POINT('',(3.1,1.2,0.694337567297406));
#21476=CARTESIAN_POINT('',(3.1,1.2,0.694337567297406));
#21477=CARTESIAN_POINT('',(3.1,1.2,1.04226497308104));
#21478=CARTESIAN_POINT('',(3.1,1.2,1.04226497308104));
#21479=CARTESIAN_POINT('',(3.1,1.1,1.1));
#21480=CARTESIAN_POINT('',(3.1,1.1,1.1));
#21481=CARTESIAN_POINT('',(3.1,0.6,1.1));
#21482=CARTESIAN_POINT('',(3.1,0.6,1.2));
#21483=CARTESIAN_POINT('',(3.1,0.5,1.2));
#21484=CARTESIAN_POINT('',(3.1,0.5,1.2));
#21485=CARTESIAN_POINT('',(-2.1,4.25,0.15));
#21486=CARTESIAN_POINT('',(-2.1,0.489999999999999,0.15));
#21487=CARTESIAN_POINT('',(-2.1,0.489999999999999,0.15));
#21488=CARTESIAN_POINT('',(-2.1,0.5,1.2));
#21489=CARTESIAN_POINT('',(-2.1,0.5,1.2));
#21490=CARTESIAN_POINT('',(-2.1,0.6,1.2));
#21491=CARTESIAN_POINT('',(-2.1,0.6,1.1));
#21492=CARTESIAN_POINT('',(-2.1,1.1,1.1));
#21493=CARTESIAN_POINT('',(-2.1,1.1,1.1));
#21494=CARTESIAN_POINT('',(-2.1,1.2,1.04226497308104));
#21495=CARTESIAN_POINT('',(-2.1,1.2,1.04226497308104));
#21496=CARTESIAN_POINT('',(-2.1,1.2,0.694337567297406));
#21497=CARTESIAN_POINT('',(-2.1,1.2,0.694337567297406));
#21498=CARTESIAN_POINT('',(-2.1,0.875,0.506698729810778));
#21499=CARTESIAN_POINT('',(-2.1,0.875,0.506698729810778));
#21500=CARTESIAN_POINT('',(-2.1,0.85,0.55));
#21501=CARTESIAN_POINT('',(-2.1,0.8,0.550000001317089));
#21502=CARTESIAN_POINT('',(-2.1,0.75,0.55));
#21503=CARTESIAN_POINT('',(-2.1,0.75,0.6));
#21504=CARTESIAN_POINT('',(-2.1,0.55,0.6));
#21505=CARTESIAN_POINT('',(-2.1,0.55,0.6));
#21506=CARTESIAN_POINT('',(-2.1,0.55,0.55));
#21507=CARTESIAN_POINT('',(-2.1,0.5,0.55));
#21508=CARTESIAN_POINT('',(-2.1,0.5,-0.15));
#21509=CARTESIAN_POINT('',(-2.1,0.5,0.15));
#21510=CARTESIAN_POINT('',(-2.1,4.25,0.15));
#21511=CARTESIAN_POINT('',(-2.9,4.25,2.25));
#21512=CARTESIAN_POINT('',(-2.9,0.489999999999999,2.25));
#21513=CARTESIAN_POINT('',(-2.9,0.489999999999999,0.15));
#21514=CARTESIAN_POINT('',(-2.9,4.25,0.15));
#21515=CARTESIAN_POINT('',(-2.9,0.5,0.15));
#21516=CARTESIAN_POINT('',(-2.9,0.5,-0.15));
#21517=CARTESIAN_POINT('',(-2.9,0.5,0.55));
#21518=CARTESIAN_POINT('',(-2.9,0.55,0.55));
#21519=CARTESIAN_POINT('',(-2.9,0.55,0.6));
#21520=CARTESIAN_POINT('',(-2.9,0.55,0.6));
#21521=CARTESIAN_POINT('',(-2.9,0.75,0.6));
#21522=CARTESIAN_POINT('',(-2.9,0.75,0.55));
#21523=CARTESIAN_POINT('',(-2.9,0.8,0.550000001317089));
#21524=CARTESIAN_POINT('',(-2.9,0.85,0.55));
#21525=CARTESIAN_POINT('',(-2.9,0.875,0.506698729810778));
#21526=CARTESIAN_POINT('',(-2.9,0.875,0.506698729810778));
#21527=CARTESIAN_POINT('',(-2.9,1.2,0.694337567297406));
#21528=CARTESIAN_POINT('',(-2.9,1.2,0.694337567297406));
#21529=CARTESIAN_POINT('',(-2.9,1.2,1.04226497308104));
#21530=CARTESIAN_POINT('',(-2.9,1.2,1.04226497308104));
#21531=CARTESIAN_POINT('',(-2.9,1.1,1.1));
#21532=CARTESIAN_POINT('',(-2.9,1.1,1.1));
#21533=CARTESIAN_POINT('',(-2.9,0.6,1.1));
#21534=CARTESIAN_POINT('',(-2.9,0.6,1.2));
#21535=CARTESIAN_POINT('',(-2.9,0.5,1.2));
#21536=CARTESIAN_POINT('',(-2.9,0.5,1.2));
#21537=CARTESIAN_POINT('',(-2.9,4.25,0.15));
#21538=CARTESIAN_POINT('',(-2.9,0.489999999999999,0.15));
#21539=CARTESIAN_POINT('',(3.1,0.5,0.150000000000001));
#21540=CARTESIAN_POINT('',(-1.1,4.25,0.15));
#21541=CARTESIAN_POINT('',(-1.1,0.489999999999999,0.15));
#21542=CARTESIAN_POINT('',(-1.1,0.489999999999999,0.15));
#21543=CARTESIAN_POINT('',(-1.1,0.5,1.2));
#21544=CARTESIAN_POINT('',(-1.1,0.5,1.2));
#21545=CARTESIAN_POINT('',(-1.1,0.6,1.2));
#21546=CARTESIAN_POINT('',(-1.1,0.6,1.1));
#21547=CARTESIAN_POINT('',(-1.1,1.1,1.1));
#21548=CARTESIAN_POINT('',(-1.1,1.1,1.1));
#21549=CARTESIAN_POINT('',(-1.1,1.2,1.04226497308104));
#21550=CARTESIAN_POINT('',(-1.1,1.2,1.04226497308104));
#21551=CARTESIAN_POINT('',(-1.1,1.2,0.694337567297406));
#21552=CARTESIAN_POINT('',(-1.1,1.2,0.694337567297406));
#21553=CARTESIAN_POINT('',(-1.1,0.875,0.506698729810778));
#21554=CARTESIAN_POINT('',(-1.1,0.875,0.506698729810778));
#21555=CARTESIAN_POINT('',(-1.1,0.85,0.55));
#21556=CARTESIAN_POINT('',(-1.1,0.8,0.550000001317089));
#21557=CARTESIAN_POINT('',(-1.1,0.75,0.55));
#21558=CARTESIAN_POINT('',(-1.1,0.75,0.6));
#21559=CARTESIAN_POINT('',(-1.1,0.55,0.6));
#21560=CARTESIAN_POINT('',(-1.1,0.55,0.6));
#21561=CARTESIAN_POINT('',(-1.1,0.55,0.55));
#21562=CARTESIAN_POINT('',(-1.1,0.5,0.55));
#21563=CARTESIAN_POINT('',(-1.1,0.5,-0.15));
#21564=CARTESIAN_POINT('',(-1.1,0.5,0.15));
#21565=CARTESIAN_POINT('',(-1.1,4.25,0.15));
#21566=CARTESIAN_POINT('',(-1.9,4.25,2.25));
#21567=CARTESIAN_POINT('',(-1.9,0.489999999999999,2.25));
#21568=CARTESIAN_POINT('',(-1.9,0.489999999999999,0.15));
#21569=CARTESIAN_POINT('',(-1.9,4.25,0.15));
#21570=CARTESIAN_POINT('',(-1.9,0.5,0.15));
#21571=CARTESIAN_POINT('',(-1.9,0.5,-0.15));
#21572=CARTESIAN_POINT('',(-1.9,0.5,0.55));
#21573=CARTESIAN_POINT('',(-1.9,0.55,0.55));
#21574=CARTESIAN_POINT('',(-1.9,0.55,0.6));
#21575=CARTESIAN_POINT('',(-1.9,0.55,0.6));
#21576=CARTESIAN_POINT('',(-1.9,0.75,0.6));
#21577=CARTESIAN_POINT('',(-1.9,0.75,0.55));
#21578=CARTESIAN_POINT('',(-1.9,0.8,0.550000001317089));
#21579=CARTESIAN_POINT('',(-1.9,0.85,0.55));
#21580=CARTESIAN_POINT('',(-1.9,0.875,0.506698729810778));
#21581=CARTESIAN_POINT('',(-1.9,0.875,0.506698729810778));
#21582=CARTESIAN_POINT('',(-1.9,1.2,0.694337567297406));
#21583=CARTESIAN_POINT('',(-1.9,1.2,0.694337567297406));
#21584=CARTESIAN_POINT('',(-1.9,1.2,1.04226497308104));
#21585=CARTESIAN_POINT('',(-1.9,1.2,1.04226497308104));
#21586=CARTESIAN_POINT('',(-1.9,1.1,1.1));
#21587=CARTESIAN_POINT('',(-1.9,1.1,1.1));
#21588=CARTESIAN_POINT('',(-1.9,0.6,1.1));
#21589=CARTESIAN_POINT('',(-1.9,0.6,1.2));
#21590=CARTESIAN_POINT('',(-1.9,0.5,1.2));
#21591=CARTESIAN_POINT('',(-1.9,0.5,1.2));
#21592=CARTESIAN_POINT('',(-1.9,4.25,0.15));
#21593=CARTESIAN_POINT('',(-1.9,0.489999999999999,0.15));
#21594=CARTESIAN_POINT('',(3.1,0.5,0.150000000000001));
#21595=CARTESIAN_POINT('',(-0.1,4.25,0.15));
#21596=CARTESIAN_POINT('',(-0.1,0.489999999999999,0.15));
#21597=CARTESIAN_POINT('',(-0.1,0.489999999999999,0.15));
#21598=CARTESIAN_POINT('',(-0.1,0.5,1.2));
#21599=CARTESIAN_POINT('',(-0.1,0.5,1.2));
#21600=CARTESIAN_POINT('',(-0.1,0.6,1.2));
#21601=CARTESIAN_POINT('',(-0.1,0.6,1.1));
#21602=CARTESIAN_POINT('',(-0.1,1.1,1.1));
#21603=CARTESIAN_POINT('',(-0.1,1.1,1.1));
#21604=CARTESIAN_POINT('',(-0.1,1.2,1.04226497308104));
#21605=CARTESIAN_POINT('',(-0.1,1.2,1.04226497308104));
#21606=CARTESIAN_POINT('',(-0.1,1.2,0.694337567297406));
#21607=CARTESIAN_POINT('',(-0.1,1.2,0.694337567297406));
#21608=CARTESIAN_POINT('',(-0.1,0.875,0.506698729810778));
#21609=CARTESIAN_POINT('',(-0.1,0.875,0.506698729810778));
#21610=CARTESIAN_POINT('',(-0.1,0.85,0.55));
#21611=CARTESIAN_POINT('',(-0.1,0.8,0.550000001317089));
#21612=CARTESIAN_POINT('',(-0.1,0.75,0.55));
#21613=CARTESIAN_POINT('',(-0.1,0.75,0.6));
#21614=CARTESIAN_POINT('',(-0.1,0.55,0.6));
#21615=CARTESIAN_POINT('',(-0.1,0.55,0.6));
#21616=CARTESIAN_POINT('',(-0.1,0.55,0.55));
#21617=CARTESIAN_POINT('',(-0.1,0.5,0.55));
#21618=CARTESIAN_POINT('',(-0.1,0.5,-0.15));
#21619=CARTESIAN_POINT('',(-0.1,0.5,0.15));
#21620=CARTESIAN_POINT('',(-0.1,4.25,0.15));
#21621=CARTESIAN_POINT('',(-0.9,4.25,2.25));
#21622=CARTESIAN_POINT('',(-0.9,0.489999999999999,2.25));
#21623=CARTESIAN_POINT('',(-0.9,0.489999999999999,0.15));
#21624=CARTESIAN_POINT('',(-0.9,4.25,0.15));
#21625=CARTESIAN_POINT('',(-0.9,0.5,0.15));
#21626=CARTESIAN_POINT('',(-0.9,0.5,-0.15));
#21627=CARTESIAN_POINT('',(-0.9,0.5,0.55));
#21628=CARTESIAN_POINT('',(-0.9,0.55,0.55));
#21629=CARTESIAN_POINT('',(-0.9,0.55,0.6));
#21630=CARTESIAN_POINT('',(-0.9,0.55,0.6));
#21631=CARTESIAN_POINT('',(-0.9,0.75,0.6));
#21632=CARTESIAN_POINT('',(-0.9,0.75,0.55));
#21633=CARTESIAN_POINT('',(-0.9,0.8,0.550000001317089));
#21634=CARTESIAN_POINT('',(-0.9,0.85,0.55));
#21635=CARTESIAN_POINT('',(-0.9,0.875,0.506698729810778));
#21636=CARTESIAN_POINT('',(-0.9,0.875,0.506698729810778));
#21637=CARTESIAN_POINT('',(-0.9,1.2,0.694337567297406));
#21638=CARTESIAN_POINT('',(-0.9,1.2,0.694337567297406));
#21639=CARTESIAN_POINT('',(-0.9,1.2,1.04226497308104));
#21640=CARTESIAN_POINT('',(-0.9,1.2,1.04226497308104));
#21641=CARTESIAN_POINT('',(-0.9,1.1,1.1));
#21642=CARTESIAN_POINT('',(-0.9,1.1,1.1));
#21643=CARTESIAN_POINT('',(-0.9,0.6,1.1));
#21644=CARTESIAN_POINT('',(-0.9,0.6,1.2));
#21645=CARTESIAN_POINT('',(-0.9,0.5,1.2));
#21646=CARTESIAN_POINT('',(-0.9,0.5,1.2));
#21647=CARTESIAN_POINT('',(-0.9,4.25,0.15));
#21648=CARTESIAN_POINT('',(-0.9,0.489999999999999,0.15));
#21649=CARTESIAN_POINT('',(3.1,0.5,0.150000000000001));
#21650=CARTESIAN_POINT('',(0.9,4.25,0.15));
#21651=CARTESIAN_POINT('',(0.9,0.489999999999999,0.15));
#21652=CARTESIAN_POINT('',(0.9,0.489999999999999,0.15));
#21653=CARTESIAN_POINT('',(0.9,0.5,1.2));
#21654=CARTESIAN_POINT('',(0.9,0.5,1.2));
#21655=CARTESIAN_POINT('',(0.9,0.6,1.2));
#21656=CARTESIAN_POINT('',(0.9,0.6,1.1));
#21657=CARTESIAN_POINT('',(0.9,1.1,1.1));
#21658=CARTESIAN_POINT('',(0.9,1.1,1.1));
#21659=CARTESIAN_POINT('',(0.9,1.2,1.04226497308104));
#21660=CARTESIAN_POINT('',(0.9,1.2,1.04226497308104));
#21661=CARTESIAN_POINT('',(0.9,1.2,0.694337567297406));
#21662=CARTESIAN_POINT('',(0.9,1.2,0.694337567297406));
#21663=CARTESIAN_POINT('',(0.9,0.875,0.506698729810778));
#21664=CARTESIAN_POINT('',(0.9,0.875,0.506698729810778));
#21665=CARTESIAN_POINT('',(0.9,0.85,0.55));
#21666=CARTESIAN_POINT('',(0.9,0.8,0.550000001317089));
#21667=CARTESIAN_POINT('',(0.9,0.75,0.55));
#21668=CARTESIAN_POINT('',(0.9,0.75,0.6));
#21669=CARTESIAN_POINT('',(0.9,0.55,0.6));
#21670=CARTESIAN_POINT('',(0.9,0.55,0.6));
#21671=CARTESIAN_POINT('',(0.9,0.55,0.55));
#21672=CARTESIAN_POINT('',(0.9,0.5,0.55));
#21673=CARTESIAN_POINT('',(0.9,0.5,-0.15));
#21674=CARTESIAN_POINT('',(0.9,0.5,0.15));
#21675=CARTESIAN_POINT('',(0.9,4.25,0.15));
#21676=CARTESIAN_POINT('',(0.1,4.25,2.25));
#21677=CARTESIAN_POINT('',(0.1,0.489999999999999,2.25));
#21678=CARTESIAN_POINT('',(0.1,0.489999999999999,0.15));
#21679=CARTESIAN_POINT('',(0.1,4.25,0.15));
#21680=CARTESIAN_POINT('',(0.1,0.5,0.15));
#21681=CARTESIAN_POINT('',(0.1,0.5,-0.15));
#21682=CARTESIAN_POINT('',(0.1,0.5,0.55));
#21683=CARTESIAN_POINT('',(0.1,0.55,0.55));
#21684=CARTESIAN_POINT('',(0.1,0.55,0.6));
#21685=CARTESIAN_POINT('',(0.1,0.55,0.6));
#21686=CARTESIAN_POINT('',(0.1,0.75,0.6));
#21687=CARTESIAN_POINT('',(0.1,0.75,0.55));
#21688=CARTESIAN_POINT('',(0.1,0.8,0.550000001317089));
#21689=CARTESIAN_POINT('',(0.1,0.85,0.55));
#21690=CARTESIAN_POINT('',(0.1,0.875,0.506698729810778));
#21691=CARTESIAN_POINT('',(0.1,0.875,0.506698729810778));
#21692=CARTESIAN_POINT('',(0.1,1.2,0.694337567297406));
#21693=CARTESIAN_POINT('',(0.1,1.2,0.694337567297406));
#21694=CARTESIAN_POINT('',(0.1,1.2,1.04226497308104));
#21695=CARTESIAN_POINT('',(0.1,1.2,1.04226497308104));
#21696=CARTESIAN_POINT('',(0.1,1.1,1.1));
#21697=CARTESIAN_POINT('',(0.1,1.1,1.1));
#21698=CARTESIAN_POINT('',(0.1,0.6,1.1));
#21699=CARTESIAN_POINT('',(0.1,0.6,1.2));
#21700=CARTESIAN_POINT('',(0.1,0.5,1.2));
#21701=CARTESIAN_POINT('',(0.1,0.5,1.2));
#21702=CARTESIAN_POINT('',(0.1,4.25,0.15));
#21703=CARTESIAN_POINT('',(0.1,0.489999999999999,0.15));
#21704=CARTESIAN_POINT('',(3.1,0.5,0.15));
#21705=CARTESIAN_POINT('',(1.9,4.25,0.15));
#21706=CARTESIAN_POINT('',(1.9,0.489999999999999,0.15));
#21707=CARTESIAN_POINT('',(1.9,0.489999999999999,0.15));
#21708=CARTESIAN_POINT('',(1.9,0.5,1.2));
#21709=CARTESIAN_POINT('',(1.9,0.5,1.2));
#21710=CARTESIAN_POINT('',(1.9,0.6,1.2));
#21711=CARTESIAN_POINT('',(1.9,0.6,1.1));
#21712=CARTESIAN_POINT('',(1.9,1.1,1.1));
#21713=CARTESIAN_POINT('',(1.9,1.1,1.1));
#21714=CARTESIAN_POINT('',(1.9,1.2,1.04226497308104));
#21715=CARTESIAN_POINT('',(1.9,1.2,1.04226497308104));
#21716=CARTESIAN_POINT('',(1.9,1.2,0.694337567297406));
#21717=CARTESIAN_POINT('',(1.9,1.2,0.694337567297406));
#21718=CARTESIAN_POINT('',(1.9,0.875,0.506698729810778));
#21719=CARTESIAN_POINT('',(1.9,0.875,0.506698729810778));
#21720=CARTESIAN_POINT('',(1.9,0.85,0.55));
#21721=CARTESIAN_POINT('',(1.9,0.8,0.550000001317089));
#21722=CARTESIAN_POINT('',(1.9,0.75,0.55));
#21723=CARTESIAN_POINT('',(1.9,0.75,0.6));
#21724=CARTESIAN_POINT('',(1.9,0.55,0.6));
#21725=CARTESIAN_POINT('',(1.9,0.55,0.6));
#21726=CARTESIAN_POINT('',(1.9,0.55,0.55));
#21727=CARTESIAN_POINT('',(1.9,0.5,0.55));
#21728=CARTESIAN_POINT('',(1.9,0.5,-0.15));
#21729=CARTESIAN_POINT('',(1.9,0.5,0.15));
#21730=CARTESIAN_POINT('',(1.9,4.25,0.15));
#21731=CARTESIAN_POINT('',(1.1,4.25,2.25));
#21732=CARTESIAN_POINT('',(1.1,0.489999999999999,2.25));
#21733=CARTESIAN_POINT('',(1.1,0.489999999999999,0.15));
#21734=CARTESIAN_POINT('',(1.1,4.25,0.15));
#21735=CARTESIAN_POINT('',(1.1,0.5,0.15));
#21736=CARTESIAN_POINT('',(1.1,0.5,-0.15));
#21737=CARTESIAN_POINT('',(1.1,0.5,0.55));
#21738=CARTESIAN_POINT('',(1.1,0.55,0.55));
#21739=CARTESIAN_POINT('',(1.1,0.55,0.6));
#21740=CARTESIAN_POINT('',(1.1,0.55,0.6));
#21741=CARTESIAN_POINT('',(1.1,0.75,0.6));
#21742=CARTESIAN_POINT('',(1.1,0.75,0.55));
#21743=CARTESIAN_POINT('',(1.1,0.8,0.550000001317089));
#21744=CARTESIAN_POINT('',(1.1,0.85,0.55));
#21745=CARTESIAN_POINT('',(1.1,0.875,0.506698729810778));
#21746=CARTESIAN_POINT('',(1.1,0.875,0.506698729810778));
#21747=CARTESIAN_POINT('',(1.1,1.2,0.694337567297406));
#21748=CARTESIAN_POINT('',(1.1,1.2,0.694337567297406));
#21749=CARTESIAN_POINT('',(1.1,1.2,1.04226497308104));
#21750=CARTESIAN_POINT('',(1.1,1.2,1.04226497308104));
#21751=CARTESIAN_POINT('',(1.1,1.1,1.1));
#21752=CARTESIAN_POINT('',(1.1,1.1,1.1));
#21753=CARTESIAN_POINT('',(1.1,0.6,1.1));
#21754=CARTESIAN_POINT('',(1.1,0.6,1.2));
#21755=CARTESIAN_POINT('',(1.1,0.5,1.2));
#21756=CARTESIAN_POINT('',(1.1,0.5,1.2));
#21757=CARTESIAN_POINT('',(1.1,4.25,0.15));
#21758=CARTESIAN_POINT('',(1.1,0.489999999999999,0.15));
#21759=CARTESIAN_POINT('',(3.1,0.5,0.15));
#21760=CARTESIAN_POINT('',(2.9,4.25,0.15));
#21761=CARTESIAN_POINT('',(2.9,0.489999999999999,0.15));
#21762=CARTESIAN_POINT('',(2.9,0.489999999999999,0.15));
#21763=CARTESIAN_POINT('',(2.9,0.5,1.2));
#21764=CARTESIAN_POINT('',(2.9,0.5,1.2));
#21765=CARTESIAN_POINT('',(2.9,0.6,1.2));
#21766=CARTESIAN_POINT('',(2.9,0.6,1.1));
#21767=CARTESIAN_POINT('',(2.9,1.1,1.1));
#21768=CARTESIAN_POINT('',(2.9,1.1,1.1));
#21769=CARTESIAN_POINT('',(2.9,1.2,1.04226497308104));
#21770=CARTESIAN_POINT('',(2.9,1.2,1.04226497308104));
#21771=CARTESIAN_POINT('',(2.9,1.2,0.694337567297406));
#21772=CARTESIAN_POINT('',(2.9,1.2,0.694337567297406));
#21773=CARTESIAN_POINT('',(2.9,0.875,0.506698729810778));
#21774=CARTESIAN_POINT('',(2.9,0.875,0.506698729810778));
#21775=CARTESIAN_POINT('',(2.9,0.85,0.55));
#21776=CARTESIAN_POINT('',(2.9,0.8,0.550000001317089));
#21777=CARTESIAN_POINT('',(2.9,0.75,0.55));
#21778=CARTESIAN_POINT('',(2.9,0.75,0.6));
#21779=CARTESIAN_POINT('',(2.9,0.55,0.6));
#21780=CARTESIAN_POINT('',(2.9,0.55,0.6));
#21781=CARTESIAN_POINT('',(2.9,0.55,0.55));
#21782=CARTESIAN_POINT('',(2.9,0.5,0.55));
#21783=CARTESIAN_POINT('',(2.9,0.5,-0.15));
#21784=CARTESIAN_POINT('',(2.9,0.5,0.15));
#21785=CARTESIAN_POINT('',(2.9,4.25,0.15));
#21786=CARTESIAN_POINT('',(2.1,4.25,2.25));
#21787=CARTESIAN_POINT('',(2.1,0.489999999999999,2.25));
#21788=CARTESIAN_POINT('',(2.1,0.489999999999999,0.15));
#21789=CARTESIAN_POINT('',(2.1,4.25,0.15));
#21790=CARTESIAN_POINT('',(2.1,0.5,0.15));
#21791=CARTESIAN_POINT('',(2.1,0.5,-0.15));
#21792=CARTESIAN_POINT('',(2.1,0.5,0.55));
#21793=CARTESIAN_POINT('',(2.1,0.55,0.55));
#21794=CARTESIAN_POINT('',(2.1,0.55,0.6));
#21795=CARTESIAN_POINT('',(2.1,0.55,0.6));
#21796=CARTESIAN_POINT('',(2.1,0.75,0.6));
#21797=CARTESIAN_POINT('',(2.1,0.75,0.55));
#21798=CARTESIAN_POINT('',(2.1,0.8,0.550000001317089));
#21799=CARTESIAN_POINT('',(2.1,0.85,0.55));
#21800=CARTESIAN_POINT('',(2.1,0.875,0.506698729810778));
#21801=CARTESIAN_POINT('',(2.1,0.875,0.506698729810778));
#21802=CARTESIAN_POINT('',(2.1,1.2,0.694337567297406));
#21803=CARTESIAN_POINT('',(2.1,1.2,0.694337567297406));
#21804=CARTESIAN_POINT('',(2.1,1.2,1.04226497308104));
#21805=CARTESIAN_POINT('',(2.1,1.2,1.04226497308104));
#21806=CARTESIAN_POINT('',(2.1,1.1,1.1));
#21807=CARTESIAN_POINT('',(2.1,1.1,1.1));
#21808=CARTESIAN_POINT('',(2.1,0.6,1.1));
#21809=CARTESIAN_POINT('',(2.1,0.6,1.2));
#21810=CARTESIAN_POINT('',(2.1,0.5,1.2));
#21811=CARTESIAN_POINT('',(2.1,0.5,1.2));
#21812=CARTESIAN_POINT('',(2.1,4.25,0.15));
#21813=CARTESIAN_POINT('',(2.1,0.489999999999999,0.15));
#21814=CARTESIAN_POINT('',(3.1,0.5,0.15));
#21815=CARTESIAN_POINT('',(2.9,4.25,-1.45));
#21816=CARTESIAN_POINT('',(2.9,0.489999999999999,-1.45));
#21817=CARTESIAN_POINT('',(2.9,0.489999999999999,0.05));
#21818=CARTESIAN_POINT('',(2.9,4.25,0.0500000000000001));
#21819=CARTESIAN_POINT('',(2.9,0.5,0.0500000000000001));
#21820=CARTESIAN_POINT('',(2.9,0.5,-0.15));
#21821=CARTESIAN_POINT('',(2.9,0.5,-0.15));
#21822=CARTESIAN_POINT('',(2.9,0.55,-0.15));
#21823=CARTESIAN_POINT('',(2.9,0.55,-0.2));
#21824=CARTESIAN_POINT('',(2.9,0.75,-0.2));
#21825=CARTESIAN_POINT('',(2.9,0.75,-0.2));
#21826=CARTESIAN_POINT('',(2.9,0.75,-0.15));
#21827=CARTESIAN_POINT('',(2.9,0.8,-0.150000001317089));
#21828=CARTESIAN_POINT('',(2.9,0.85,-0.15));
#21829=CARTESIAN_POINT('',(2.9,0.875,-0.106698729810778));
#21830=CARTESIAN_POINT('',(2.9,1.03660254037844,-0.2));
#21831=CARTESIAN_POINT('',(2.9,1.03660254037844,-0.2));
#21832=CARTESIAN_POINT('',(2.9,1.7,-0.2));
#21833=CARTESIAN_POINT('',(2.9,1.7,-0.2));
#21834=CARTESIAN_POINT('',(2.9,2.94500442584713,-0.280483786050667));
#21835=CARTESIAN_POINT('',(2.9,2.94500442584713,-0.280483786050667));
#21836=CARTESIAN_POINT('',(2.9,2.937764,-0.392486));
#21837=CARTESIAN_POINT('',(2.9,3.05,-0.392486));
#21838=CARTESIAN_POINT('',(2.9,3.05,-0.407514));
#21839=CARTESIAN_POINT('',(2.9,3.05,-0.407514));
#21840=CARTESIAN_POINT('',(2.9,2.937764,-0.407514));
#21841=CARTESIAN_POINT('',(2.9,2.94500442584713,-0.519516213949333));
#21842=CARTESIAN_POINT('',(2.9,1.7,-0.6));
#21843=CARTESIAN_POINT('',(2.9,1.7,-0.6));
#21844=CARTESIAN_POINT('',(2.9,0.5,-0.6));
#21845=CARTESIAN_POINT('',(2.9,0.5,-0.6));
#21846=CARTESIAN_POINT('',(2.9,0.5,-0.8));
#21847=CARTESIAN_POINT('',(2.9,4.25,0.05));
#21848=CARTESIAN_POINT('',(2.9,0.489999999999999,0.05));
#21849=CARTESIAN_POINT('',(2.1,0.489999999999999,0.05));
#21850=CARTESIAN_POINT('',(2.1,4.25,0.05));
#21851=CARTESIAN_POINT('',(2.1,0.5,0.05));
#21852=CARTESIAN_POINT('',(3.1,0.5,0.0500000000000001));
#21853=CARTESIAN_POINT('',(2.1,4.25,0.05));
#21854=CARTESIAN_POINT('',(2.1,0.489999999999999,0.0500000000000002));
#21855=CARTESIAN_POINT('',(2.1,0.5,-0.8));
#21856=CARTESIAN_POINT('',(2.1,0.5,-0.6));
#21857=CARTESIAN_POINT('',(2.1,0.5,-0.6));
#21858=CARTESIAN_POINT('',(2.1,1.7,-0.6));
#21859=CARTESIAN_POINT('',(2.1,1.7,-0.6));
#21860=CARTESIAN_POINT('',(2.1,2.94500442584713,-0.519516213949333));
#21861=CARTESIAN_POINT('',(2.1,2.937764,-0.407514));
#21862=CARTESIAN_POINT('',(2.1,3.05,-0.407514));
#21863=CARTESIAN_POINT('',(2.1,3.05,-0.407514));
#21864=CARTESIAN_POINT('',(2.1,3.05,-0.392486));
#21865=CARTESIAN_POINT('',(2.1,2.937764,-0.392486));
#21866=CARTESIAN_POINT('',(2.1,2.94500442584713,-0.280483786050667));
#21867=CARTESIAN_POINT('',(2.1,2.94500442584713,-0.280483786050667));
#21868=CARTESIAN_POINT('',(2.1,1.7,-0.2));
#21869=CARTESIAN_POINT('',(2.1,1.7,-0.2));
#21870=CARTESIAN_POINT('',(2.1,1.03660254037844,-0.2));
#21871=CARTESIAN_POINT('',(2.1,1.03660254037844,-0.2));
#21872=CARTESIAN_POINT('',(2.1,0.875,-0.106698729810778));
#21873=CARTESIAN_POINT('',(2.1,0.85,-0.15));
#21874=CARTESIAN_POINT('',(2.1,0.8,-0.150000001317089));
#21875=CARTESIAN_POINT('',(2.1,0.75,-0.15));
#21876=CARTESIAN_POINT('',(2.1,0.75,-0.2));
#21877=CARTESIAN_POINT('',(2.1,0.75,-0.2));
#21878=CARTESIAN_POINT('',(2.1,0.55,-0.2));
#21879=CARTESIAN_POINT('',(2.1,0.55,-0.15));
#21880=CARTESIAN_POINT('',(2.1,0.5,-0.15));
#21881=CARTESIAN_POINT('',(2.1,0.5,-0.15));
#21882=CARTESIAN_POINT('',(1.9,4.25,-1.45));
#21883=CARTESIAN_POINT('',(1.9,0.489999999999999,-1.45));
#21884=CARTESIAN_POINT('',(1.9,0.489999999999999,0.05));
#21885=CARTESIAN_POINT('',(1.9,4.25,0.0500000000000001));
#21886=CARTESIAN_POINT('',(1.9,0.5,0.0500000000000001));
#21887=CARTESIAN_POINT('',(1.9,0.5,-0.15));
#21888=CARTESIAN_POINT('',(1.9,0.5,-0.15));
#21889=CARTESIAN_POINT('',(1.9,0.55,-0.15));
#21890=CARTESIAN_POINT('',(1.9,0.55,-0.2));
#21891=CARTESIAN_POINT('',(1.9,0.75,-0.2));
#21892=CARTESIAN_POINT('',(1.9,0.75,-0.2));
#21893=CARTESIAN_POINT('',(1.9,0.75,-0.15));
#21894=CARTESIAN_POINT('',(1.9,0.8,-0.150000001317089));
#21895=CARTESIAN_POINT('',(1.9,0.85,-0.15));
#21896=CARTESIAN_POINT('',(1.9,0.875,-0.106698729810778));
#21897=CARTESIAN_POINT('',(1.9,1.03660254037844,-0.2));
#21898=CARTESIAN_POINT('',(1.9,1.03660254037844,-0.2));
#21899=CARTESIAN_POINT('',(1.9,1.7,-0.2));
#21900=CARTESIAN_POINT('',(1.9,1.7,-0.2));
#21901=CARTESIAN_POINT('',(1.9,2.94500442584713,-0.280483786050667));
#21902=CARTESIAN_POINT('',(1.9,2.94500442584713,-0.280483786050667));
#21903=CARTESIAN_POINT('',(1.9,2.937764,-0.392486));
#21904=CARTESIAN_POINT('',(1.9,3.05,-0.392486));
#21905=CARTESIAN_POINT('',(1.9,3.05,-0.407514));
#21906=CARTESIAN_POINT('',(1.9,3.05,-0.407514));
#21907=CARTESIAN_POINT('',(1.9,2.937764,-0.407514));
#21908=CARTESIAN_POINT('',(1.9,2.94500442584713,-0.519516213949333));
#21909=CARTESIAN_POINT('',(1.9,1.7,-0.6));
#21910=CARTESIAN_POINT('',(1.9,1.7,-0.6));
#21911=CARTESIAN_POINT('',(1.9,0.5,-0.6));
#21912=CARTESIAN_POINT('',(1.9,0.5,-0.6));
#21913=CARTESIAN_POINT('',(1.9,0.5,-0.8));
#21914=CARTESIAN_POINT('',(1.9,4.25,0.05));
#21915=CARTESIAN_POINT('',(1.9,0.489999999999999,0.05));
#21916=CARTESIAN_POINT('',(1.1,0.489999999999999,0.05));
#21917=CARTESIAN_POINT('',(1.1,4.25,0.05));
#21918=CARTESIAN_POINT('',(1.1,0.5,0.05));
#21919=CARTESIAN_POINT('',(3.1,0.5,0.0500000000000001));
#21920=CARTESIAN_POINT('',(1.1,4.25,0.05));
#21921=CARTESIAN_POINT('',(1.1,0.489999999999999,0.0500000000000002));
#21922=CARTESIAN_POINT('',(1.1,0.5,-0.8));
#21923=CARTESIAN_POINT('',(1.1,0.5,-0.6));
#21924=CARTESIAN_POINT('',(1.1,0.5,-0.6));
#21925=CARTESIAN_POINT('',(1.1,1.7,-0.6));
#21926=CARTESIAN_POINT('',(1.1,1.7,-0.6));
#21927=CARTESIAN_POINT('',(1.1,2.94500442584713,-0.519516213949333));
#21928=CARTESIAN_POINT('',(1.1,2.937764,-0.407514));
#21929=CARTESIAN_POINT('',(1.1,3.05,-0.407514));
#21930=CARTESIAN_POINT('',(1.1,3.05,-0.407514));
#21931=CARTESIAN_POINT('',(1.1,3.05,-0.392486));
#21932=CARTESIAN_POINT('',(1.1,2.937764,-0.392486));
#21933=CARTESIAN_POINT('',(1.1,2.94500442584713,-0.280483786050667));
#21934=CARTESIAN_POINT('',(1.1,2.94500442584713,-0.280483786050667));
#21935=CARTESIAN_POINT('',(1.1,1.7,-0.2));
#21936=CARTESIAN_POINT('',(1.1,1.7,-0.2));
#21937=CARTESIAN_POINT('',(1.1,1.03660254037844,-0.2));
#21938=CARTESIAN_POINT('',(1.1,1.03660254037844,-0.2));
#21939=CARTESIAN_POINT('',(1.1,0.875,-0.106698729810778));
#21940=CARTESIAN_POINT('',(1.1,0.85,-0.15));
#21941=CARTESIAN_POINT('',(1.1,0.8,-0.150000001317089));
#21942=CARTESIAN_POINT('',(1.1,0.75,-0.15));
#21943=CARTESIAN_POINT('',(1.1,0.75,-0.2));
#21944=CARTESIAN_POINT('',(1.1,0.75,-0.2));
#21945=CARTESIAN_POINT('',(1.1,0.55,-0.2));
#21946=CARTESIAN_POINT('',(1.1,0.55,-0.15));
#21947=CARTESIAN_POINT('',(1.1,0.5,-0.15));
#21948=CARTESIAN_POINT('',(1.1,0.5,-0.15));
#21949=CARTESIAN_POINT('',(0.9,4.25,-1.45));
#21950=CARTESIAN_POINT('',(0.9,0.489999999999999,-1.45));
#21951=CARTESIAN_POINT('',(0.9,0.489999999999999,0.05));
#21952=CARTESIAN_POINT('',(0.9,4.25,0.0500000000000001));
#21953=CARTESIAN_POINT('',(0.9,0.5,0.0500000000000001));
#21954=CARTESIAN_POINT('',(0.9,0.5,-0.15));
#21955=CARTESIAN_POINT('',(0.9,0.5,-0.15));
#21956=CARTESIAN_POINT('',(0.9,0.55,-0.15));
#21957=CARTESIAN_POINT('',(0.9,0.55,-0.2));
#21958=CARTESIAN_POINT('',(0.9,0.75,-0.2));
#21959=CARTESIAN_POINT('',(0.9,0.75,-0.2));
#21960=CARTESIAN_POINT('',(0.9,0.75,-0.15));
#21961=CARTESIAN_POINT('',(0.9,0.8,-0.150000001317089));
#21962=CARTESIAN_POINT('',(0.9,0.85,-0.15));
#21963=CARTESIAN_POINT('',(0.9,0.875,-0.106698729810778));
#21964=CARTESIAN_POINT('',(0.9,1.03660254037844,-0.2));
#21965=CARTESIAN_POINT('',(0.9,1.03660254037844,-0.2));
#21966=CARTESIAN_POINT('',(0.9,1.7,-0.2));
#21967=CARTESIAN_POINT('',(0.9,1.7,-0.2));
#21968=CARTESIAN_POINT('',(0.9,2.94500442584713,-0.280483786050667));
#21969=CARTESIAN_POINT('',(0.9,2.94500442584713,-0.280483786050667));
#21970=CARTESIAN_POINT('',(0.9,2.937764,-0.392486));
#21971=CARTESIAN_POINT('',(0.9,3.05,-0.392486));
#21972=CARTESIAN_POINT('',(0.9,3.05,-0.407514));
#21973=CARTESIAN_POINT('',(0.9,3.05,-0.407514));
#21974=CARTESIAN_POINT('',(0.9,2.937764,-0.407514));
#21975=CARTESIAN_POINT('',(0.9,2.94500442584713,-0.519516213949333));
#21976=CARTESIAN_POINT('',(0.9,1.7,-0.6));
#21977=CARTESIAN_POINT('',(0.9,1.7,-0.6));
#21978=CARTESIAN_POINT('',(0.9,0.5,-0.6));
#21979=CARTESIAN_POINT('',(0.9,0.5,-0.6));
#21980=CARTESIAN_POINT('',(0.9,0.5,-0.8));
#21981=CARTESIAN_POINT('',(0.9,4.25,0.05));
#21982=CARTESIAN_POINT('',(0.9,0.489999999999999,0.05));
#21983=CARTESIAN_POINT('',(0.1,0.489999999999999,0.05));
#21984=CARTESIAN_POINT('',(0.1,4.25,0.05));
#21985=CARTESIAN_POINT('',(0.1,0.5,0.05));
#21986=CARTESIAN_POINT('',(3.1,0.5,0.0500000000000001));
#21987=CARTESIAN_POINT('',(0.1,4.25,0.05));
#21988=CARTESIAN_POINT('',(0.1,0.489999999999999,0.0500000000000002));
#21989=CARTESIAN_POINT('',(0.1,0.5,-0.8));
#21990=CARTESIAN_POINT('',(0.1,0.5,-0.6));
#21991=CARTESIAN_POINT('',(0.1,0.5,-0.6));
#21992=CARTESIAN_POINT('',(0.1,1.7,-0.6));
#21993=CARTESIAN_POINT('',(0.1,1.7,-0.6));
#21994=CARTESIAN_POINT('',(0.1,2.94500442584713,-0.519516213949333));
#21995=CARTESIAN_POINT('',(0.1,2.937764,-0.407514));
#21996=CARTESIAN_POINT('',(0.1,3.05,-0.407514));
#21997=CARTESIAN_POINT('',(0.1,3.05,-0.407514));
#21998=CARTESIAN_POINT('',(0.1,3.05,-0.392486));
#21999=CARTESIAN_POINT('',(0.1,2.937764,-0.392486));
#22000=CARTESIAN_POINT('',(0.1,2.94500442584713,-0.280483786050667));
#22001=CARTESIAN_POINT('',(0.1,2.94500442584713,-0.280483786050667));
#22002=CARTESIAN_POINT('',(0.1,1.7,-0.2));
#22003=CARTESIAN_POINT('',(0.1,1.7,-0.2));
#22004=CARTESIAN_POINT('',(0.1,1.03660254037844,-0.2));
#22005=CARTESIAN_POINT('',(0.1,1.03660254037844,-0.2));
#22006=CARTESIAN_POINT('',(0.1,0.875,-0.106698729810778));
#22007=CARTESIAN_POINT('',(0.1,0.85,-0.15));
#22008=CARTESIAN_POINT('',(0.1,0.8,-0.150000001317089));
#22009=CARTESIAN_POINT('',(0.1,0.75,-0.15));
#22010=CARTESIAN_POINT('',(0.1,0.75,-0.2));
#22011=CARTESIAN_POINT('',(0.1,0.75,-0.2));
#22012=CARTESIAN_POINT('',(0.1,0.55,-0.2));
#22013=CARTESIAN_POINT('',(0.1,0.55,-0.15));
#22014=CARTESIAN_POINT('',(0.1,0.5,-0.15));
#22015=CARTESIAN_POINT('',(0.1,0.5,-0.15));
#22016=CARTESIAN_POINT('',(-0.1,4.25,-1.45));
#22017=CARTESIAN_POINT('',(-0.1,0.489999999999999,-1.45));
#22018=CARTESIAN_POINT('',(-0.1,0.489999999999999,0.05));
#22019=CARTESIAN_POINT('',(-0.1,4.25,0.0500000000000001));
#22020=CARTESIAN_POINT('',(-0.1,0.5,0.0500000000000001));
#22021=CARTESIAN_POINT('',(-0.1,0.5,-0.15));
#22022=CARTESIAN_POINT('',(-0.1,0.5,-0.15));
#22023=CARTESIAN_POINT('',(-0.1,0.55,-0.15));
#22024=CARTESIAN_POINT('',(-0.1,0.55,-0.2));
#22025=CARTESIAN_POINT('',(-0.1,0.75,-0.2));
#22026=CARTESIAN_POINT('',(-0.1,0.75,-0.2));
#22027=CARTESIAN_POINT('',(-0.1,0.75,-0.15));
#22028=CARTESIAN_POINT('',(-0.1,0.8,-0.150000001317089));
#22029=CARTESIAN_POINT('',(-0.1,0.85,-0.15));
#22030=CARTESIAN_POINT('',(-0.1,0.875,-0.106698729810778));
#22031=CARTESIAN_POINT('',(-0.1,1.03660254037844,-0.2));
#22032=CARTESIAN_POINT('',(-0.1,1.03660254037844,-0.2));
#22033=CARTESIAN_POINT('',(-0.1,1.7,-0.2));
#22034=CARTESIAN_POINT('',(-0.1,1.7,-0.2));
#22035=CARTESIAN_POINT('',(-0.1,2.94500442584713,-0.280483786050667));
#22036=CARTESIAN_POINT('',(-0.1,2.94500442584713,-0.280483786050667));
#22037=CARTESIAN_POINT('',(-0.1,2.937764,-0.392486));
#22038=CARTESIAN_POINT('',(-0.1,3.05,-0.392486));
#22039=CARTESIAN_POINT('',(-0.1,3.05,-0.407514));
#22040=CARTESIAN_POINT('',(-0.1,3.05,-0.407514));
#22041=CARTESIAN_POINT('',(-0.1,2.937764,-0.407514));
#22042=CARTESIAN_POINT('',(-0.1,2.94500442584713,-0.519516213949333));
#22043=CARTESIAN_POINT('',(-0.1,1.7,-0.6));
#22044=CARTESIAN_POINT('',(-0.1,1.7,-0.6));
#22045=CARTESIAN_POINT('',(-0.1,0.5,-0.6));
#22046=CARTESIAN_POINT('',(-0.1,0.5,-0.6));
#22047=CARTESIAN_POINT('',(-0.1,0.5,-0.8));
#22048=CARTESIAN_POINT('',(-0.1,4.25,0.05));
#22049=CARTESIAN_POINT('',(-0.1,0.489999999999999,0.05));
#22050=CARTESIAN_POINT('',(-0.9,0.489999999999999,0.05));
#22051=CARTESIAN_POINT('',(-0.9,4.25,0.05));
#22052=CARTESIAN_POINT('',(-0.9,0.5,0.05));
#22053=CARTESIAN_POINT('',(3.1,0.5,0.0500000000000001));
#22054=CARTESIAN_POINT('',(-0.9,4.25,0.05));
#22055=CARTESIAN_POINT('',(-0.9,0.489999999999999,0.0500000000000002));
#22056=CARTESIAN_POINT('',(-0.9,0.5,-0.8));
#22057=CARTESIAN_POINT('',(-0.9,0.5,-0.6));
#22058=CARTESIAN_POINT('',(-0.9,0.5,-0.6));
#22059=CARTESIAN_POINT('',(-0.9,1.7,-0.6));
#22060=CARTESIAN_POINT('',(-0.9,1.7,-0.6));
#22061=CARTESIAN_POINT('',(-0.9,2.94500442584713,-0.519516213949333));
#22062=CARTESIAN_POINT('',(-0.9,2.937764,-0.407514));
#22063=CARTESIAN_POINT('',(-0.9,3.05,-0.407514));
#22064=CARTESIAN_POINT('',(-0.9,3.05,-0.407514));
#22065=CARTESIAN_POINT('',(-0.9,3.05,-0.392486));
#22066=CARTESIAN_POINT('',(-0.9,2.937764,-0.392486));
#22067=CARTESIAN_POINT('',(-0.9,2.94500442584713,-0.280483786050667));
#22068=CARTESIAN_POINT('',(-0.9,2.94500442584713,-0.280483786050667));
#22069=CARTESIAN_POINT('',(-0.9,1.7,-0.2));
#22070=CARTESIAN_POINT('',(-0.9,1.7,-0.2));
#22071=CARTESIAN_POINT('',(-0.9,1.03660254037844,-0.2));
#22072=CARTESIAN_POINT('',(-0.9,1.03660254037844,-0.2));
#22073=CARTESIAN_POINT('',(-0.9,0.875,-0.106698729810778));
#22074=CARTESIAN_POINT('',(-0.9,0.85,-0.15));
#22075=CARTESIAN_POINT('',(-0.9,0.8,-0.150000001317089));
#22076=CARTESIAN_POINT('',(-0.9,0.75,-0.15));
#22077=CARTESIAN_POINT('',(-0.9,0.75,-0.2));
#22078=CARTESIAN_POINT('',(-0.9,0.75,-0.2));
#22079=CARTESIAN_POINT('',(-0.9,0.55,-0.2));
#22080=CARTESIAN_POINT('',(-0.9,0.55,-0.15));
#22081=CARTESIAN_POINT('',(-0.9,0.5,-0.15));
#22082=CARTESIAN_POINT('',(-0.9,0.5,-0.15));
#22083=CARTESIAN_POINT('',(-1.1,4.25,-1.45));
#22084=CARTESIAN_POINT('',(-1.1,0.489999999999999,-1.45));
#22085=CARTESIAN_POINT('',(-1.1,0.489999999999999,0.05));
#22086=CARTESIAN_POINT('',(-1.1,4.25,0.0500000000000001));
#22087=CARTESIAN_POINT('',(-1.1,0.5,0.0500000000000001));
#22088=CARTESIAN_POINT('',(-1.1,0.5,-0.15));
#22089=CARTESIAN_POINT('',(-1.1,0.5,-0.15));
#22090=CARTESIAN_POINT('',(-1.1,0.55,-0.15));
#22091=CARTESIAN_POINT('',(-1.1,0.55,-0.2));
#22092=CARTESIAN_POINT('',(-1.1,0.75,-0.2));
#22093=CARTESIAN_POINT('',(-1.1,0.75,-0.2));
#22094=CARTESIAN_POINT('',(-1.1,0.75,-0.15));
#22095=CARTESIAN_POINT('',(-1.1,0.8,-0.150000001317089));
#22096=CARTESIAN_POINT('',(-1.1,0.85,-0.15));
#22097=CARTESIAN_POINT('',(-1.1,0.875,-0.106698729810778));
#22098=CARTESIAN_POINT('',(-1.1,1.03660254037844,-0.2));
#22099=CARTESIAN_POINT('',(-1.1,1.03660254037844,-0.2));
#22100=CARTESIAN_POINT('',(-1.1,1.7,-0.2));
#22101=CARTESIAN_POINT('',(-1.1,1.7,-0.2));
#22102=CARTESIAN_POINT('',(-1.1,2.94500442584713,-0.280483786050667));
#22103=CARTESIAN_POINT('',(-1.1,2.94500442584713,-0.280483786050667));
#22104=CARTESIAN_POINT('',(-1.1,2.937764,-0.392486));
#22105=CARTESIAN_POINT('',(-1.1,3.05,-0.392486));
#22106=CARTESIAN_POINT('',(-1.1,3.05,-0.407514));
#22107=CARTESIAN_POINT('',(-1.1,3.05,-0.407514));
#22108=CARTESIAN_POINT('',(-1.1,2.937764,-0.407514));
#22109=CARTESIAN_POINT('',(-1.1,2.94500442584713,-0.519516213949333));
#22110=CARTESIAN_POINT('',(-1.1,1.7,-0.6));
#22111=CARTESIAN_POINT('',(-1.1,1.7,-0.6));
#22112=CARTESIAN_POINT('',(-1.1,0.5,-0.6));
#22113=CARTESIAN_POINT('',(-1.1,0.5,-0.6));
#22114=CARTESIAN_POINT('',(-1.1,0.5,-0.8));
#22115=CARTESIAN_POINT('',(-1.1,4.25,0.05));
#22116=CARTESIAN_POINT('',(-1.1,0.489999999999999,0.05));
#22117=CARTESIAN_POINT('',(-1.9,0.489999999999999,0.05));
#22118=CARTESIAN_POINT('',(-1.9,4.25,0.05));
#22119=CARTESIAN_POINT('',(-1.9,0.5,0.05));
#22120=CARTESIAN_POINT('',(3.1,0.5,0.0500000000000001));
#22121=CARTESIAN_POINT('',(-1.9,4.25,0.05));
#22122=CARTESIAN_POINT('',(-1.9,0.489999999999999,0.0500000000000002));
#22123=CARTESIAN_POINT('',(-1.9,0.5,-0.8));
#22124=CARTESIAN_POINT('',(-1.9,0.5,-0.6));
#22125=CARTESIAN_POINT('',(-1.9,0.5,-0.6));
#22126=CARTESIAN_POINT('',(-1.9,1.7,-0.6));
#22127=CARTESIAN_POINT('',(-1.9,1.7,-0.6));
#22128=CARTESIAN_POINT('',(-1.9,2.94500442584713,-0.519516213949333));
#22129=CARTESIAN_POINT('',(-1.9,2.937764,-0.407514));
#22130=CARTESIAN_POINT('',(-1.9,3.05,-0.407514));
#22131=CARTESIAN_POINT('',(-1.9,3.05,-0.407514));
#22132=CARTESIAN_POINT('',(-1.9,3.05,-0.392486));
#22133=CARTESIAN_POINT('',(-1.9,2.937764,-0.392486));
#22134=CARTESIAN_POINT('',(-1.9,2.94500442584713,-0.280483786050667));
#22135=CARTESIAN_POINT('',(-1.9,2.94500442584713,-0.280483786050667));
#22136=CARTESIAN_POINT('',(-1.9,1.7,-0.2));
#22137=CARTESIAN_POINT('',(-1.9,1.7,-0.2));
#22138=CARTESIAN_POINT('',(-1.9,1.03660254037844,-0.2));
#22139=CARTESIAN_POINT('',(-1.9,1.03660254037844,-0.2));
#22140=CARTESIAN_POINT('',(-1.9,0.875,-0.106698729810778));
#22141=CARTESIAN_POINT('',(-1.9,0.85,-0.15));
#22142=CARTESIAN_POINT('',(-1.9,0.8,-0.150000001317089));
#22143=CARTESIAN_POINT('',(-1.9,0.75,-0.15));
#22144=CARTESIAN_POINT('',(-1.9,0.75,-0.2));
#22145=CARTESIAN_POINT('',(-1.9,0.75,-0.2));
#22146=CARTESIAN_POINT('',(-1.9,0.55,-0.2));
#22147=CARTESIAN_POINT('',(-1.9,0.55,-0.15));
#22148=CARTESIAN_POINT('',(-1.9,0.5,-0.15));
#22149=CARTESIAN_POINT('',(-1.9,0.5,-0.15));
#22150=CARTESIAN_POINT('',(-2.9,4.25,0.05));
#22151=CARTESIAN_POINT('',(-2.9,0.489999999999999,0.0500000000000002));
#22152=CARTESIAN_POINT('',(-2.9,0.489999999999999,0.05));
#22153=CARTESIAN_POINT('',(-2.9,0.5,-0.8));
#22154=CARTESIAN_POINT('',(-2.9,0.5,-0.6));
#22155=CARTESIAN_POINT('',(-2.9,0.5,-0.6));
#22156=CARTESIAN_POINT('',(-2.9,1.7,-0.6));
#22157=CARTESIAN_POINT('',(-2.9,1.7,-0.6));
#22158=CARTESIAN_POINT('',(-2.9,2.94500442584713,-0.519516213949333));
#22159=CARTESIAN_POINT('',(-2.9,2.937764,-0.407514));
#22160=CARTESIAN_POINT('',(-2.9,3.05,-0.407514));
#22161=CARTESIAN_POINT('',(-2.9,3.05,-0.407514));
#22162=CARTESIAN_POINT('',(-2.9,3.05,-0.392486));
#22163=CARTESIAN_POINT('',(-2.9,2.937764,-0.392486));
#22164=CARTESIAN_POINT('',(-2.9,2.94500442584713,-0.280483786050667));
#22165=CARTESIAN_POINT('',(-2.9,2.94500442584713,-0.280483786050667));
#22166=CARTESIAN_POINT('',(-2.9,1.7,-0.2));
#22167=CARTESIAN_POINT('',(-2.9,1.7,-0.2));
#22168=CARTESIAN_POINT('',(-2.9,1.03660254037844,-0.2));
#22169=CARTESIAN_POINT('',(-2.9,1.03660254037844,-0.2));
#22170=CARTESIAN_POINT('',(-2.9,0.875,-0.106698729810778));
#22171=CARTESIAN_POINT('',(-2.9,0.85,-0.15));
#22172=CARTESIAN_POINT('',(-2.9,0.8,-0.150000001317089));
#22173=CARTESIAN_POINT('',(-2.9,0.75,-0.15));
#22174=CARTESIAN_POINT('',(-2.9,0.75,-0.2));
#22175=CARTESIAN_POINT('',(-2.9,0.75,-0.2));
#22176=CARTESIAN_POINT('',(-2.9,0.55,-0.2));
#22177=CARTESIAN_POINT('',(-2.9,0.55,-0.15));
#22178=CARTESIAN_POINT('',(-2.9,0.5,-0.15));
#22179=CARTESIAN_POINT('',(-2.9,0.5,-0.15));
#22180=CARTESIAN_POINT('',(-2.9,0.5,0.05));
#22181=CARTESIAN_POINT('',(-2.9,4.25,0.05));
#22182=CARTESIAN_POINT('',(-2.1,4.25,0.05));
#22183=CARTESIAN_POINT('',(-2.1,0.489999999999999,0.05));
#22184=CARTESIAN_POINT('',(-2.1,0.489999999999999,0.0500000000000001));
#22185=CARTESIAN_POINT('',(3.1,0.5,0.0500000000000001));
#22186=CARTESIAN_POINT('',(-2.1,0.5,0.0500000000000001));
#22187=CARTESIAN_POINT('',(-2.1,4.25,0.0500000000000001));
#22188=CARTESIAN_POINT('',(-2.1,4.25,-1.45));
#22189=CARTESIAN_POINT('',(-2.1,0.489999999999999,-1.45));
#22190=CARTESIAN_POINT('',(-2.1,0.5,-0.15));
#22191=CARTESIAN_POINT('',(-2.1,0.5,-0.15));
#22192=CARTESIAN_POINT('',(-2.1,0.55,-0.15));
#22193=CARTESIAN_POINT('',(-2.1,0.55,-0.2));
#22194=CARTESIAN_POINT('',(-2.1,0.75,-0.2));
#22195=CARTESIAN_POINT('',(-2.1,0.75,-0.2));
#22196=CARTESIAN_POINT('',(-2.1,0.75,-0.15));
#22197=CARTESIAN_POINT('',(-2.1,0.8,-0.150000001317089));
#22198=CARTESIAN_POINT('',(-2.1,0.85,-0.15));
#22199=CARTESIAN_POINT('',(-2.1,0.875,-0.106698729810778));
#22200=CARTESIAN_POINT('',(-2.1,1.03660254037844,-0.2));
#22201=CARTESIAN_POINT('',(-2.1,1.03660254037844,-0.2));
#22202=CARTESIAN_POINT('',(-2.1,1.7,-0.2));
#22203=CARTESIAN_POINT('',(-2.1,1.7,-0.2));
#22204=CARTESIAN_POINT('',(-2.1,2.94500442584713,-0.280483786050667));
#22205=CARTESIAN_POINT('',(-2.1,2.94500442584713,-0.280483786050667));
#22206=CARTESIAN_POINT('',(-2.1,2.937764,-0.392486));
#22207=CARTESIAN_POINT('',(-2.1,3.05,-0.392486));
#22208=CARTESIAN_POINT('',(-2.1,3.05,-0.407514));
#22209=CARTESIAN_POINT('',(-2.1,3.05,-0.407514));
#22210=CARTESIAN_POINT('',(-2.1,2.937764,-0.407514));
#22211=CARTESIAN_POINT('',(-2.1,2.94500442584713,-0.519516213949333));
#22212=CARTESIAN_POINT('',(-2.1,1.7,-0.6));
#22213=CARTESIAN_POINT('',(-2.1,1.7,-0.6));
#22214=CARTESIAN_POINT('',(-2.1,0.5,-0.6));
#22215=CARTESIAN_POINT('',(-2.1,0.5,-0.6));
#22216=CARTESIAN_POINT('',(-2.1,0.5,-0.8));
#22217=CARTESIAN_POINT('',(3.1,0.5,1.2));
#22218=CARTESIAN_POINT('',(3.1,0.5,1.2));
#22219=CARTESIAN_POINT('',(3.1,0.5,1.2));
#22220=CARTESIAN_POINT('',(3.1,0.5,1.2));
#22221=CARTESIAN_POINT('',(3.1,0.5,1.2));
#22222=CARTESIAN_POINT('',(3.1,0.5,1.2));
#22223=CARTESIAN_POINT('',(3.1,0.5,1.2));
#22224=CARTESIAN_POINT('',(3.1,0.5,1.2));
#22225=CARTESIAN_POINT('',(3.1,0.5,1.2));
#22226=CARTESIAN_POINT('',(3.1,0.5,1.2));
#22227=CARTESIAN_POINT('',(3.1,0.5,1.2));
#22228=CARTESIAN_POINT('',(3.1,0.5,1.2));
#22229=CARTESIAN_POINT('',(3.1,0.6,1.2));
#22230=CARTESIAN_POINT('',(3.1,0.6,1.1));
#22231=CARTESIAN_POINT('',(3.1,0.6,1.2));
#22232=CARTESIAN_POINT('',(3.1,0.6,1.1));
#22233=CARTESIAN_POINT('',(3.1,0.6,1.2));
#22234=CARTESIAN_POINT('',(3.1,0.6,1.1));
#22235=CARTESIAN_POINT('',(3.1,0.6,1.2));
#22236=CARTESIAN_POINT('',(3.1,0.6,1.1));
#22237=CARTESIAN_POINT('',(3.1,0.6,1.2));
#22238=CARTESIAN_POINT('',(3.1,0.6,1.1));
#22239=CARTESIAN_POINT('',(3.1,0.6,1.2));
#22240=CARTESIAN_POINT('',(3.1,0.6,1.1));
#22241=CARTESIAN_POINT('',(3.1,1.1,1.1));
#22242=CARTESIAN_POINT('',(3.1,1.1,1.1));
#22243=CARTESIAN_POINT('',(3.1,1.1,1.1));
#22244=CARTESIAN_POINT('',(3.1,1.1,1.1));
#22245=CARTESIAN_POINT('',(3.1,1.1,1.1));
#22246=CARTESIAN_POINT('',(3.1,1.1,1.1));
#22247=CARTESIAN_POINT('',(3.1,1.1,1.1));
#22248=CARTESIAN_POINT('',(3.1,1.1,1.1));
#22249=CARTESIAN_POINT('',(3.1,1.1,1.1));
#22250=CARTESIAN_POINT('',(3.1,1.1,1.1));
#22251=CARTESIAN_POINT('',(3.1,1.1,1.1));
#22252=CARTESIAN_POINT('',(3.1,1.1,1.1));
#22253=CARTESIAN_POINT('',(3.1,1.2,1.04226497308104));
#22254=CARTESIAN_POINT('',(3.1,1.2,1.04226497308104));
#22255=CARTESIAN_POINT('',(3.1,1.2,1.04226497308104));
#22256=CARTESIAN_POINT('',(3.1,1.2,1.04226497308104));
#22257=CARTESIAN_POINT('',(3.1,1.2,1.04226497308104));
#22258=CARTESIAN_POINT('',(3.1,1.2,1.04226497308104));
#22259=CARTESIAN_POINT('',(3.1,1.2,1.04226497308104));
#22260=CARTESIAN_POINT('',(3.1,1.2,1.04226497308104));
#22261=CARTESIAN_POINT('',(3.1,1.2,1.04226497308104));
#22262=CARTESIAN_POINT('',(3.1,1.2,1.04226497308104));
#22263=CARTESIAN_POINT('',(3.1,1.2,1.04226497308104));
#22264=CARTESIAN_POINT('',(3.1,1.2,1.04226497308104));
#22265=CARTESIAN_POINT('',(3.1,1.2,0.694337567297406));
#22266=CARTESIAN_POINT('',(3.1,1.2,0.694337567297406));
#22267=CARTESIAN_POINT('',(3.1,1.2,0.694337567297406));
#22268=CARTESIAN_POINT('',(3.1,1.2,0.694337567297406));
#22269=CARTESIAN_POINT('',(3.1,1.2,0.694337567297406));
#22270=CARTESIAN_POINT('',(3.1,1.2,0.694337567297406));
#22271=CARTESIAN_POINT('',(3.1,1.2,0.694337567297406));
#22272=CARTESIAN_POINT('',(3.1,1.2,0.694337567297406));
#22273=CARTESIAN_POINT('',(3.1,1.2,0.694337567297406));
#22274=CARTESIAN_POINT('',(3.1,1.2,0.694337567297406));
#22275=CARTESIAN_POINT('',(3.1,1.2,0.694337567297406));
#22276=CARTESIAN_POINT('',(3.1,1.2,0.694337567297406));
#22277=CARTESIAN_POINT('',(3.1,0.875,0.506698729810778));
#22278=CARTESIAN_POINT('',(3.1,0.875,0.506698729810778));
#22279=CARTESIAN_POINT('',(3.1,0.875,0.506698729810778));
#22280=CARTESIAN_POINT('',(3.1,0.875,0.506698729810778));
#22281=CARTESIAN_POINT('',(3.1,0.875,0.506698729810778));
#22282=CARTESIAN_POINT('',(3.1,0.875,0.506698729810778));
#22283=CARTESIAN_POINT('',(3.1,0.875,0.506698729810778));
#22284=CARTESIAN_POINT('',(3.1,0.875,0.506698729810778));
#22285=CARTESIAN_POINT('',(3.1,0.875,0.506698729810778));
#22286=CARTESIAN_POINT('',(3.1,0.875,0.506698729810778));
#22287=CARTESIAN_POINT('',(3.1,0.875,0.506698729810778));
#22288=CARTESIAN_POINT('',(3.1,0.875,0.506698729810778));
#22289=CARTESIAN_POINT('',(3.1,0.85,0.55));
#22290=CARTESIAN_POINT('',(3.1,0.8,0.550000001317089));
#22291=CARTESIAN_POINT('',(3.1,0.85,0.55));
#22292=CARTESIAN_POINT('',(3.1,0.8,0.550000001317089));
#22293=CARTESIAN_POINT('',(3.1,0.85,0.55));
#22294=CARTESIAN_POINT('',(3.1,0.8,0.550000001317089));
#22295=CARTESIAN_POINT('',(3.1,0.85,0.55));
#22296=CARTESIAN_POINT('',(3.1,0.8,0.550000001317089));
#22297=CARTESIAN_POINT('',(3.1,0.85,0.55));
#22298=CARTESIAN_POINT('',(3.1,0.8,0.550000001317089));
#22299=CARTESIAN_POINT('',(3.1,0.85,0.55));
#22300=CARTESIAN_POINT('',(3.1,0.8,0.550000001317089));
#22301=CARTESIAN_POINT('',(3.1,0.75,0.55));
#22302=CARTESIAN_POINT('',(3.1,0.75,0.6));
#22303=CARTESIAN_POINT('',(3.1,0.75,0.55));
#22304=CARTESIAN_POINT('',(3.1,0.75,0.6));
#22305=CARTESIAN_POINT('',(3.1,0.75,0.55));
#22306=CARTESIAN_POINT('',(3.1,0.75,0.6));
#22307=CARTESIAN_POINT('',(3.1,0.75,0.55));
#22308=CARTESIAN_POINT('',(3.1,0.75,0.6));
#22309=CARTESIAN_POINT('',(3.1,0.75,0.55));
#22310=CARTESIAN_POINT('',(3.1,0.75,0.6));
#22311=CARTESIAN_POINT('',(3.1,0.75,0.55));
#22312=CARTESIAN_POINT('',(3.1,0.75,0.6));
#22313=CARTESIAN_POINT('',(3.1,0.55,0.6));
#22314=CARTESIAN_POINT('',(3.1,0.55,0.6));
#22315=CARTESIAN_POINT('',(3.1,0.55,0.6));
#22316=CARTESIAN_POINT('',(3.1,0.55,0.6));
#22317=CARTESIAN_POINT('',(3.1,0.55,0.6));
#22318=CARTESIAN_POINT('',(3.1,0.55,0.6));
#22319=CARTESIAN_POINT('',(3.1,0.55,0.6));
#22320=CARTESIAN_POINT('',(3.1,0.55,0.6));
#22321=CARTESIAN_POINT('',(3.1,0.55,0.6));
#22322=CARTESIAN_POINT('',(3.1,0.55,0.6));
#22323=CARTESIAN_POINT('',(3.1,0.55,0.6));
#22324=CARTESIAN_POINT('',(3.1,0.55,0.6));
#22325=CARTESIAN_POINT('',(3.1,0.55,0.55));
#22326=CARTESIAN_POINT('',(3.1,0.5,0.55));
#22327=CARTESIAN_POINT('',(3.1,0.55,0.55));
#22328=CARTESIAN_POINT('',(3.1,0.5,0.55));
#22329=CARTESIAN_POINT('',(3.1,0.55,0.55));
#22330=CARTESIAN_POINT('',(3.1,0.5,0.55));
#22331=CARTESIAN_POINT('',(3.1,0.55,0.55));
#22332=CARTESIAN_POINT('',(3.1,0.5,0.55));
#22333=CARTESIAN_POINT('',(3.1,0.55,0.55));
#22334=CARTESIAN_POINT('',(3.1,0.5,0.55));
#22335=CARTESIAN_POINT('',(3.1,0.55,0.55));
#22336=CARTESIAN_POINT('',(3.1,0.5,0.55));
#22337=CARTESIAN_POINT('',(3.1,0.55,-0.15));
#22338=CARTESIAN_POINT('',(3.1,0.55,-0.2));
#22339=CARTESIAN_POINT('',(3.1,0.5,-0.15));
#22340=CARTESIAN_POINT('',(3.1,0.55,-0.15));
#22341=CARTESIAN_POINT('',(3.1,0.5,-0.15));
#22342=CARTESIAN_POINT('',(3.1,0.55,-0.2));
#22343=CARTESIAN_POINT('',(3.1,0.55,-0.15));
#22344=CARTESIAN_POINT('',(3.1,0.5,-0.15));
#22345=CARTESIAN_POINT('',(3.1,0.55,-0.2));
#22346=CARTESIAN_POINT('',(3.1,0.55,-0.15));
#22347=CARTESIAN_POINT('',(3.1,0.5,-0.15));
#22348=CARTESIAN_POINT('',(3.1,0.55,-0.2));
#22349=CARTESIAN_POINT('',(3.1,0.55,-0.15));
#22350=CARTESIAN_POINT('',(3.1,0.5,-0.15));
#22351=CARTESIAN_POINT('',(3.1,0.55,-0.2));
#22352=CARTESIAN_POINT('',(3.1,0.55,-0.15));
#22353=CARTESIAN_POINT('',(3.1,0.5,-0.15));
#22354=CARTESIAN_POINT('',(3.1,0.55,-0.2));
#22355=CARTESIAN_POINT('',(3.1,0.75,-0.2));
#22356=CARTESIAN_POINT('',(3.1,0.75,-0.2));
#22357=CARTESIAN_POINT('',(3.1,0.75,-0.2));
#22358=CARTESIAN_POINT('',(3.1,0.75,-0.2));
#22359=CARTESIAN_POINT('',(3.1,0.75,-0.2));
#22360=CARTESIAN_POINT('',(3.1,0.75,-0.2));
#22361=CARTESIAN_POINT('',(3.1,0.75,-0.2));
#22362=CARTESIAN_POINT('',(3.1,0.75,-0.2));
#22363=CARTESIAN_POINT('',(3.1,0.75,-0.2));
#22364=CARTESIAN_POINT('',(3.1,0.75,-0.2));
#22365=CARTESIAN_POINT('',(3.1,0.75,-0.2));
#22366=CARTESIAN_POINT('',(3.1,0.75,-0.2));
#22367=CARTESIAN_POINT('',(3.1,0.75,-0.15));
#22368=CARTESIAN_POINT('',(3.1,0.8,-0.150000001317089));
#22369=CARTESIAN_POINT('',(3.1,0.75,-0.15));
#22370=CARTESIAN_POINT('',(3.1,0.8,-0.150000001317089));
#22371=CARTESIAN_POINT('',(3.1,0.75,-0.15));
#22372=CARTESIAN_POINT('',(3.1,0.8,-0.150000001317089));
#22373=CARTESIAN_POINT('',(3.1,0.75,-0.15));
#22374=CARTESIAN_POINT('',(3.1,0.8,-0.150000001317089));
#22375=CARTESIAN_POINT('',(3.1,0.75,-0.15));
#22376=CARTESIAN_POINT('',(3.1,0.8,-0.150000001317089));
#22377=CARTESIAN_POINT('',(3.1,0.75,-0.15));
#22378=CARTESIAN_POINT('',(3.1,0.8,-0.150000001317089));
#22379=CARTESIAN_POINT('',(3.1,0.85,-0.15));
#22380=CARTESIAN_POINT('',(3.1,0.875,-0.106698729810778));
#22381=CARTESIAN_POINT('',(3.1,0.85,-0.15));
#22382=CARTESIAN_POINT('',(3.1,0.875,-0.106698729810778));
#22383=CARTESIAN_POINT('',(3.1,0.85,-0.15));
#22384=CARTESIAN_POINT('',(3.1,0.875,-0.106698729810778));
#22385=CARTESIAN_POINT('',(3.1,0.85,-0.15));
#22386=CARTESIAN_POINT('',(3.1,0.875,-0.106698729810778));
#22387=CARTESIAN_POINT('',(3.1,0.85,-0.15));
#22388=CARTESIAN_POINT('',(3.1,0.875,-0.106698729810778));
#22389=CARTESIAN_POINT('',(3.1,0.85,-0.15));
#22390=CARTESIAN_POINT('',(3.1,0.875,-0.106698729810778));
#22391=CARTESIAN_POINT('',(3.1,1.03660254037844,-0.2));
#22392=CARTESIAN_POINT('',(3.1,1.03660254037844,-0.2));
#22393=CARTESIAN_POINT('',(3.1,1.03660254037844,-0.2));
#22394=CARTESIAN_POINT('',(3.1,1.03660254037844,-0.2));
#22395=CARTESIAN_POINT('',(3.1,1.03660254037844,-0.2));
#22396=CARTESIAN_POINT('',(3.1,1.03660254037844,-0.2));
#22397=CARTESIAN_POINT('',(3.1,1.03660254037844,-0.2));
#22398=CARTESIAN_POINT('',(3.1,1.03660254037844,-0.2));
#22399=CARTESIAN_POINT('',(3.1,1.03660254037844,-0.2));
#22400=CARTESIAN_POINT('',(3.1,1.03660254037844,-0.2));
#22401=CARTESIAN_POINT('',(3.1,1.03660254037844,-0.2));
#22402=CARTESIAN_POINT('',(3.1,1.03660254037844,-0.2));
#22403=CARTESIAN_POINT('',(3.1,1.7,-0.2));
#22404=CARTESIAN_POINT('',(3.1,1.7,-0.2));
#22405=CARTESIAN_POINT('',(3.1,1.7,-0.2));
#22406=CARTESIAN_POINT('',(3.1,1.7,-0.2));
#22407=CARTESIAN_POINT('',(3.1,1.7,-0.2));
#22408=CARTESIAN_POINT('',(3.1,1.7,-0.2));
#22409=CARTESIAN_POINT('',(3.1,1.7,-0.2));
#22410=CARTESIAN_POINT('',(3.1,1.7,-0.2));
#22411=CARTESIAN_POINT('',(3.1,1.7,-0.2));
#22412=CARTESIAN_POINT('',(3.1,1.7,-0.2));
#22413=CARTESIAN_POINT('',(3.1,1.7,-0.2));
#22414=CARTESIAN_POINT('',(3.1,1.7,-0.2));
#22415=CARTESIAN_POINT('',(3.1,2.94500442584713,-0.280483786050667));
#22416=CARTESIAN_POINT('',(3.1,2.94500442584713,-0.280483786050667));
#22417=CARTESIAN_POINT('',(3.1,2.94500442584713,-0.280483786050667));
#22418=CARTESIAN_POINT('',(3.1,2.94500442584713,-0.280483786050667));
#22419=CARTESIAN_POINT('',(3.1,2.94500442584713,-0.280483786050667));
#22420=CARTESIAN_POINT('',(3.1,2.94500442584713,-0.280483786050667));
#22421=CARTESIAN_POINT('',(3.1,2.94500442584713,-0.280483786050667));
#22422=CARTESIAN_POINT('',(3.1,2.94500442584713,-0.280483786050667));
#22423=CARTESIAN_POINT('',(3.1,2.94500442584713,-0.280483786050667));
#22424=CARTESIAN_POINT('',(3.1,2.94500442584713,-0.280483786050667));
#22425=CARTESIAN_POINT('',(3.1,2.94500442584713,-0.280483786050667));
#22426=CARTESIAN_POINT('',(3.1,2.94500442584713,-0.280483786050667));
#22427=CARTESIAN_POINT('',(3.1,2.937764,-0.392486));
#22428=CARTESIAN_POINT('',(3.1,3.05,-0.392486));
#22429=CARTESIAN_POINT('',(3.1,2.937764,-0.392486));
#22430=CARTESIAN_POINT('',(3.1,3.05,-0.392486));
#22431=CARTESIAN_POINT('',(3.1,2.937764,-0.392486));
#22432=CARTESIAN_POINT('',(3.1,3.05,-0.392486));
#22433=CARTESIAN_POINT('',(3.1,2.937764,-0.392486));
#22434=CARTESIAN_POINT('',(3.1,3.05,-0.392486));
#22435=CARTESIAN_POINT('',(3.1,2.937764,-0.392486));
#22436=CARTESIAN_POINT('',(3.1,3.05,-0.392486));
#22437=CARTESIAN_POINT('',(3.1,2.937764,-0.392486));
#22438=CARTESIAN_POINT('',(3.1,3.05,-0.392486));
#22439=CARTESIAN_POINT('',(3.1,3.05,-0.407514));
#22440=CARTESIAN_POINT('',(3.1,3.05,-0.407514));
#22441=CARTESIAN_POINT('',(3.1,3.05,-0.407514));
#22442=CARTESIAN_POINT('',(3.1,3.05,-0.407514));
#22443=CARTESIAN_POINT('',(3.1,3.05,-0.407514));
#22444=CARTESIAN_POINT('',(3.1,3.05,-0.407514));
#22445=CARTESIAN_POINT('',(3.1,3.05,-0.407514));
#22446=CARTESIAN_POINT('',(3.1,3.05,-0.407514));
#22447=CARTESIAN_POINT('',(3.1,3.05,-0.407514));
#22448=CARTESIAN_POINT('',(3.1,3.05,-0.407514));
#22449=CARTESIAN_POINT('',(3.1,3.05,-0.407514));
#22450=CARTESIAN_POINT('',(3.1,3.05,-0.407514));
#22451=CARTESIAN_POINT('',(3.1,2.937764,-0.407514));
#22452=CARTESIAN_POINT('',(3.1,2.94500442584713,-0.519516213949333));
#22453=CARTESIAN_POINT('',(3.1,2.937764,-0.407514));
#22454=CARTESIAN_POINT('',(3.1,2.94500442584713,-0.519516213949333));
#22455=CARTESIAN_POINT('',(3.1,2.937764,-0.407514));
#22456=CARTESIAN_POINT('',(3.1,2.94500442584713,-0.519516213949333));
#22457=CARTESIAN_POINT('',(3.1,2.937764,-0.407514));
#22458=CARTESIAN_POINT('',(3.1,2.94500442584713,-0.519516213949333));
#22459=CARTESIAN_POINT('',(3.1,2.937764,-0.407514));
#22460=CARTESIAN_POINT('',(3.1,2.94500442584713,-0.519516213949333));
#22461=CARTESIAN_POINT('',(3.1,2.937764,-0.407514));
#22462=CARTESIAN_POINT('',(3.1,2.94500442584713,-0.519516213949333));
#22463=CARTESIAN_POINT('',(3.1,1.7,-0.6));
#22464=CARTESIAN_POINT('',(3.1,1.7,-0.6));
#22465=CARTESIAN_POINT('',(3.1,1.7,-0.6));
#22466=CARTESIAN_POINT('',(3.1,1.7,-0.6));
#22467=CARTESIAN_POINT('',(3.1,1.7,-0.6));
#22468=CARTESIAN_POINT('',(3.1,1.7,-0.6));
#22469=CARTESIAN_POINT('',(3.1,1.7,-0.6));
#22470=CARTESIAN_POINT('',(3.1,1.7,-0.6));
#22471=CARTESIAN_POINT('',(3.1,1.7,-0.6));
#22472=CARTESIAN_POINT('',(3.1,1.7,-0.6));
#22473=CARTESIAN_POINT('',(3.1,1.7,-0.6));
#22474=CARTESIAN_POINT('',(3.1,1.7,-0.6));
#22475=CARTESIAN_POINT('',(3.1,0.5,-0.6));
#22476=CARTESIAN_POINT('',(3.1,0.5,-0.6));
#22477=CARTESIAN_POINT('',(3.1,0.5,-0.6));
#22478=CARTESIAN_POINT('',(3.1,0.5,-0.6));
#22479=CARTESIAN_POINT('',(3.1,0.5,-0.6));
#22480=CARTESIAN_POINT('',(3.1,0.5,-0.6));
#22481=CARTESIAN_POINT('',(3.1,0.5,-0.6));
#22482=CARTESIAN_POINT('',(3.1,0.5,-0.6));
#22483=CARTESIAN_POINT('',(3.1,0.5,-0.6));
#22484=CARTESIAN_POINT('',(3.1,0.5,-0.6));
#22485=CARTESIAN_POINT('',(3.1,0.5,-0.6));
#22486=CARTESIAN_POINT('',(3.1,0.5,-0.6));
#22487=CARTESIAN_POINT('',(3.1,0.5,-0.8));
#22488=CARTESIAN_POINT('',(3.1,0.5,-0.8));
#22489=CARTESIAN_POINT('',(3.1,0.5,-0.8));
#22490=CARTESIAN_POINT('',(3.1,0.5,-0.8));
#22491=CARTESIAN_POINT('',(3.1,0.5,-0.8));
#22492=CARTESIAN_POINT('',(3.1,0.5,-0.8));
#22493=CARTESIAN_POINT('',(3.1,0.5,1.2));
#22494=CARTESIAN_POINT('',(3.1,0.5,1.2));
#22495=CARTESIAN_POINT('',(3.1,0.6,1.2));
#22496=CARTESIAN_POINT('',(3.1,0.6,1.1));
#22497=CARTESIAN_POINT('',(3.1,1.1,1.1));
#22498=CARTESIAN_POINT('',(3.1,1.1,1.1));
#22499=CARTESIAN_POINT('',(3.1,1.2,1.04226497308104));
#22500=CARTESIAN_POINT('',(3.1,1.2,1.04226497308104));
#22501=CARTESIAN_POINT('',(3.1,1.2,0.694337567297406));
#22502=CARTESIAN_POINT('',(3.1,1.2,0.694337567297406));
#22503=CARTESIAN_POINT('',(3.1,0.875,0.506698729810778));
#22504=CARTESIAN_POINT('',(3.1,0.875,0.506698729810778));
#22505=CARTESIAN_POINT('',(3.1,0.85,0.55));
#22506=CARTESIAN_POINT('',(3.1,0.8,0.550000001317089));
#22507=CARTESIAN_POINT('',(3.1,0.75,0.55));
#22508=CARTESIAN_POINT('',(3.1,0.75,0.6));
#22509=CARTESIAN_POINT('',(3.1,0.55,0.6));
#22510=CARTESIAN_POINT('',(3.1,0.55,0.6));
#22511=CARTESIAN_POINT('',(3.1,0.55,0.55));
#22512=CARTESIAN_POINT('',(3.1,0.5,0.55));
#22513=CARTESIAN_POINT('',(3.1,0.5,-0.15));
#22514=CARTESIAN_POINT('',(3.1,0.5,-0.15));
#22515=CARTESIAN_POINT('',(3.1,0.55,-0.15));
#22516=CARTESIAN_POINT('',(3.1,0.55,-0.2));
#22517=CARTESIAN_POINT('',(3.1,0.75,-0.2));
#22518=CARTESIAN_POINT('',(3.1,0.75,-0.2));
#22519=CARTESIAN_POINT('',(3.1,0.75,-0.15));
#22520=CARTESIAN_POINT('',(3.1,0.8,-0.150000001317089));
#22521=CARTESIAN_POINT('',(3.1,0.85,-0.15));
#22522=CARTESIAN_POINT('',(3.1,0.875,-0.106698729810778));
#22523=CARTESIAN_POINT('',(3.1,1.03660254037844,-0.2));
#22524=CARTESIAN_POINT('',(3.1,1.03660254037844,-0.2));
#22525=CARTESIAN_POINT('',(3.1,1.7,-0.2));
#22526=CARTESIAN_POINT('',(3.1,1.7,-0.2));
#22527=CARTESIAN_POINT('',(3.1,2.94500442584713,-0.280483786050667));
#22528=CARTESIAN_POINT('',(3.1,2.94500442584713,-0.280483786050667));
#22529=CARTESIAN_POINT('',(3.1,2.937764,-0.392486));
#22530=CARTESIAN_POINT('',(3.1,3.05,-0.392486));
#22531=CARTESIAN_POINT('',(3.1,3.05,-0.407514));
#22532=CARTESIAN_POINT('',(3.1,3.05,-0.407514));
#22533=CARTESIAN_POINT('',(3.1,2.937764,-0.407514));
#22534=CARTESIAN_POINT('',(3.1,2.94500442584713,-0.519516213949333));
#22535=CARTESIAN_POINT('',(3.1,1.7,-0.6));
#22536=CARTESIAN_POINT('',(3.1,1.7,-0.6));
#22537=CARTESIAN_POINT('',(3.1,0.5,-0.6));
#22538=CARTESIAN_POINT('',(3.1,0.5,-0.6));
#22539=CARTESIAN_POINT('',(3.1,0.5,-0.8));
#22540=CARTESIAN_POINT('',(50.,0.489999999999998,-20.));
#22541=CARTESIAN_POINT('',(0.,0.,0.));
#22542=CARTESIAN_POINT('',(0.1,0.,0.375));
#22543=CARTESIAN_POINT('',(-0.1,0.,0.375));
#22544=CARTESIAN_POINT('',(-0.1,0.,0.375));
#22545=CARTESIAN_POINT('',(-0.1,-0.15,0.525));
#22546=CARTESIAN_POINT('',(0.1,-0.15,0.525));
#22547=CARTESIAN_POINT('',(0.1,-0.15,0.525));
#22548=CARTESIAN_POINT('',(0.1,0.,0.375));
#22549=CARTESIAN_POINT('',(0.1,0.,0.375));
#22550=CARTESIAN_POINT('',(0.1,0.,0.375));
#22551=CARTESIAN_POINT('',(0.1,-0.15,0.525));
#22552=CARTESIAN_POINT('',(-0.1,-0.15,0.525));
#22553=CARTESIAN_POINT('',(-0.1,-1.35,0.525));
#22554=CARTESIAN_POINT('',(0.1,-1.35,0.525));
#22555=CARTESIAN_POINT('',(0.1,-1.35,0.525));
#22556=CARTESIAN_POINT('',(0.1,-0.15,0.525));
#22557=CARTESIAN_POINT('',(0.1,-1.35,0.525));
#22558=CARTESIAN_POINT('',(-0.1,-1.35,0.525));
#22559=CARTESIAN_POINT('',(-0.1,-1.5,0.375));
#22560=CARTESIAN_POINT('',(0.1,-1.5,0.375));
#22561=CARTESIAN_POINT('',(0.1,-1.5,0.375));
#22562=CARTESIAN_POINT('',(0.1,-1.35,0.525));
#22563=CARTESIAN_POINT('',(0.1,-1.5,0.375));
#22564=CARTESIAN_POINT('',(-0.1,-1.5,0.375));
#22565=CARTESIAN_POINT('',(-0.1,-1.5,0.195));
#22566=CARTESIAN_POINT('',(0.1,-1.5,0.195));
#22567=CARTESIAN_POINT('',(0.1,-1.5,0.195));
#22568=CARTESIAN_POINT('',(0.1,-1.5,0.375));
#22569=CARTESIAN_POINT('',(0.1,-1.55,0.195));
#22570=CARTESIAN_POINT('',(-0.1,-1.55,0.195));
#22571=CARTESIAN_POINT('',(-0.1,-1.55,0.145));
#22572=CARTESIAN_POINT('',(0.1,-1.55,0.145));
#22573=CARTESIAN_POINT('',(0.1,-1.55,0.145));
#22574=CARTESIAN_POINT('',(0.1,-1.55,0.195));
#22575=CARTESIAN_POINT('',(0.1,-1.55,0.145));
#22576=CARTESIAN_POINT('',(-0.1,-1.55,0.145));
#22577=CARTESIAN_POINT('',(-0.1,-1.74825867773496,0.145));
#22578=CARTESIAN_POINT('',(0.1,-1.74825867773496,0.145));
#22579=CARTESIAN_POINT('',(0.1,-1.74825867773496,0.145));
#22580=CARTESIAN_POINT('',(0.1,-1.55,0.145));
#22581=CARTESIAN_POINT('',(0.1,-1.74825867773496,0.194999999999998));
#22582=CARTESIAN_POINT('',(-0.1,-1.74825867773496,0.194999999999998));
#22583=CARTESIAN_POINT('',(-0.1,-1.77599368754622,0.153397485283108));
#22584=CARTESIAN_POINT('',(0.1,-1.77599368754622,0.153397485283108));
#22585=CARTESIAN_POINT('',(0.1,-1.77599368754622,0.153397485283108));
#22586=CARTESIAN_POINT('',(0.1,-1.74825867773496,0.194999999999998));
#22587=CARTESIAN_POINT('',(0.1,-1.77599368754622,0.153397485283108));
#22588=CARTESIAN_POINT('',(-0.1,-1.77599368754622,0.153397485283108));
#22589=CARTESIAN_POINT('',(-0.1,-1.82416005630144,0.185508397786591));
#22590=CARTESIAN_POINT('',(0.1,-1.82416005630144,0.185508397786591));
#22591=CARTESIAN_POINT('',(0.1,-1.82416005630144,0.185508397786591));
#22592=CARTESIAN_POINT('',(0.1,-1.77599368754622,0.153397485283108));
#22593=CARTESIAN_POINT('',(0.1,-1.8518950661127,0.143905883069699));
#22594=CARTESIAN_POINT('',(-0.1,-1.8518950661127,0.143905883069699));
#22595=CARTESIAN_POINT('',(-0.1,-1.8768950661127,0.187207153258921));
#22596=CARTESIAN_POINT('',(0.1,-1.8768950661127,0.187207153258921));
#22597=CARTESIAN_POINT('',(0.1,-1.8768950661127,0.187207153258921));
#22598=CARTESIAN_POINT('',(0.1,-1.8518950661127,0.143905883069699));
#22599=CARTESIAN_POINT('',(0.1,-1.8768950661127,0.187207153258921));
#22600=CARTESIAN_POINT('',(-0.1,-1.8768950661127,0.187207153258921));
#22601=CARTESIAN_POINT('',(-0.1,-2.1,0.0583974596215562));
#22602=CARTESIAN_POINT('',(0.1,-2.1,0.0583974596215562));
#22603=CARTESIAN_POINT('',(0.1,-2.1,0.0583974596215562));
#22604=CARTESIAN_POINT('',(0.1,-1.8768950661127,0.187207153258921));
#22605=CARTESIAN_POINT('',(0.1,-2.1,0.0583974596215562));
#22606=CARTESIAN_POINT('',(-0.1,-2.1,0.0583974596215562));
#22607=CARTESIAN_POINT('',(-0.1,-2.1,-0.025));
#22608=CARTESIAN_POINT('',(0.1,-2.1,-0.025));
#22609=CARTESIAN_POINT('',(0.1,-2.1,-0.025));
#22610=CARTESIAN_POINT('',(0.1,-2.1,0.0583974596215562));
#22611=CARTESIAN_POINT('',(0.1,-2.1,-0.025));
#22612=CARTESIAN_POINT('',(-0.1,-2.1,-0.025));
#22613=CARTESIAN_POINT('',(-0.1,-0.55,-0.025));
#22614=CARTESIAN_POINT('',(0.1,-0.55,-0.025));
#22615=CARTESIAN_POINT('',(0.1,-0.55,-0.025));
#22616=CARTESIAN_POINT('',(0.1,-2.1,-0.025));
#22617=CARTESIAN_POINT('',(0.1,-0.55,-0.0750000000000001));
#22618=CARTESIAN_POINT('',(-0.1,-0.55,-0.0750000000000001));
#22619=CARTESIAN_POINT('',(-0.1,-0.5,-0.075));
#22620=CARTESIAN_POINT('',(0.1,-0.5,-0.075));
#22621=CARTESIAN_POINT('',(0.1,-0.5,-0.075));
#22622=CARTESIAN_POINT('',(0.1,-0.55,-0.0750000000000001));
#22623=CARTESIAN_POINT('',(0.1,-0.5,-0.075));
#22624=CARTESIAN_POINT('',(-0.1,-0.5,-0.075));
#22625=CARTESIAN_POINT('',(-0.1,-0.5,-0.255));
#22626=CARTESIAN_POINT('',(0.1,-0.5,-0.255));
#22627=CARTESIAN_POINT('',(0.1,-0.5,-0.255));
#22628=CARTESIAN_POINT('',(0.1,-0.5,-0.075));
#22629=CARTESIAN_POINT('',(0.1,-0.55,-0.255));
#22630=CARTESIAN_POINT('',(-0.1,-0.55,-0.255));
#22631=CARTESIAN_POINT('',(-0.1,-0.55,-0.305));
#22632=CARTESIAN_POINT('',(0.1,-0.55,-0.305));
#22633=CARTESIAN_POINT('',(0.1,-0.55,-0.305));
#22634=CARTESIAN_POINT('',(0.1,-0.55,-0.255));
#22635=CARTESIAN_POINT('',(0.1,-0.55,-0.305));
#22636=CARTESIAN_POINT('',(-0.1,-0.55,-0.305));
#22637=CARTESIAN_POINT('',(-0.1,-0.754037493811431,-0.305));
#22638=CARTESIAN_POINT('',(0.1,-0.754037493811431,-0.305));
#22639=CARTESIAN_POINT('',(0.1,-0.754037493811431,-0.305));
#22640=CARTESIAN_POINT('',(0.1,-0.55,-0.305));
#22641=CARTESIAN_POINT('',(0.1,-0.754037493811431,-0.255000000000003));
#22642=CARTESIAN_POINT('',(-0.1,-0.754037493811431,-0.255000000000003));
#22643=CARTESIAN_POINT('',(-0.1,-0.772123622656505,-0.301614289047452));
#22644=CARTESIAN_POINT('',(0.1,-0.772123622656505,-0.301614289047452));
#22645=CARTESIAN_POINT('',(0.1,-0.772123622656505,-0.301614289047452));
#22646=CARTESIAN_POINT('',(0.1,-0.754037493811431,-0.255000000000003));
#22647=CARTESIAN_POINT('',(0.1,-0.772123622656505,-0.301614289047452));
#22648=CARTESIAN_POINT('',(-0.1,-0.772123622656505,-0.301614289047452));
#22649=CARTESIAN_POINT('',(-0.1,-0.852663162182715,-0.270365319712937));
#22650=CARTESIAN_POINT('',(0.1,-0.852663162182715,-0.270365319712937));
#22651=CARTESIAN_POINT('',(0.1,-0.852663162182715,-0.270365319712937));
#22652=CARTESIAN_POINT('',(0.1,-0.772123622656505,-0.301614289047452));
#22653=CARTESIAN_POINT('',(0.1,-0.87074929102779,-0.316979608760388));
#22654=CARTESIAN_POINT('',(-0.1,-0.87074929102779,-0.316979608760388));
#22655=CARTESIAN_POINT('',(-0.1,-0.89574929102779,-0.273678338571167));
#22656=CARTESIAN_POINT('',(0.1,-0.89574929102779,-0.273678338571167));
#22657=CARTESIAN_POINT('',(0.1,-0.89574929102779,-0.273678338571167));
#22658=CARTESIAN_POINT('',(0.1,-0.87074929102779,-0.316979608760388));
#22659=CARTESIAN_POINT('',(0.1,-0.89574929102779,-0.273678338571167));
#22660=CARTESIAN_POINT('',(-0.1,-0.89574929102779,-0.273678338571167));
#22661=CARTESIAN_POINT('',(-0.1,-1.1,-0.391602540378444));
#22662=CARTESIAN_POINT('',(0.1,-1.1,-0.391602540378444));
#22663=CARTESIAN_POINT('',(0.1,-1.1,-0.391602540378444));
#22664=CARTESIAN_POINT('',(0.1,-0.89574929102779,-0.273678338571167));
#22665=CARTESIAN_POINT('',(0.1,-1.1,-0.391602540378444));
#22666=CARTESIAN_POINT('',(-0.1,-1.1,-0.391602540378444));
#22667=CARTESIAN_POINT('',(-0.1,-1.1,-0.456602540378444));
#22668=CARTESIAN_POINT('',(0.1,-1.1,-0.456602540378444));
#22669=CARTESIAN_POINT('',(0.1,-1.1,-0.456602540378444));
#22670=CARTESIAN_POINT('',(0.1,-1.1,-0.391602540378444));
#22671=CARTESIAN_POINT('',(0.1,-1.1,-0.456602540378444));
#22672=CARTESIAN_POINT('',(-0.1,-1.1,-0.456602540378444));
#22673=CARTESIAN_POINT('',(-0.1,-0.981532124826824,-0.525));
#22674=CARTESIAN_POINT('',(0.1,-0.981532124826824,-0.525));
#22675=CARTESIAN_POINT('',(0.1,-0.981532124826824,-0.525));
#22676=CARTESIAN_POINT('',(0.1,-1.1,-0.456602540378444));
#22677=CARTESIAN_POINT('',(0.1,-0.981532124826824,-0.525));
#22678=CARTESIAN_POINT('',(-0.1,-0.981532124826824,-0.525));
#22679=CARTESIAN_POINT('',(-0.1,0.,-0.525));
#22680=CARTESIAN_POINT('',(0.1,0.,-0.525));
#22681=CARTESIAN_POINT('',(0.1,0.,-0.525));
#22682=CARTESIAN_POINT('',(0.1,-0.981532124826824,-0.525));
#22683=CARTESIAN_POINT('',(0.1,0.,-0.525));
#22684=CARTESIAN_POINT('',(-0.1,0.,-0.525));
#22685=CARTESIAN_POINT('',(-0.1,0.,-0.361602540378444));
#22686=CARTESIAN_POINT('',(0.1,0.,-0.361602540378444));
#22687=CARTESIAN_POINT('',(0.1,0.,-0.361602540378444));
#22688=CARTESIAN_POINT('',(0.1,0.,-0.525));
#22689=CARTESIAN_POINT('',(0.1,0.,-0.361602540378444));
#22690=CARTESIAN_POINT('',(-0.1,0.,-0.361602540378444));
#22691=CARTESIAN_POINT('',(-0.1,-0.075,-0.318301270189222));
#22692=CARTESIAN_POINT('',(0.1,-0.075,-0.318301270189222));
#22693=CARTESIAN_POINT('',(0.1,-0.075,-0.318301270189222));
#22694=CARTESIAN_POINT('',(0.1,0.,-0.361602540378444));
#22695=CARTESIAN_POINT('',(0.1,-0.0499999999999999,-0.275));
#22696=CARTESIAN_POINT('',(-0.1,-0.0499999999999999,-0.275));
#22697=CARTESIAN_POINT('',(-0.1,-0.05,-0.225));
#22698=CARTESIAN_POINT('',(0.1,-0.05,-0.225));
#22699=CARTESIAN_POINT('',(0.1,-0.05,-0.225));
#22700=CARTESIAN_POINT('',(0.1,-0.0499999999999999,-0.275));
#22701=CARTESIAN_POINT('',(0.1,-0.05,-0.225));
#22702=CARTESIAN_POINT('',(-0.1,-0.05,-0.225));
#22703=CARTESIAN_POINT('',(-0.1,-0.05,0.075));
#22704=CARTESIAN_POINT('',(0.1,-0.05,0.075));
#22705=CARTESIAN_POINT('',(0.1,-0.05,0.075));
#22706=CARTESIAN_POINT('',(0.1,-0.05,-0.225));
#22707=CARTESIAN_POINT('',(0.1,-0.0499999999999999,0.125));
#22708=CARTESIAN_POINT('',(-0.1,-0.0499999999999999,0.125));
#22709=CARTESIAN_POINT('',(-0.1,-0.075,0.168301270189222));
#22710=CARTESIAN_POINT('',(0.1,-0.075,0.168301270189222));
#22711=CARTESIAN_POINT('',(0.1,-0.075,0.168301270189222));
#22712=CARTESIAN_POINT('',(0.1,-0.0499999999999999,0.125));
#22713=CARTESIAN_POINT('',(0.1,-0.075,0.168301270189222));
#22714=CARTESIAN_POINT('',(-0.1,-0.075,0.168301270189222));
#22715=CARTESIAN_POINT('',(-0.1,0.,0.211602540378444));
#22716=CARTESIAN_POINT('',(0.1,0.,0.211602540378444));
#22717=CARTESIAN_POINT('',(0.1,0.,0.211602540378444));
#22718=CARTESIAN_POINT('',(0.1,-0.075,0.168301270189222));
#22719=CARTESIAN_POINT('',(0.1,0.,0.211602540378444));
#22720=CARTESIAN_POINT('',(-0.1,0.,0.211602540378444));
#22721=CARTESIAN_POINT('',(0.1,0.,0.211602540378444));
#22722=CARTESIAN_POINT('',(0.1,-1.55,0.195));
#22723=CARTESIAN_POINT('',(-0.1,-1.55,0.195));
#22724=CARTESIAN_POINT('',(4.1,4.25,0.975));
#22725=CARTESIAN_POINT('',(-4.1,4.25,0.975));
#22726=MECHANICAL_DESIGN_GEOMETRIC_PRESENTATION_REPRESENTATION('',(#14098,
#14099,#14100,#14101),#22727);
#22727=(
GEOMETRIC_REPRESENTATION_CONTEXT(3)
GLOBAL_UNCERTAINTY_ASSIGNED_CONTEXT((#22732))
GLOBAL_UNIT_ASSIGNED_CONTEXT((#22739,#22738,#22737))
REPRESENTATION_CONTEXT('T1M-07-GF-S-RA-TR','TOP_LEVEL_ASSEMBLY_PART')
);
#22728=(
GEOMETRIC_REPRESENTATION_CONTEXT(3)
GLOBAL_UNCERTAINTY_ASSIGNED_CONTEXT((#22733))
GLOBAL_UNIT_ASSIGNED_CONTEXT((#22739,#22738,#22737))
REPRESENTATION_CONTEXT('T1T1M-07-T-S-RA-TR','COMPONENT_PART')
);
#22729=(
GEOMETRIC_REPRESENTATION_CONTEXT(3)
GLOBAL_UNCERTAINTY_ASSIGNED_CONTEXT((#22734))
GLOBAL_UNIT_ASSIGNED_CONTEXT((#22739,#22738,#22737))
REPRESENTATION_CONTEXT('P2T1M-07-GF-S-RA-TR','COMPONENT_PART')
);
#22730=(
GEOMETRIC_REPRESENTATION_CONTEXT(3)
GLOBAL_UNCERTAINTY_ASSIGNED_CONTEXT((#22735))
GLOBAL_UNIT_ASSIGNED_CONTEXT((#22739,#22738,#22737))
REPRESENTATION_CONTEXT('P22T1M-07-GF-S-RA-TR','COMPONENT_PART')
);
#22731=(
GEOMETRIC_REPRESENTATION_CONTEXT(3)
GLOBAL_UNCERTAINTY_ASSIGNED_CONTEXT((#22736))
GLOBAL_UNIT_ASSIGNED_CONTEXT((#22739,#22738,#22737))
REPRESENTATION_CONTEXT('WT-68-01-X_wt','COMPONENT_PART')
);
#22732=UNCERTAINTY_MEASURE_WITH_UNIT(LENGTH_MEASURE(0.005),#22739,
'DISTANCE_ACCURACY_VALUE','Maximum Tolerance applied to model');
#22733=UNCERTAINTY_MEASURE_WITH_UNIT(LENGTH_MEASURE(0.005),#22739,
'DISTANCE_ACCURACY_VALUE','Maximum Tolerance applied to model');
#22734=UNCERTAINTY_MEASURE_WITH_UNIT(LENGTH_MEASURE(0.005),#22739,
'DISTANCE_ACCURACY_VALUE','Maximum Tolerance applied to model');
#22735=UNCERTAINTY_MEASURE_WITH_UNIT(LENGTH_MEASURE(0.005),#22739,
'DISTANCE_ACCURACY_VALUE','Maximum Tolerance applied to model');
#22736=UNCERTAINTY_MEASURE_WITH_UNIT(LENGTH_MEASURE(0.005),#22739,
'DISTANCE_ACCURACY_VALUE','Maximum Tolerance applied to model');
#22737=(
NAMED_UNIT(*)
SI_UNIT($,.STERADIAN.)
SOLID_ANGLE_UNIT()
);
#22738=(
NAMED_UNIT(*)
PLANE_ANGLE_UNIT()
SI_UNIT($,.RADIAN.)
);
#22739=(
LENGTH_UNIT()
NAMED_UNIT(*)
SI_UNIT(.MILLI.,.METRE.)
);
#22740=PRODUCT_DEFINITION_SHAPE('','',#22750);
#22741=PRODUCT_DEFINITION_SHAPE('','',#22751);
#22742=PRODUCT_DEFINITION_SHAPE(' ','NAUO PRDDFN',#23);
#22743=PRODUCT_DEFINITION_SHAPE('','',#22752);
#22744=PRODUCT_DEFINITION_SHAPE(' ','NAUO PRDDFN',#24);
#22745=PRODUCT_DEFINITION_SHAPE('','',#22753);
#22746=PRODUCT_DEFINITION_SHAPE(' ','NAUO PRDDFN',#25);
#22747=PRODUCT_DEFINITION_SHAPE('','',#22754);
#22748=PRODUCT_DEFINITION_SHAPE(' ','NAUO PRDDFN',#26);
#22749=PRODUCT_DEFINITION_SHAPE(' ','NAUO PRDDFN',#27);
#22750=PRODUCT_DEFINITION('','',#22760,#22755);
#22751=PRODUCT_DEFINITION('','',#22761,#22756);
#22752=PRODUCT_DEFINITION('','',#22762,#22757);
#22753=PRODUCT_DEFINITION('','',#22763,#22758);
#22754=PRODUCT_DEFINITION('','',#22764,#22759);
#22755=PRODUCT_DEFINITION_CONTEXT('',#22786,'design');
#22756=PRODUCT_DEFINITION_CONTEXT('',#22786,'design');
#22757=PRODUCT_DEFINITION_CONTEXT('',#22786,'design');
#22758=PRODUCT_DEFINITION_CONTEXT('',#22786,'design');
#22759=PRODUCT_DEFINITION_CONTEXT('',#22786,'design');
#22760=PRODUCT_DEFINITION_FORMATION_WITH_SPECIFIED_SOURCE('','',#22770,
 .NOT_KNOWN.);
#22761=PRODUCT_DEFINITION_FORMATION_WITH_SPECIFIED_SOURCE('','',#22771,
 .NOT_KNOWN.);
#22762=PRODUCT_DEFINITION_FORMATION_WITH_SPECIFIED_SOURCE('','',#22772,
 .NOT_KNOWN.);
#22763=PRODUCT_DEFINITION_FORMATION_WITH_SPECIFIED_SOURCE('','',#22773,
 .NOT_KNOWN.);
#22764=PRODUCT_DEFINITION_FORMATION_WITH_SPECIFIED_SOURCE('','',#22774,
 .NOT_KNOWN.);
#22765=PRODUCT_RELATED_PRODUCT_CATEGORY('','',(#22770));
#22766=PRODUCT_RELATED_PRODUCT_CATEGORY('','',(#22771));
#22767=PRODUCT_RELATED_PRODUCT_CATEGORY('','',(#22772));
#22768=PRODUCT_RELATED_PRODUCT_CATEGORY('','',(#22773));
#22769=PRODUCT_RELATED_PRODUCT_CATEGORY('','',(#22774));
#22770=PRODUCT('T1M-07-GF-S-RA-TR','T1M-07-GF-S-RA-TR',
'T1M-07-GF-S-RA-TR',(#22780));
#22771=PRODUCT('T1T1M-07-T-S-RA-TR','T1T1M-07-T-S-RA-TR',
'T1T1M-07-T-S-RA-TR',(#22781));
#22772=PRODUCT('P2T1M-07-GF-S-RA-TR','P2T1M-07-GF-S-RA-TR',
'P2T1M-07-GF-S-RA-TR',(#22782));
#22773=PRODUCT('P22T1M-07-GF-S-RA-TR','P22T1M-07-GF-S-RA-TR',
'P22T1M-07-GF-S-RA-TR',(#22783));
#22774=PRODUCT('WT-68-01-X_wt','WT-68-01-X_wt','WT-68-01-X_wt',(#22784));
#22775=PRODUCT_CATEGORY('','');
#22776=PRODUCT_CATEGORY('','');
#22777=PRODUCT_CATEGORY('','');
#22778=PRODUCT_CATEGORY('','');
#22779=PRODUCT_CATEGORY('','');
#22780=PRODUCT_CONTEXT('',#22786,'mechanical');
#22781=PRODUCT_CONTEXT('',#22786,'mechanical');
#22782=PRODUCT_CONTEXT('',#22786,'mechanical');
#22783=PRODUCT_CONTEXT('',#22786,'mechanical');
#22784=PRODUCT_CONTEXT('',#22786,'mechanical');
#22785=APPLICATION_PROTOCOL_DEFINITION('international standard',
'automotive_design',2010,#22786);
#22786=APPLICATION_CONTEXT(
'core data for automotive mechanical design processes');
ENDSEC;
END-ISO-10303-21;
